Image,Time(in mins),Sample Name,Milk Type,Gamma Avg RGB
photo_3.jpg,2,Cow milk1,Fresh,"(167, 215, 239)"
photo_4.jpg,4,Cow milk1,Fresh,"(167, 216, 240)"
photo_5.jpg,6,Cow milk1,Fresh,"(167, 216, 240)"
photo_6.jpg,8,Cow milk1,Fresh,"(168, 216, 240)"
photo_7.jpg,10,Cow milk1,Fresh,"(168, 216, 239)"
photo_8.jpg,12,Cow milk1,Fresh,"(169, 216, 239)"
photo_9.jpg,14,Cow milk1,Fresh,"(169, 216, 238)"
photo_10.jpg,16,Cow milk1,Fresh,"(169, 216, 237)"
photo_11.jpg,18,Cow milk1,Fresh,"(170, 215, 237)"
photo_12.jpg,20,Cow milk1,Fresh,"(170, 215, 236)"
photo_13.jpg,22,Cow milk1,Fresh,"(170, 215, 236)"
photo_14.jpg,24,Cow milk1,Fresh,"(171, 215, 235)"
photo_15.jpg,26,Cow milk1,Fresh,"(171, 215, 235)"
photo_16.jpg,28,Cow milk1,Fresh,"(171, 215, 234)"
photo_17.jpg,30,Cow milk1,Fresh,"(171, 215, 234)"
photo_18.jpg,32,Cow milk1,Fresh,"(171, 215, 234)"
photo_19.jpg,34,Cow milk1,Fresh,"(171, 215, 233)"
photo_20.jpg,36,Cow milk1,Fresh,"(171, 215, 233)"
photo_21.jpg,38,Cow milk1,Fresh,"(172, 215, 233)"
photo_22.jpg,40,Cow milk1,Fresh,"(172, 215, 233)"
photo_23.jpg,42,Cow milk1,Fresh,"(172, 215, 232)"
photo_24.jpg,44,Cow milk1,Fresh,"(172, 215, 232)"
photo_25.jpg,46,Cow milk1,Fresh,"(172, 215, 231)"
photo_26.jpg,48,Cow milk1,Fresh,"(172, 214, 232)"
photo_27.jpg,50,Cow milk1,Fresh,"(173, 214, 232)"
photo_28.jpg,52,Cow milk1,Fresh,"(172, 214, 231)"
photo_29.jpg,54,Cow milk1,Fresh,"(172, 214, 231)"
photo_30.jpg,56,Cow milk1,Fresh,"(172, 214, 231)"
photo_31.jpg,58,Cow milk1,Fresh,"(173, 214, 231)"
photo_32.jpg,60,Cow milk1,Fresh,"(172, 214, 230)"
photo_33.jpg,62,Cow milk1,Fresh,"(173, 214, 230)"
photo_34.jpg,64,Cow milk1,Fresh,"(173, 214, 230)"
photo_35.jpg,66,Cow milk1,Fresh,"(173, 214, 230)"
photo_36.jpg,68,Cow milk1,Fresh,"(173, 214, 230)"
photo_37.jpg,70,Cow milk1,Fresh,"(173, 214, 230)"
photo_38.jpg,72,Cow milk1,Fresh,"(173, 214, 229)"
photo_39.jpg,74,Cow milk1,Fresh,"(173, 214, 230)"
photo_40.jpg,76,Cow milk1,Fresh,"(173, 214, 229)"
photo_41.jpg,78,Cow milk1,Fresh,"(173, 214, 229)"
photo_42.jpg,80,Cow milk1,Fresh,"(173, 214, 229)"
photo_43.jpg,82,Cow milk1,Fresh,"(173, 214, 229)"
photo_44.jpg,84,Cow milk1,Fresh,"(174, 214, 229)"
photo_45.jpg,86,Cow milk1,Fresh,"(173, 214, 229)"
photo_46.jpg,88,Cow milk1,Fresh,"(173, 214, 229)"
photo_47.jpg,90,Cow milk1,Fresh,"(173, 213, 229)"
photo_48.jpg,92,Cow milk1,Fresh,"(173, 214, 229)"
photo_49.jpg,94,Cow milk1,Fresh,"(173, 213, 229)"
photo_50.jpg,96,Cow milk1,Fresh,"(173, 213, 229)"
photo_51.jpg,98,Cow milk1,Fresh,"(173, 213, 229)"
photo_52.jpg,100,Cow milk1,Fresh,"(173, 213, 229)"
photo_53.jpg,102,Cow milk1,Fresh,"(174, 214, 229)"
photo_54.jpg,104,Cow milk1,Fresh,"(173, 214, 229)"
photo_55.jpg,106,Cow milk1,Fresh,"(174, 214, 229)"
photo_56.jpg,108,Cow milk1,Fresh,"(174, 214, 229)"
photo_57.jpg,110,Cow milk1,Fresh,"(173, 214, 229)"
photo_58.jpg,112,Cow milk1,Fresh,"(174, 214, 229)"
photo_59.jpg,114,Cow milk1,Fresh,"(173, 214, 229)"
photo_60.jpg,116,Cow milk1,Fresh,"(174, 213, 229)"
photo_61.jpg,118,Cow milk1,Fresh,"(174, 214, 229)"
photo_62.jpg,120,Cow milk1,Fresh,"(174, 213, 229)"
photo_63.jpg,122,Cow milk1,Fresh,"(174, 214, 229)"
photo_64.jpg,124,Cow milk1,Fresh,"(174, 213, 229)"
photo_65.jpg,126,Cow milk1,Fresh,"(174, 214, 229)"
photo_66.jpg,128,Cow milk1,Fresh,"(174, 213, 229)"
photo_67.jpg,130,Cow milk1,Fresh,"(174, 213, 229)"
photo_68.jpg,132,Cow milk1,Fresh,"(174, 214, 228)"
photo_69.jpg,134,Cow milk1,Fresh,"(174, 214, 228)"
photo_70.jpg,136,Cow milk1,Fresh,"(175, 213, 228)"
photo_71.jpg,138,Cow milk1,Fresh,"(174, 213, 228)"
photo_72.jpg,140,Cow milk1,Fresh,"(174, 214, 228)"
photo_73.jpg,142,Cow milk1,Fresh,"(174, 213, 228)"
photo_74.jpg,144,Cow milk1,Fresh,"(174, 214, 228)"
photo_75.jpg,146,Cow milk1,Fresh,"(174, 214, 228)"
photo_76.jpg,148,Cow milk1,Fresh,"(174, 213, 228)"
photo_77.jpg,150,Cow milk1,Fresh,"(174, 213, 228)"
photo_78.jpg,152,Cow milk1,Fresh,"(174, 214, 228)"
photo_79.jpg,154,Cow milk1,Fresh,"(175, 214, 228)"
photo_80.jpg,156,Cow milk1,Fresh,"(175, 214, 228)"
photo_81.jpg,158,Cow milk1,Fresh,"(175, 214, 228)"
photo_82.jpg,160,Cow milk1,Fresh,"(175, 214, 228)"
photo_83.jpg,162,Cow milk1,Fresh,"(175, 214, 228)"
photo_84.jpg,164,Cow milk1,Fresh,"(174, 214, 228)"
photo_85.jpg,166,Cow milk1,Fresh,"(174, 214, 228)"
photo_86.jpg,168,Cow milk1,Fresh,"(175, 214, 228)"
photo_87.jpg,170,Cow milk1,Fresh,"(175, 214, 228)"
photo_88.jpg,172,Cow milk1,Fresh,"(175, 214, 228)"
photo_89.jpg,174,Cow milk1,Fresh,"(175, 214, 228)"
photo_90.jpg,176,Cow milk1,Fresh,"(175, 214, 228)"
photo_91.jpg,178,Cow milk1,Fresh,"(175, 214, 228)"
photo_92.jpg,180,Cow milk1,Fresh,"(175, 214, 228)"
photo_93.jpg,182,Cow milk1,Fresh,"(176, 214, 227)"
photo_94.jpg,184,Cow milk1,Fresh,"(175, 214, 228)"
photo_95.jpg,186,Cow milk1,Fresh,"(175, 214, 228)"
photo_96.jpg,188,Cow milk1,Fresh,"(175, 214, 228)"
photo_97.jpg,190,Cow milk1,Fresh,"(176, 214, 228)"
photo_98.jpg,192,Cow milk1,Fresh,"(175, 214, 228)"
photo_99.jpg,194,Cow milk1,Fresh,"(176, 214, 228)"
photo_100.jpg,196,Cow milk1,Fresh,"(176, 214, 227)"
photo_101.jpg,198,Cow milk1,Fresh,"(176, 214, 228)"
photo_102.jpg,200,Cow milk1,Fresh,"(176, 214, 227)"
photo_103.jpg,202,Cow milk1,Fresh,"(176, 214, 228)"
photo_104.jpg,204,Cow milk1,Fresh,"(176, 214, 227)"
photo_105.jpg,206,Cow milk1,Fresh,"(176, 214, 227)"
photo_106.jpg,208,Cow milk1,Fresh,"(176, 214, 227)"
photo_107.jpg,210,Cow milk1,Fresh,"(176, 214, 227)"
photo_108.jpg,212,Cow milk1,Fresh,"(176, 214, 227)"
photo_109.jpg,214,Cow milk1,Fresh,"(176, 214, 227)"
photo_110.jpg,216,Cow milk1,Fresh,"(176, 214, 227)"
photo_111.jpg,218,Cow milk1,Fresh,"(176, 214, 227)"
photo_112.jpg,220,Cow milk1,Fresh,"(177, 214, 227)"
photo_113.jpg,222,Cow milk1,Fresh,"(177, 214, 227)"
photo_114.jpg,224,Cow milk1,Fresh,"(177, 214, 227)"
photo_115.jpg,226,Cow milk1,Fresh,"(177, 215, 227)"
photo_116.jpg,228,Cow milk1,Fresh,"(176, 215, 227)"
photo_117.jpg,230,Cow milk1,Fresh,"(177, 215, 227)"
photo_118.jpg,232,Cow milk1,Fresh,"(177, 215, 227)"
photo_119.jpg,234,Cow milk1,Fresh,"(177, 215, 227)"
photo_120.jpg,236,Cow milk1,Fresh,"(177, 215, 227)"
photo_121.jpg,238,Cow milk1,Fresh,"(177, 215, 227)"
photo_122.jpg,240,Cow milk1,Fresh,"(177, 215, 227)"
photo_123.jpg,242,Cow milk1,Fresh,"(178, 215, 227)"
photo_124.jpg,244,Cow milk1,Fresh,"(177, 215, 227)"
photo_125.jpg,246,Cow milk1,Fresh,"(178, 215, 227)"
photo_126.jpg,248,Cow milk1,Fresh,"(178, 215, 227)"
photo_127.jpg,250,Cow milk1,Fresh,"(178, 215, 227)"
photo_128.jpg,252,Cow milk1,Fresh,"(178, 215, 227)"
photo_129.jpg,254,Cow milk1,Fresh,"(178, 215, 227)"
photo_130.jpg,256,Cow milk1,Fresh,"(178, 216, 227)"
photo_131.jpg,258,Cow milk1,Fresh,"(178, 216, 227)"
photo_132.jpg,260,Cow milk1,Fresh,"(178, 216, 227)"
photo_133.jpg,262,Cow milk1,Fresh,"(178, 216, 227)"
photo_134.jpg,264,Cow milk1,Fresh,"(179, 216, 227)"
photo_135.jpg,266,Cow milk1,Fresh,"(179, 216, 227)"
photo_136.jpg,268,Cow milk1,Fresh,"(179, 216, 227)"
photo_137.jpg,270,Cow milk1,Fresh,"(180, 216, 227)"
photo_138.jpg,272,Cow milk1,Fresh,"(179, 216, 227)"
photo_139.jpg,274,Cow milk1,Fresh,"(180, 216, 227)"
photo_140.jpg,276,Cow milk1,Fresh,"(180, 217, 227)"
photo_141.jpg,278,Cow milk1,Fresh,"(180, 217, 227)"
photo_142.jpg,280,Cow milk1,Fresh,"(180, 217, 227)"
photo_143.jpg,282,Cow milk1,Fresh,"(181, 217, 227)"
photo_144.jpg,284,Cow milk1,Fresh,"(180, 217, 227)"
photo_145.jpg,286,Cow milk1,Fresh,"(181, 217, 227)"
photo_146.jpg,288,Cow milk1,Fresh,"(181, 217, 227)"
photo_147.jpg,290,Cow milk1,Fresh,"(181, 217, 227)"
photo_148.jpg,292,Cow milk1,Fresh,"(181, 217, 227)"
photo_149.jpg,294,Cow milk1,Fresh,"(181, 217, 227)"
photo_150.jpg,296,Cow milk1,Fresh,"(182, 217, 227)"
photo_151.jpg,298,Cow milk1,Fresh,"(182, 218, 227)"
photo_152.jpg,300,Cow milk1,Fresh,"(182, 218, 227)"
photo_153.jpg,302,Cow milk1,Fresh,"(182, 218, 227)"
photo_154.jpg,304,Cow milk1,Fresh,"(182, 218, 227)"
photo_155.jpg,306,Cow milk1,Fresh,"(183, 218, 227)"
photo_156.jpg,308,Cow milk1,Fresh,"(183, 218, 227)"
photo_157.jpg,310,Cow milk1,Fresh,"(183, 218, 227)"
photo_158.jpg,312,Cow milk1,Fresh,"(183, 219, 227)"
photo_159.jpg,314,Cow milk1,Fresh,"(183, 219, 227)"
photo_160.jpg,316,Cow milk1,Fresh,"(183, 219, 227)"
photo_161.jpg,318,Cow milk1,Fresh,"(183, 219, 227)"
photo_162.jpg,320,Cow milk1,Fresh,"(183, 219, 227)"
photo_163.jpg,322,Cow milk1,Fresh,"(184, 219, 227)"
photo_164.jpg,324,Cow milk1,Fresh,"(184, 220, 227)"
photo_165.jpg,326,Cow milk1,Fresh,"(184, 220, 227)"
photo_166.jpg,328,Cow milk1,Fresh,"(185, 220, 227)"
photo_167.jpg,330,Cow milk1,Fresh,"(184, 220, 226)"
photo_168.jpg,332,Cow milk1,Fresh,"(186, 220, 226)"
photo_169.jpg,334,Cow milk1,Fresh,"(186, 220, 227)"
photo_170.jpg,336,Cow milk1,Fresh,"(185, 221, 227)"
photo_171.jpg,338,Cow milk1,Fresh,"(186, 221, 226)"
photo_172.jpg,340,Cow milk1,Fresh,"(187, 221, 227)"
photo_173.jpg,342,Cow milk1,Fresh,"(186, 222, 226)"
photo_174.jpg,344,Cow milk1,Fresh,"(187, 222, 226)"
photo_175.jpg,346,Cow milk1,Fresh,"(187, 222, 227)"
photo_176.jpg,348,Cow milk1,Fresh,"(188, 222, 226)"
photo_177.jpg,350,Cow milk1,Fresh,"(188, 222, 227)"
photo_178.jpg,352,Cow milk1,Fresh,"(188, 223, 226)"
photo_179.jpg,354,Cow milk1,Fresh,"(188, 223, 227)"
photo_180.jpg,356,Cow milk1,Fresh,"(189, 223, 226)"
photo_181.jpg,358,Cow milk1,Fresh,"(189, 223, 226)"
photo_182.jpg,360,Cow milk1,Fresh,"(190, 223, 226)"
photo_183.jpg,362,Cow milk1,Fresh,"(190, 224, 226)"
photo_184.jpg,364,Cow milk1,Fresh,"(190, 224, 226)"
photo_185.jpg,366,Cow milk1,Fresh,"(190, 224, 226)"
photo_186.jpg,368,Cow milk1,Fresh,"(191, 225, 226)"
photo_187.jpg,370,Cow milk1,Fresh,"(191, 225, 226)"
photo_188.jpg,372,Cow milk1,Fresh,"(191, 225, 226)"
photo_189.jpg,374,Cow milk1,Fresh,"(192, 225, 226)"
photo_190.jpg,376,Cow milk1,Fresh,"(192, 225, 226)"
photo_191.jpg,378,Cow milk1,Fresh,"(193, 226, 226)"
photo_192.jpg,380,Cow milk1,Fresh,"(193, 226, 226)"
photo_193.jpg,382,Cow milk1,Fresh,"(193, 226, 226)"
photo_194.jpg,384,Cow milk1,Fresh,"(194, 227, 226)"
photo_195.jpg,386,Cow milk1,Fresh,"(194, 227, 226)"
photo_196.jpg,388,Cow milk1,Fresh,"(194, 227, 226)"
photo_197.jpg,390,Cow milk1,Fresh,"(195, 227, 226)"
photo_198.jpg,392,Cow milk1,Fresh,"(196, 228, 226)"
photo_199.jpg,394,Cow milk1,Fresh,"(196, 228, 226)"
photo_200.jpg,396,Cow milk1,Fresh,"(196, 228, 226)"
photo_201.jpg,398,Cow milk1,Fresh,"(197, 228, 225)"
photo_202.jpg,400,Cow milk1,Fresh,"(197, 228, 226)"
photo_203.jpg,402,Cow milk1,Fresh,"(197, 229, 225)"
photo_204.jpg,404,Cow milk1,Fresh,"(198, 229, 226)"
photo_205.jpg,406,Cow milk1,Fresh,"(198, 229, 225)"
photo_206.jpg,408,Cow milk1,Fresh,"(198, 229, 225)"
photo_207.jpg,410,Cow milk1,Fresh,"(199, 230, 225)"
photo_208.jpg,412,Cow milk1,Fresh,"(200, 230, 225)"
photo_209.jpg,414,Cow milk1,Fresh,"(200, 230, 225)"
photo_210.jpg,416,Cow milk1,Fresh,"(201, 231, 225)"
photo_211.jpg,418,Cow milk1,Fresh,"(201, 231, 225)"
photo_212.jpg,420,Cow milk1,Fresh,"(202, 231, 225)"
photo_213.jpg,422,Cow milk1,Fresh,"(203, 231, 225)"
photo_214.jpg,424,Cow milk1,Fresh,"(203, 232, 225)"
photo_215.jpg,426,Cow milk1,Fresh,"(204, 232, 225)"
photo_216.jpg,428,Cow milk1,Fresh,"(204, 232, 225)"
photo_217.jpg,430,Cow milk1,Fresh,"(204, 232, 225)"
photo_218.jpg,432,Cow milk1,Fresh,"(206, 233, 225)"
photo_219.jpg,434,Cow milk1,Fresh,"(206, 233, 224)"
photo_220.jpg,436,Cow milk1,Fresh,"(207, 233, 224)"
photo_221.jpg,438,Cow milk1,Fresh,"(207, 233, 225)"
photo_222.jpg,440,Cow milk1,Fresh,"(208, 233, 224)"
photo_223.jpg,442,Cow milk1,Fresh,"(209, 233, 224)"
photo_224.jpg,444,Cow milk1,Fresh,"(209, 234, 224)"
photo_225.jpg,446,Cow milk1,Fresh,"(210, 234, 224)"
photo_226.jpg,448,Cow milk1,Fresh,"(211, 234, 224)"
photo_227.jpg,450,Cow milk1,Fresh,"(211, 234, 224)"
photo_228.jpg,452,Cow milk1,Fresh,"(212, 234, 224)"
photo_229.jpg,454,Cow milk1,Fresh,"(213, 235, 224)"
photo_230.jpg,456,Cow milk1,Fresh,"(213, 235, 224)"
photo_231.jpg,458,Cow milk1,Fresh,"(214, 235, 223)"
photo_232.jpg,460,Cow milk1,Fresh,"(215, 235, 223)"
photo_233.jpg,462,Cow milk1,Fresh,"(210, 230, 221)"
photo_234.jpg,464,Cow milk1,Fresh,"(210, 230, 222)"
photo_235.jpg,466,Cow milk1,Fresh,"(210, 230, 222)"
photo_236.jpg,468,Cow milk1,Fresh,"(210, 230, 222)"
photo_237.jpg,470,Cow milk1,Fresh,"(211, 230, 222)"
photo_238.jpg,472,Cow milk1,Fresh,"(211, 230, 222)"
photo_239.jpg,474,Cow milk1,Fresh,"(212, 230, 222)"
photo_240.jpg,476,Cow milk1,Fresh,"(212, 230, 222)"
photo_241.jpg,478,Cow milk1,Fresh,"(212, 230, 222)"
photo_242.jpg,480,Cow milk1,Fresh,"(213, 230, 222)"
photo_3.jpg,2,Cow milk2,Fresh,"(161, 210, 241)"
photo_4.jpg,4,Cow milk2,Fresh,"(159, 208, 238)"
photo_5.jpg,6,Cow milk2,Fresh,"(159, 209, 240)"
photo_6.jpg,8,Cow milk2,Fresh,"(160, 210, 241)"
photo_7.jpg,10,Cow milk2,Fresh,"(161, 210, 242)"
photo_8.jpg,12,Cow milk2,Fresh,"(161, 210, 242)"
photo_9.jpg,14,Cow milk2,Fresh,"(160, 210, 242)"
photo_10.jpg,16,Cow milk2,Fresh,"(161, 210, 242)"
photo_11.jpg,18,Cow milk2,Fresh,"(161, 210, 242)"
photo_12.jpg,20,Cow milk2,Fresh,"(161, 210, 242)"
photo_13.jpg,22,Cow milk2,Fresh,"(161, 210, 242)"
photo_14.jpg,24,Cow milk2,Fresh,"(161, 210, 242)"
photo_15.jpg,26,Cow milk2,Fresh,"(162, 210, 242)"
photo_16.jpg,28,Cow milk2,Fresh,"(161, 210, 242)"
photo_17.jpg,30,Cow milk2,Fresh,"(162, 210, 242)"
photo_18.jpg,32,Cow milk2,Fresh,"(161, 210, 242)"
photo_19.jpg,34,Cow milk2,Fresh,"(161, 210, 242)"
photo_20.jpg,36,Cow milk2,Fresh,"(161, 210, 242)"
photo_21.jpg,38,Cow milk2,Fresh,"(162, 210, 242)"
photo_22.jpg,40,Cow milk2,Fresh,"(162, 210, 242)"
photo_23.jpg,42,Cow milk2,Fresh,"(162, 210, 242)"
photo_24.jpg,44,Cow milk2,Fresh,"(161, 210, 242)"
photo_25.jpg,46,Cow milk2,Fresh,"(162, 210, 241)"
photo_26.jpg,48,Cow milk2,Fresh,"(162, 210, 241)"
photo_27.jpg,50,Cow milk2,Fresh,"(162, 210, 241)"
photo_28.jpg,52,Cow milk2,Fresh,"(162, 210, 241)"
photo_29.jpg,54,Cow milk2,Fresh,"(162, 210, 241)"
photo_30.jpg,56,Cow milk2,Fresh,"(162, 210, 241)"
photo_31.jpg,58,Cow milk2,Fresh,"(162, 210, 241)"
photo_32.jpg,60,Cow milk2,Fresh,"(162, 210, 241)"
photo_33.jpg,62,Cow milk2,Fresh,"(163, 210, 241)"
photo_34.jpg,64,Cow milk2,Fresh,"(162, 210, 241)"
photo_35.jpg,66,Cow milk2,Fresh,"(162, 210, 241)"
photo_36.jpg,68,Cow milk2,Fresh,"(162, 210, 241)"
photo_37.jpg,70,Cow milk2,Fresh,"(163, 210, 241)"
photo_38.jpg,72,Cow milk2,Fresh,"(163, 210, 241)"
photo_39.jpg,74,Cow milk2,Fresh,"(163, 210, 240)"
photo_40.jpg,76,Cow milk2,Fresh,"(163, 210, 240)"
photo_41.jpg,78,Cow milk2,Fresh,"(163, 210, 240)"
photo_42.jpg,80,Cow milk2,Fresh,"(163, 210, 240)"
photo_43.jpg,82,Cow milk2,Fresh,"(163, 210, 240)"
photo_44.jpg,84,Cow milk2,Fresh,"(163, 210, 240)"
photo_45.jpg,86,Cow milk2,Fresh,"(163, 210, 240)"
photo_46.jpg,88,Cow milk2,Fresh,"(164, 210, 240)"
photo_47.jpg,90,Cow milk2,Fresh,"(164, 210, 240)"
photo_48.jpg,92,Cow milk2,Fresh,"(164, 210, 240)"
photo_49.jpg,94,Cow milk2,Fresh,"(164, 210, 240)"
photo_50.jpg,96,Cow milk2,Fresh,"(163, 210, 240)"
photo_51.jpg,98,Cow milk2,Fresh,"(164, 210, 239)"
photo_52.jpg,100,Cow milk2,Fresh,"(163, 210, 240)"
photo_53.jpg,102,Cow milk2,Fresh,"(164, 210, 240)"
photo_54.jpg,104,Cow milk2,Fresh,"(164, 210, 240)"
photo_55.jpg,106,Cow milk2,Fresh,"(164, 210, 240)"
photo_56.jpg,108,Cow milk2,Fresh,"(164, 210, 240)"
photo_57.jpg,110,Cow milk2,Fresh,"(164, 210, 240)"
photo_58.jpg,112,Cow milk2,Fresh,"(163, 210, 240)"
photo_59.jpg,114,Cow milk2,Fresh,"(164, 210, 240)"
photo_60.jpg,116,Cow milk2,Fresh,"(164, 210, 240)"
photo_61.jpg,118,Cow milk2,Fresh,"(164, 210, 240)"
photo_62.jpg,120,Cow milk2,Fresh,"(164, 210, 239)"
photo_63.jpg,122,Cow milk2,Fresh,"(164, 210, 240)"
photo_64.jpg,124,Cow milk2,Fresh,"(165, 210, 239)"
photo_65.jpg,126,Cow milk2,Fresh,"(164, 210, 239)"
photo_66.jpg,128,Cow milk2,Fresh,"(164, 210, 239)"
photo_67.jpg,130,Cow milk2,Fresh,"(165, 210, 239)"
photo_68.jpg,132,Cow milk2,Fresh,"(164, 210, 239)"
photo_69.jpg,134,Cow milk2,Fresh,"(164, 210, 239)"
photo_70.jpg,136,Cow milk2,Fresh,"(164, 210, 239)"
photo_71.jpg,138,Cow milk2,Fresh,"(165, 210, 239)"
photo_72.jpg,140,Cow milk2,Fresh,"(164, 210, 239)"
photo_73.jpg,142,Cow milk2,Fresh,"(165, 209, 239)"
photo_74.jpg,144,Cow milk2,Fresh,"(164, 210, 239)"
photo_75.jpg,146,Cow milk2,Fresh,"(165, 210, 239)"
photo_76.jpg,148,Cow milk2,Fresh,"(164, 210, 239)"
photo_77.jpg,150,Cow milk2,Fresh,"(164, 210, 239)"
photo_78.jpg,152,Cow milk2,Fresh,"(165, 210, 239)"
photo_79.jpg,154,Cow milk2,Fresh,"(164, 210, 239)"
photo_80.jpg,156,Cow milk2,Fresh,"(164, 210, 239)"
photo_81.jpg,158,Cow milk2,Fresh,"(165, 210, 239)"
photo_82.jpg,160,Cow milk2,Fresh,"(164, 210, 239)"
photo_83.jpg,162,Cow milk2,Fresh,"(165, 209, 239)"
photo_84.jpg,164,Cow milk2,Fresh,"(164, 210, 239)"
photo_85.jpg,166,Cow milk2,Fresh,"(165, 209, 239)"
photo_86.jpg,168,Cow milk2,Fresh,"(165, 209, 238)"
photo_87.jpg,170,Cow milk2,Fresh,"(164, 210, 239)"
photo_88.jpg,172,Cow milk2,Fresh,"(165, 210, 238)"
photo_89.jpg,174,Cow milk2,Fresh,"(165, 210, 238)"
photo_90.jpg,176,Cow milk2,Fresh,"(165, 209, 238)"
photo_91.jpg,178,Cow milk2,Fresh,"(165, 209, 239)"
photo_92.jpg,180,Cow milk2,Fresh,"(165, 209, 238)"
photo_93.jpg,182,Cow milk2,Fresh,"(165, 209, 238)"
photo_94.jpg,184,Cow milk2,Fresh,"(165, 209, 238)"
photo_95.jpg,186,Cow milk2,Fresh,"(165, 209, 238)"
photo_96.jpg,188,Cow milk2,Fresh,"(165, 209, 238)"
photo_97.jpg,190,Cow milk2,Fresh,"(166, 209, 238)"
photo_98.jpg,192,Cow milk2,Fresh,"(165, 209, 238)"
photo_99.jpg,194,Cow milk2,Fresh,"(166, 209, 238)"
photo_100.jpg,196,Cow milk2,Fresh,"(165, 210, 238)"
photo_101.jpg,198,Cow milk2,Fresh,"(165, 209, 238)"
photo_102.jpg,200,Cow milk2,Fresh,"(165, 210, 238)"
photo_103.jpg,202,Cow milk2,Fresh,"(166, 209, 238)"
photo_104.jpg,204,Cow milk2,Fresh,"(166, 209, 238)"
photo_105.jpg,206,Cow milk2,Fresh,"(165, 209, 238)"
photo_106.jpg,208,Cow milk2,Fresh,"(165, 209, 238)"
photo_107.jpg,210,Cow milk2,Fresh,"(165, 209, 238)"
photo_108.jpg,212,Cow milk2,Fresh,"(166, 209, 238)"
photo_109.jpg,214,Cow milk2,Fresh,"(165, 209, 238)"
photo_110.jpg,216,Cow milk2,Fresh,"(166, 209, 238)"
photo_111.jpg,218,Cow milk2,Fresh,"(166, 209, 238)"
photo_112.jpg,220,Cow milk2,Fresh,"(166, 209, 238)"
photo_113.jpg,222,Cow milk2,Fresh,"(165, 210, 238)"
photo_114.jpg,224,Cow milk2,Fresh,"(166, 210, 238)"
photo_115.jpg,226,Cow milk2,Fresh,"(166, 210, 238)"
photo_116.jpg,228,Cow milk2,Fresh,"(166, 210, 238)"
photo_117.jpg,230,Cow milk2,Fresh,"(166, 209, 238)"
photo_118.jpg,232,Cow milk2,Fresh,"(166, 210, 238)"
photo_119.jpg,234,Cow milk2,Fresh,"(165, 209, 238)"
photo_120.jpg,236,Cow milk2,Fresh,"(166, 210, 238)"
photo_121.jpg,238,Cow milk2,Fresh,"(166, 210, 237)"
photo_122.jpg,240,Cow milk2,Fresh,"(166, 210, 238)"
photo_123.jpg,242,Cow milk2,Fresh,"(166, 210, 238)"
photo_124.jpg,244,Cow milk2,Fresh,"(166, 210, 238)"
photo_125.jpg,246,Cow milk2,Fresh,"(166, 210, 238)"
photo_126.jpg,248,Cow milk2,Fresh,"(167, 210, 238)"
photo_127.jpg,250,Cow milk2,Fresh,"(167, 210, 238)"
photo_128.jpg,252,Cow milk2,Fresh,"(167, 210, 238)"
photo_129.jpg,254,Cow milk2,Fresh,"(166, 210, 238)"
photo_130.jpg,256,Cow milk2,Fresh,"(166, 210, 238)"
photo_131.jpg,258,Cow milk2,Fresh,"(167, 210, 238)"
photo_132.jpg,260,Cow milk2,Fresh,"(167, 210, 238)"
photo_133.jpg,262,Cow milk2,Fresh,"(167, 210, 238)"
photo_134.jpg,264,Cow milk2,Fresh,"(167, 210, 238)"
photo_135.jpg,266,Cow milk2,Fresh,"(168, 210, 238)"
photo_136.jpg,268,Cow milk2,Fresh,"(167, 210, 238)"
photo_137.jpg,270,Cow milk2,Fresh,"(168, 210, 238)"
photo_138.jpg,272,Cow milk2,Fresh,"(167, 211, 238)"
photo_139.jpg,274,Cow milk2,Fresh,"(168, 211, 238)"
photo_140.jpg,276,Cow milk2,Fresh,"(168, 211, 238)"
photo_141.jpg,278,Cow milk2,Fresh,"(168, 211, 238)"
photo_142.jpg,280,Cow milk2,Fresh,"(169, 211, 238)"
photo_143.jpg,282,Cow milk2,Fresh,"(169, 211, 238)"
photo_144.jpg,284,Cow milk2,Fresh,"(169, 211, 238)"
photo_145.jpg,286,Cow milk2,Fresh,"(169, 212, 238)"
photo_146.jpg,288,Cow milk2,Fresh,"(169, 211, 238)"
photo_147.jpg,290,Cow milk2,Fresh,"(170, 211, 238)"
photo_148.jpg,292,Cow milk2,Fresh,"(169, 212, 238)"
photo_149.jpg,294,Cow milk2,Fresh,"(169, 212, 238)"
photo_150.jpg,296,Cow milk2,Fresh,"(170, 212, 238)"
photo_151.jpg,298,Cow milk2,Fresh,"(170, 212, 238)"
photo_152.jpg,300,Cow milk2,Fresh,"(170, 212, 238)"
photo_153.jpg,302,Cow milk2,Fresh,"(170, 212, 238)"
photo_154.jpg,304,Cow milk2,Fresh,"(170, 212, 238)"
photo_155.jpg,306,Cow milk2,Fresh,"(170, 212, 238)"
photo_156.jpg,308,Cow milk2,Fresh,"(170, 213, 238)"
photo_157.jpg,310,Cow milk2,Fresh,"(171, 213, 238)"
photo_158.jpg,312,Cow milk2,Fresh,"(171, 213, 238)"
photo_159.jpg,314,Cow milk2,Fresh,"(171, 213, 238)"
photo_160.jpg,316,Cow milk2,Fresh,"(171, 213, 238)"
photo_161.jpg,318,Cow milk2,Fresh,"(171, 213, 238)"
photo_162.jpg,320,Cow milk2,Fresh,"(172, 213, 238)"
photo_163.jpg,322,Cow milk2,Fresh,"(172, 213, 238)"
photo_164.jpg,324,Cow milk2,Fresh,"(172, 214, 238)"
photo_165.jpg,326,Cow milk2,Fresh,"(173, 214, 238)"
photo_166.jpg,328,Cow milk2,Fresh,"(172, 214, 238)"
photo_167.jpg,330,Cow milk2,Fresh,"(172, 214, 238)"
photo_168.jpg,332,Cow milk2,Fresh,"(173, 214, 238)"
photo_169.jpg,334,Cow milk2,Fresh,"(173, 214, 238)"
photo_170.jpg,336,Cow milk2,Fresh,"(173, 215, 238)"
photo_171.jpg,338,Cow milk2,Fresh,"(173, 215, 238)"
photo_172.jpg,340,Cow milk2,Fresh,"(173, 215, 238)"
photo_173.jpg,342,Cow milk2,Fresh,"(174, 215, 238)"
photo_174.jpg,344,Cow milk2,Fresh,"(174, 215, 238)"
photo_175.jpg,346,Cow milk2,Fresh,"(174, 215, 238)"
photo_176.jpg,348,Cow milk2,Fresh,"(175, 215, 238)"
photo_177.jpg,350,Cow milk2,Fresh,"(175, 216, 238)"
photo_178.jpg,352,Cow milk2,Fresh,"(175, 216, 238)"
photo_179.jpg,354,Cow milk2,Fresh,"(175, 216, 238)"
photo_180.jpg,356,Cow milk2,Fresh,"(175, 216, 238)"
photo_181.jpg,358,Cow milk2,Fresh,"(176, 216, 238)"
photo_182.jpg,360,Cow milk2,Fresh,"(176, 217, 238)"
photo_183.jpg,362,Cow milk2,Fresh,"(176, 217, 238)"
photo_184.jpg,364,Cow milk2,Fresh,"(177, 217, 238)"
photo_185.jpg,366,Cow milk2,Fresh,"(177, 217, 238)"
photo_186.jpg,368,Cow milk2,Fresh,"(177, 218, 238)"
photo_187.jpg,370,Cow milk2,Fresh,"(177, 218, 238)"
photo_188.jpg,372,Cow milk2,Fresh,"(177, 218, 238)"
photo_189.jpg,374,Cow milk2,Fresh,"(178, 218, 238)"
photo_190.jpg,376,Cow milk2,Fresh,"(178, 218, 238)"
photo_191.jpg,378,Cow milk2,Fresh,"(178, 219, 238)"
photo_192.jpg,380,Cow milk2,Fresh,"(179, 219, 238)"
photo_193.jpg,382,Cow milk2,Fresh,"(179, 219, 238)"
photo_194.jpg,384,Cow milk2,Fresh,"(180, 220, 238)"
photo_195.jpg,386,Cow milk2,Fresh,"(180, 220, 238)"
photo_196.jpg,388,Cow milk2,Fresh,"(180, 220, 238)"
photo_197.jpg,390,Cow milk2,Fresh,"(180, 221, 238)"
photo_198.jpg,392,Cow milk2,Fresh,"(181, 221, 238)"
photo_199.jpg,394,Cow milk2,Fresh,"(181, 221, 238)"
photo_200.jpg,396,Cow milk2,Fresh,"(181, 222, 238)"
photo_201.jpg,398,Cow milk2,Fresh,"(182, 222, 238)"
photo_202.jpg,400,Cow milk2,Fresh,"(182, 222, 238)"
photo_203.jpg,402,Cow milk2,Fresh,"(183, 222, 238)"
photo_204.jpg,404,Cow milk2,Fresh,"(183, 223, 238)"
photo_205.jpg,406,Cow milk2,Fresh,"(183, 223, 238)"
photo_206.jpg,408,Cow milk2,Fresh,"(184, 223, 238)"
photo_207.jpg,410,Cow milk2,Fresh,"(185, 223, 238)"
photo_208.jpg,412,Cow milk2,Fresh,"(185, 224, 238)"
photo_209.jpg,414,Cow milk2,Fresh,"(185, 224, 238)"
photo_210.jpg,416,Cow milk2,Fresh,"(185, 225, 238)"
photo_211.jpg,418,Cow milk2,Fresh,"(186, 225, 238)"
photo_212.jpg,420,Cow milk2,Fresh,"(187, 225, 238)"
photo_213.jpg,422,Cow milk2,Fresh,"(187, 225, 238)"
photo_214.jpg,424,Cow milk2,Fresh,"(187, 226, 238)"
photo_215.jpg,426,Cow milk2,Fresh,"(188, 226, 238)"
photo_216.jpg,428,Cow milk2,Fresh,"(188, 226, 238)"
photo_217.jpg,430,Cow milk2,Fresh,"(189, 227, 238)"
photo_218.jpg,432,Cow milk2,Fresh,"(189, 227, 238)"
photo_219.jpg,434,Cow milk2,Fresh,"(190, 227, 238)"
photo_220.jpg,436,Cow milk2,Fresh,"(190, 227, 238)"
photo_221.jpg,438,Cow milk2,Fresh,"(190, 228, 238)"
photo_222.jpg,440,Cow milk2,Fresh,"(191, 228, 238)"
photo_223.jpg,442,Cow milk2,Fresh,"(192, 229, 238)"
photo_224.jpg,444,Cow milk2,Fresh,"(192, 229, 238)"
photo_225.jpg,446,Cow milk2,Fresh,"(193, 229, 238)"
photo_226.jpg,448,Cow milk2,Fresh,"(193, 230, 238)"
photo_227.jpg,450,Cow milk2,Fresh,"(194, 230, 238)"
photo_228.jpg,452,Cow milk2,Fresh,"(195, 230, 238)"
photo_229.jpg,454,Cow milk2,Fresh,"(195, 231, 238)"
photo_230.jpg,456,Cow milk2,Fresh,"(195, 231, 238)"
photo_231.jpg,458,Cow milk2,Fresh,"(196, 231, 238)"
photo_232.jpg,460,Cow milk2,Fresh,"(197, 232, 238)"
photo_233.jpg,462,Cow milk2,Fresh,"(195, 230, 236)"
photo_234.jpg,464,Cow milk2,Fresh,"(195, 230, 237)"
photo_235.jpg,466,Cow milk2,Fresh,"(195, 230, 237)"
photo_236.jpg,468,Cow milk2,Fresh,"(196, 230, 237)"
photo_237.jpg,470,Cow milk2,Fresh,"(196, 230, 237)"
photo_238.jpg,472,Cow milk2,Fresh,"(196, 231, 237)"
photo_239.jpg,474,Cow milk2,Fresh,"(196, 231, 237)"
photo_240.jpg,476,Cow milk2,Fresh,"(197, 231, 237)"
photo_241.jpg,478,Cow milk2,Fresh,"(198, 231, 237)"
photo_242.jpg,480,Cow milk2,Fresh,"(198, 232, 237)"
photo_3.jpg,2,Cow milk3,Fresh,"(157, 210, 238)"
photo_4.jpg,4,Cow milk3,Fresh,"(156, 208, 237)"
photo_5.jpg,6,Cow milk3,Fresh,"(156, 208, 237)"
photo_6.jpg,8,Cow milk3,Fresh,"(155, 208, 236)"
photo_7.jpg,10,Cow milk3,Fresh,"(155, 208, 236)"
photo_8.jpg,12,Cow milk3,Fresh,"(155, 208, 236)"
photo_9.jpg,14,Cow milk3,Fresh,"(155, 208, 236)"
photo_10.jpg,16,Cow milk3,Fresh,"(155, 208, 236)"
photo_11.jpg,18,Cow milk3,Fresh,"(156, 208, 236)"
photo_12.jpg,20,Cow milk3,Fresh,"(156, 208, 236)"
photo_13.jpg,22,Cow milk3,Fresh,"(155, 208, 236)"
photo_14.jpg,24,Cow milk3,Fresh,"(156, 209, 236)"
photo_15.jpg,26,Cow milk3,Fresh,"(156, 209, 236)"
photo_16.jpg,28,Cow milk3,Fresh,"(156, 209, 236)"
photo_17.jpg,30,Cow milk3,Fresh,"(157, 208, 236)"
photo_18.jpg,32,Cow milk3,Fresh,"(157, 209, 236)"
photo_19.jpg,34,Cow milk3,Fresh,"(157, 209, 236)"
photo_20.jpg,36,Cow milk3,Fresh,"(157, 209, 236)"
photo_21.jpg,38,Cow milk3,Fresh,"(157, 209, 236)"
photo_22.jpg,40,Cow milk3,Fresh,"(157, 209, 236)"
photo_23.jpg,42,Cow milk3,Fresh,"(157, 209, 235)"
photo_24.jpg,44,Cow milk3,Fresh,"(158, 209, 236)"
photo_25.jpg,46,Cow milk3,Fresh,"(158, 209, 235)"
photo_26.jpg,48,Cow milk3,Fresh,"(157, 209, 236)"
photo_27.jpg,50,Cow milk3,Fresh,"(158, 209, 235)"
photo_28.jpg,52,Cow milk3,Fresh,"(158, 209, 235)"
photo_29.jpg,54,Cow milk3,Fresh,"(158, 209, 235)"
photo_30.jpg,56,Cow milk3,Fresh,"(159, 209, 235)"
photo_31.jpg,58,Cow milk3,Fresh,"(158, 209, 235)"
photo_32.jpg,60,Cow milk3,Fresh,"(159, 209, 235)"
photo_33.jpg,62,Cow milk3,Fresh,"(160, 209, 235)"
photo_34.jpg,64,Cow milk3,Fresh,"(159, 209, 235)"
photo_35.jpg,66,Cow milk3,Fresh,"(160, 209, 234)"
photo_36.jpg,68,Cow milk3,Fresh,"(159, 209, 235)"
photo_37.jpg,70,Cow milk3,Fresh,"(159, 209, 234)"
photo_38.jpg,72,Cow milk3,Fresh,"(160, 209, 234)"
photo_39.jpg,74,Cow milk3,Fresh,"(160, 209, 235)"
photo_40.jpg,76,Cow milk3,Fresh,"(159, 209, 234)"
photo_41.jpg,78,Cow milk3,Fresh,"(160, 209, 234)"
photo_42.jpg,80,Cow milk3,Fresh,"(160, 209, 234)"
photo_43.jpg,82,Cow milk3,Fresh,"(161, 209, 234)"
photo_44.jpg,84,Cow milk3,Fresh,"(160, 209, 234)"
photo_45.jpg,86,Cow milk3,Fresh,"(160, 209, 234)"
photo_46.jpg,88,Cow milk3,Fresh,"(160, 209, 234)"
photo_47.jpg,90,Cow milk3,Fresh,"(160, 209, 234)"
photo_48.jpg,92,Cow milk3,Fresh,"(161, 209, 234)"
photo_49.jpg,94,Cow milk3,Fresh,"(161, 209, 234)"
photo_50.jpg,96,Cow milk3,Fresh,"(161, 209, 234)"
photo_51.jpg,98,Cow milk3,Fresh,"(161, 209, 234)"
photo_52.jpg,100,Cow milk3,Fresh,"(161, 209, 233)"
photo_53.jpg,102,Cow milk3,Fresh,"(161, 210, 234)"
photo_54.jpg,104,Cow milk3,Fresh,"(161, 209, 234)"
photo_55.jpg,106,Cow milk3,Fresh,"(161, 210, 234)"
photo_56.jpg,108,Cow milk3,Fresh,"(161, 210, 234)"
photo_57.jpg,110,Cow milk3,Fresh,"(161, 210, 234)"
photo_58.jpg,112,Cow milk3,Fresh,"(161, 210, 234)"
photo_59.jpg,114,Cow milk3,Fresh,"(161, 210, 234)"
photo_60.jpg,116,Cow milk3,Fresh,"(161, 210, 234)"
photo_61.jpg,118,Cow milk3,Fresh,"(162, 210, 234)"
photo_62.jpg,120,Cow milk3,Fresh,"(162, 210, 234)"
photo_63.jpg,122,Cow milk3,Fresh,"(162, 210, 234)"
photo_64.jpg,124,Cow milk3,Fresh,"(162, 210, 234)"
photo_65.jpg,126,Cow milk3,Fresh,"(161, 210, 234)"
photo_66.jpg,128,Cow milk3,Fresh,"(162, 210, 234)"
photo_67.jpg,130,Cow milk3,Fresh,"(161, 210, 234)"
photo_68.jpg,132,Cow milk3,Fresh,"(161, 210, 234)"
photo_69.jpg,134,Cow milk3,Fresh,"(162, 209, 234)"
photo_70.jpg,136,Cow milk3,Fresh,"(162, 210, 234)"
photo_71.jpg,138,Cow milk3,Fresh,"(162, 210, 234)"
photo_72.jpg,140,Cow milk3,Fresh,"(162, 210, 234)"
photo_73.jpg,142,Cow milk3,Fresh,"(162, 210, 234)"
photo_74.jpg,144,Cow milk3,Fresh,"(162, 210, 234)"
photo_75.jpg,146,Cow milk3,Fresh,"(162, 210, 234)"
photo_76.jpg,148,Cow milk3,Fresh,"(162, 210, 234)"
photo_77.jpg,150,Cow milk3,Fresh,"(162, 210, 234)"
photo_78.jpg,152,Cow milk3,Fresh,"(163, 210, 234)"
photo_79.jpg,154,Cow milk3,Fresh,"(162, 210, 234)"
photo_80.jpg,156,Cow milk3,Fresh,"(163, 209, 234)"
photo_81.jpg,158,Cow milk3,Fresh,"(163, 210, 234)"
photo_82.jpg,160,Cow milk3,Fresh,"(162, 210, 233)"
photo_83.jpg,162,Cow milk3,Fresh,"(162, 210, 233)"
photo_84.jpg,164,Cow milk3,Fresh,"(162, 210, 233)"
photo_85.jpg,166,Cow milk3,Fresh,"(163, 209, 233)"
photo_86.jpg,168,Cow milk3,Fresh,"(162, 210, 233)"
photo_87.jpg,170,Cow milk3,Fresh,"(163, 210, 233)"
photo_88.jpg,172,Cow milk3,Fresh,"(163, 210, 233)"
photo_89.jpg,174,Cow milk3,Fresh,"(163, 210, 233)"
photo_90.jpg,176,Cow milk3,Fresh,"(163, 210, 233)"
photo_91.jpg,178,Cow milk3,Fresh,"(163, 210, 233)"
photo_92.jpg,180,Cow milk3,Fresh,"(163, 210, 233)"
photo_93.jpg,182,Cow milk3,Fresh,"(163, 210, 233)"
photo_94.jpg,184,Cow milk3,Fresh,"(163, 210, 233)"
photo_95.jpg,186,Cow milk3,Fresh,"(162, 210, 233)"
photo_96.jpg,188,Cow milk3,Fresh,"(163, 210, 233)"
photo_97.jpg,190,Cow milk3,Fresh,"(163, 210, 233)"
photo_98.jpg,192,Cow milk3,Fresh,"(163, 210, 233)"
photo_99.jpg,194,Cow milk3,Fresh,"(163, 210, 233)"
photo_100.jpg,196,Cow milk3,Fresh,"(164, 209, 233)"
photo_101.jpg,198,Cow milk3,Fresh,"(163, 210, 233)"
photo_102.jpg,200,Cow milk3,Fresh,"(163, 210, 233)"
photo_103.jpg,202,Cow milk3,Fresh,"(163, 210, 233)"
photo_104.jpg,204,Cow milk3,Fresh,"(164, 210, 233)"
photo_105.jpg,206,Cow milk3,Fresh,"(164, 210, 233)"
photo_106.jpg,208,Cow milk3,Fresh,"(164, 210, 233)"
photo_107.jpg,210,Cow milk3,Fresh,"(164, 209, 233)"
photo_108.jpg,212,Cow milk3,Fresh,"(164, 210, 233)"
photo_109.jpg,214,Cow milk3,Fresh,"(164, 210, 233)"
photo_110.jpg,216,Cow milk3,Fresh,"(164, 210, 233)"
photo_111.jpg,218,Cow milk3,Fresh,"(164, 209, 233)"
photo_112.jpg,220,Cow milk3,Fresh,"(164, 210, 233)"
photo_113.jpg,222,Cow milk3,Fresh,"(164, 210, 233)"
photo_114.jpg,224,Cow milk3,Fresh,"(164, 210, 233)"
photo_115.jpg,226,Cow milk3,Fresh,"(164, 210, 233)"
photo_116.jpg,228,Cow milk3,Fresh,"(163, 210, 233)"
photo_117.jpg,230,Cow milk3,Fresh,"(164, 210, 232)"
photo_118.jpg,232,Cow milk3,Fresh,"(164, 210, 233)"
photo_119.jpg,234,Cow milk3,Fresh,"(164, 210, 233)"
photo_120.jpg,236,Cow milk3,Fresh,"(164, 210, 232)"
photo_121.jpg,238,Cow milk3,Fresh,"(163, 210, 232)"
photo_122.jpg,240,Cow milk3,Fresh,"(164, 210, 232)"
photo_123.jpg,242,Cow milk3,Fresh,"(164, 210, 232)"
photo_124.jpg,244,Cow milk3,Fresh,"(164, 210, 232)"
photo_125.jpg,246,Cow milk3,Fresh,"(164, 210, 232)"
photo_126.jpg,248,Cow milk3,Fresh,"(164, 210, 233)"
photo_127.jpg,250,Cow milk3,Fresh,"(164, 210, 232)"
photo_128.jpg,252,Cow milk3,Fresh,"(164, 210, 232)"
photo_129.jpg,254,Cow milk3,Fresh,"(164, 210, 232)"
photo_130.jpg,256,Cow milk3,Fresh,"(164, 210, 232)"
photo_131.jpg,258,Cow milk3,Fresh,"(164, 210, 232)"
photo_132.jpg,260,Cow milk3,Fresh,"(165, 210, 232)"
photo_133.jpg,262,Cow milk3,Fresh,"(164, 210, 232)"
photo_134.jpg,264,Cow milk3,Fresh,"(165, 210, 232)"
photo_135.jpg,266,Cow milk3,Fresh,"(165, 210, 232)"
photo_136.jpg,268,Cow milk3,Fresh,"(165, 210, 232)"
photo_137.jpg,270,Cow milk3,Fresh,"(165, 210, 232)"
photo_138.jpg,272,Cow milk3,Fresh,"(165, 210, 232)"
photo_139.jpg,274,Cow milk3,Fresh,"(165, 210, 232)"
photo_140.jpg,276,Cow milk3,Fresh,"(165, 210, 232)"
photo_141.jpg,278,Cow milk3,Fresh,"(166, 210, 232)"
photo_142.jpg,280,Cow milk3,Fresh,"(165, 210, 232)"
photo_143.jpg,282,Cow milk3,Fresh,"(165, 210, 232)"
photo_144.jpg,284,Cow milk3,Fresh,"(166, 210, 232)"
photo_145.jpg,286,Cow milk3,Fresh,"(166, 211, 232)"
photo_146.jpg,288,Cow milk3,Fresh,"(166, 211, 232)"
photo_147.jpg,290,Cow milk3,Fresh,"(167, 211, 232)"
photo_148.jpg,292,Cow milk3,Fresh,"(167, 211, 232)"
photo_149.jpg,294,Cow milk3,Fresh,"(167, 211, 232)"
photo_150.jpg,296,Cow milk3,Fresh,"(168, 211, 232)"
photo_151.jpg,298,Cow milk3,Fresh,"(167, 211, 232)"
photo_152.jpg,300,Cow milk3,Fresh,"(168, 211, 232)"
photo_153.jpg,302,Cow milk3,Fresh,"(168, 212, 232)"
photo_154.jpg,304,Cow milk3,Fresh,"(168, 212, 232)"
photo_155.jpg,306,Cow milk3,Fresh,"(168, 212, 232)"
photo_156.jpg,308,Cow milk3,Fresh,"(169, 212, 232)"
photo_157.jpg,310,Cow milk3,Fresh,"(169, 212, 232)"
photo_158.jpg,312,Cow milk3,Fresh,"(169, 212, 232)"
photo_159.jpg,314,Cow milk3,Fresh,"(170, 213, 232)"
photo_160.jpg,316,Cow milk3,Fresh,"(170, 213, 231)"
photo_161.jpg,318,Cow milk3,Fresh,"(170, 213, 232)"
photo_162.jpg,320,Cow milk3,Fresh,"(171, 213, 232)"
photo_163.jpg,322,Cow milk3,Fresh,"(171, 213, 232)"
photo_164.jpg,324,Cow milk3,Fresh,"(171, 213, 232)"
photo_165.jpg,326,Cow milk3,Fresh,"(171, 214, 232)"
photo_166.jpg,328,Cow milk3,Fresh,"(172, 214, 231)"
photo_167.jpg,330,Cow milk3,Fresh,"(172, 214, 231)"
photo_168.jpg,332,Cow milk3,Fresh,"(173, 214, 231)"
photo_169.jpg,334,Cow milk3,Fresh,"(173, 214, 231)"
photo_170.jpg,336,Cow milk3,Fresh,"(173, 214, 231)"
photo_171.jpg,338,Cow milk3,Fresh,"(173, 214, 232)"
photo_172.jpg,340,Cow milk3,Fresh,"(174, 215, 231)"
photo_173.jpg,342,Cow milk3,Fresh,"(174, 215, 231)"
photo_174.jpg,344,Cow milk3,Fresh,"(174, 215, 231)"
photo_175.jpg,346,Cow milk3,Fresh,"(175, 215, 231)"
photo_176.jpg,348,Cow milk3,Fresh,"(175, 215, 231)"
photo_177.jpg,350,Cow milk3,Fresh,"(175, 216, 231)"
photo_178.jpg,352,Cow milk3,Fresh,"(176, 215, 231)"
photo_179.jpg,354,Cow milk3,Fresh,"(176, 216, 231)"
photo_180.jpg,356,Cow milk3,Fresh,"(176, 216, 231)"
photo_181.jpg,358,Cow milk3,Fresh,"(177, 216, 231)"
photo_182.jpg,360,Cow milk3,Fresh,"(177, 216, 231)"
photo_183.jpg,362,Cow milk3,Fresh,"(177, 216, 231)"
photo_184.jpg,364,Cow milk3,Fresh,"(177, 216, 231)"
photo_185.jpg,366,Cow milk3,Fresh,"(177, 217, 231)"
photo_186.jpg,368,Cow milk3,Fresh,"(178, 217, 231)"
photo_187.jpg,370,Cow milk3,Fresh,"(178, 217, 231)"
photo_188.jpg,372,Cow milk3,Fresh,"(178, 217, 231)"
photo_189.jpg,374,Cow milk3,Fresh,"(179, 217, 231)"
photo_190.jpg,376,Cow milk3,Fresh,"(179, 218, 231)"
photo_191.jpg,378,Cow milk3,Fresh,"(180, 218, 231)"
photo_192.jpg,380,Cow milk3,Fresh,"(180, 218, 231)"
photo_193.jpg,382,Cow milk3,Fresh,"(180, 218, 231)"
photo_194.jpg,384,Cow milk3,Fresh,"(181, 219, 231)"
photo_195.jpg,386,Cow milk3,Fresh,"(181, 219, 231)"
photo_196.jpg,388,Cow milk3,Fresh,"(181, 219, 230)"
photo_197.jpg,390,Cow milk3,Fresh,"(181, 219, 231)"
photo_198.jpg,392,Cow milk3,Fresh,"(182, 220, 231)"
photo_199.jpg,394,Cow milk3,Fresh,"(183, 220, 231)"
photo_200.jpg,396,Cow milk3,Fresh,"(183, 220, 231)"
photo_201.jpg,398,Cow milk3,Fresh,"(183, 220, 230)"
photo_202.jpg,400,Cow milk3,Fresh,"(183, 221, 230)"
photo_203.jpg,402,Cow milk3,Fresh,"(184, 221, 230)"
photo_204.jpg,404,Cow milk3,Fresh,"(184, 221, 230)"
photo_205.jpg,406,Cow milk3,Fresh,"(185, 221, 230)"
photo_206.jpg,408,Cow milk3,Fresh,"(185, 222, 230)"
photo_207.jpg,410,Cow milk3,Fresh,"(185, 222, 230)"
photo_208.jpg,412,Cow milk3,Fresh,"(186, 222, 230)"
photo_209.jpg,414,Cow milk3,Fresh,"(186, 222, 230)"
photo_210.jpg,416,Cow milk3,Fresh,"(187, 223, 230)"
photo_211.jpg,418,Cow milk3,Fresh,"(187, 223, 230)"
photo_212.jpg,420,Cow milk3,Fresh,"(188, 223, 230)"
photo_213.jpg,422,Cow milk3,Fresh,"(188, 223, 230)"
photo_214.jpg,424,Cow milk3,Fresh,"(189, 224, 230)"
photo_215.jpg,426,Cow milk3,Fresh,"(189, 224, 230)"
photo_216.jpg,428,Cow milk3,Fresh,"(190, 225, 230)"
photo_217.jpg,430,Cow milk3,Fresh,"(191, 225, 230)"
photo_218.jpg,432,Cow milk3,Fresh,"(191, 225, 230)"
photo_219.jpg,434,Cow milk3,Fresh,"(192, 225, 230)"
photo_220.jpg,436,Cow milk3,Fresh,"(192, 226, 230)"
photo_221.jpg,438,Cow milk3,Fresh,"(193, 226, 230)"
photo_222.jpg,440,Cow milk3,Fresh,"(194, 226, 230)"
photo_223.jpg,442,Cow milk3,Fresh,"(195, 227, 230)"
photo_224.jpg,444,Cow milk3,Fresh,"(195, 227, 229)"
photo_225.jpg,446,Cow milk3,Fresh,"(195, 228, 229)"
photo_226.jpg,448,Cow milk3,Fresh,"(197, 228, 229)"
photo_227.jpg,450,Cow milk3,Fresh,"(197, 228, 229)"
photo_228.jpg,452,Cow milk3,Fresh,"(198, 228, 229)"
photo_229.jpg,454,Cow milk3,Fresh,"(199, 228, 229)"
photo_230.jpg,456,Cow milk3,Fresh,"(199, 229, 229)"
photo_231.jpg,458,Cow milk3,Fresh,"(200, 229, 229)"
photo_232.jpg,460,Cow milk3,Fresh,"(201, 229, 229)"
photo_233.jpg,462,Cow milk3,Fresh,"(199, 227, 228)"
photo_234.jpg,464,Cow milk3,Fresh,"(199, 227, 228)"
photo_235.jpg,466,Cow milk3,Fresh,"(200, 227, 228)"
photo_236.jpg,468,Cow milk3,Fresh,"(200, 227, 228)"
photo_237.jpg,470,Cow milk3,Fresh,"(200, 227, 228)"
photo_238.jpg,472,Cow milk3,Fresh,"(201, 227, 228)"
photo_239.jpg,474,Cow milk3,Fresh,"(201, 227, 228)"
photo_240.jpg,476,Cow milk3,Fresh,"(202, 228, 228)"
photo_241.jpg,478,Cow milk3,Fresh,"(203, 228, 228)"
photo_242.jpg,480,Cow milk3,Fresh,"(203, 228, 227)"
photo_4.jpg,8,Cow milk1,Mildly Spoiled,"(192, 233, 244)"
photo_5.jpg,10,Cow milk1,Mildly Spoiled,"(194, 234, 245)"
photo_6.jpg,12,Cow milk1,Mildly Spoiled,"(195, 234, 244)"
photo_7.jpg,14,Cow milk1,Mildly Spoiled,"(196, 235, 243)"
photo_8.jpg,16,Cow milk1,Mildly Spoiled,"(196, 234, 242)"
photo_9.jpg,18,Cow milk1,Mildly Spoiled,"(197, 234, 242)"
photo_10.jpg,20,Cow milk1,Mildly Spoiled,"(197, 234, 241)"
photo_11.jpg,22,Cow milk1,Mildly Spoiled,"(198, 234, 240)"
photo_12.jpg,24,Cow milk1,Mildly Spoiled,"(199, 234, 240)"
photo_13.jpg,26,Cow milk1,Mildly Spoiled,"(199, 234, 239)"
photo_14.jpg,28,Cow milk1,Mildly Spoiled,"(200, 234, 239)"
photo_15.jpg,30,Cow milk1,Mildly Spoiled,"(200, 235, 239)"
photo_16.jpg,32,Cow milk1,Mildly Spoiled,"(200, 235, 239)"
photo_17.jpg,34,Cow milk1,Mildly Spoiled,"(201, 235, 238)"
photo_18.jpg,36,Cow milk1,Mildly Spoiled,"(202, 235, 238)"
photo_19.jpg,38,Cow milk1,Mildly Spoiled,"(202, 235, 238)"
photo_20.jpg,40,Cow milk1,Mildly Spoiled,"(203, 235, 238)"
photo_21.jpg,42,Cow milk1,Mildly Spoiled,"(203, 235, 238)"
photo_22.jpg,44,Cow milk1,Mildly Spoiled,"(203, 235, 237)"
photo_23.jpg,46,Cow milk1,Mildly Spoiled,"(204, 235, 237)"
photo_24.jpg,48,Cow milk1,Mildly Spoiled,"(204, 235, 236)"
photo_25.jpg,50,Cow milk1,Mildly Spoiled,"(205, 236, 236)"
photo_26.jpg,52,Cow milk1,Mildly Spoiled,"(205, 236, 236)"
photo_27.jpg,54,Cow milk1,Mildly Spoiled,"(206, 236, 236)"
photo_28.jpg,56,Cow milk1,Mildly Spoiled,"(207, 236, 235)"
photo_29.jpg,58,Cow milk1,Mildly Spoiled,"(207, 236, 235)"
photo_30.jpg,60,Cow milk1,Mildly Spoiled,"(208, 236, 235)"
photo_31.jpg,62,Cow milk1,Mildly Spoiled,"(209, 237, 235)"
photo_32.jpg,64,Cow milk1,Mildly Spoiled,"(210, 237, 234)"
photo_33.jpg,66,Cow milk1,Mildly Spoiled,"(210, 237, 234)"
photo_34.jpg,68,Cow milk1,Mildly Spoiled,"(211, 237, 234)"
photo_35.jpg,70,Cow milk1,Mildly Spoiled,"(212, 237, 233)"
photo_36.jpg,72,Cow milk1,Mildly Spoiled,"(212, 237, 233)"
photo_37.jpg,74,Cow milk1,Mildly Spoiled,"(213, 237, 233)"
photo_38.jpg,76,Cow milk1,Mildly Spoiled,"(213, 237, 232)"
photo_39.jpg,78,Cow milk1,Mildly Spoiled,"(214, 237, 232)"
photo_40.jpg,80,Cow milk1,Mildly Spoiled,"(215, 237, 232)"
photo_41.jpg,82,Cow milk1,Mildly Spoiled,"(216, 237, 232)"
photo_42.jpg,84,Cow milk1,Mildly Spoiled,"(216, 237, 231)"
photo_43.jpg,86,Cow milk1,Mildly Spoiled,"(217, 237, 231)"
photo_44.jpg,88,Cow milk1,Mildly Spoiled,"(218, 237, 231)"
photo_45.jpg,90,Cow milk1,Mildly Spoiled,"(218, 237, 231)"
photo_46.jpg,92,Cow milk1,Mildly Spoiled,"(218, 237, 230)"
photo_47.jpg,94,Cow milk1,Mildly Spoiled,"(219, 237, 230)"
photo_48.jpg,96,Cow milk1,Mildly Spoiled,"(219, 237, 230)"
photo_49.jpg,98,Cow milk1,Mildly Spoiled,"(220, 237, 230)"
photo_50.jpg,100,Cow milk1,Mildly Spoiled,"(219, 237, 229)"
photo_51.jpg,102,Cow milk1,Mildly Spoiled,"(220, 237, 229)"
photo_52.jpg,104,Cow milk1,Mildly Spoiled,"(220, 237, 229)"
photo_53.jpg,106,Cow milk1,Mildly Spoiled,"(220, 237, 229)"
photo_54.jpg,108,Cow milk1,Mildly Spoiled,"(220, 237, 229)"
photo_55.jpg,110,Cow milk1,Mildly Spoiled,"(220, 237, 229)"
photo_56.jpg,112,Cow milk1,Mildly Spoiled,"(220, 237, 229)"
photo_57.jpg,114,Cow milk1,Mildly Spoiled,"(221, 237, 229)"
photo_58.jpg,116,Cow milk1,Mildly Spoiled,"(221, 237, 228)"
photo_59.jpg,118,Cow milk1,Mildly Spoiled,"(221, 237, 228)"
photo_60.jpg,120,Cow milk1,Mildly Spoiled,"(221, 237, 228)"
photo_61.jpg,122,Cow milk1,Mildly Spoiled,"(221, 237, 228)"
photo_62.jpg,124,Cow milk1,Mildly Spoiled,"(221, 237, 228)"
photo_63.jpg,126,Cow milk1,Mildly Spoiled,"(221, 237, 227)"
photo_64.jpg,128,Cow milk1,Mildly Spoiled,"(221, 237, 227)"
photo_65.jpg,130,Cow milk1,Mildly Spoiled,"(221, 237, 227)"
photo_66.jpg,132,Cow milk1,Mildly Spoiled,"(221, 237, 227)"
photo_67.jpg,134,Cow milk1,Mildly Spoiled,"(221, 237, 226)"
photo_68.jpg,136,Cow milk1,Mildly Spoiled,"(221, 237, 226)"
photo_69.jpg,138,Cow milk1,Mildly Spoiled,"(221, 237, 226)"
photo_70.jpg,140,Cow milk1,Mildly Spoiled,"(221, 237, 226)"
photo_71.jpg,142,Cow milk1,Mildly Spoiled,"(221, 236, 226)"
photo_72.jpg,144,Cow milk1,Mildly Spoiled,"(221, 236, 225)"
photo_73.jpg,146,Cow milk1,Mildly Spoiled,"(221, 236, 225)"
photo_74.jpg,148,Cow milk1,Mildly Spoiled,"(221, 236, 224)"
photo_75.jpg,150,Cow milk1,Mildly Spoiled,"(221, 236, 224)"
photo_76.jpg,152,Cow milk1,Mildly Spoiled,"(221, 236, 224)"
photo_77.jpg,154,Cow milk1,Mildly Spoiled,"(221, 236, 224)"
photo_78.jpg,156,Cow milk1,Mildly Spoiled,"(221, 236, 224)"
photo_79.jpg,158,Cow milk1,Mildly Spoiled,"(221, 236, 223)"
photo_80.jpg,160,Cow milk1,Mildly Spoiled,"(221, 236, 223)"
photo_81.jpg,162,Cow milk1,Mildly Spoiled,"(221, 236, 223)"
photo_82.jpg,164,Cow milk1,Mildly Spoiled,"(221, 236, 222)"
photo_83.jpg,166,Cow milk1,Mildly Spoiled,"(221, 236, 222)"
photo_84.jpg,168,Cow milk1,Mildly Spoiled,"(220, 235, 222)"
photo_85.jpg,170,Cow milk1,Mildly Spoiled,"(221, 236, 221)"
photo_86.jpg,172,Cow milk1,Mildly Spoiled,"(221, 235, 221)"
photo_87.jpg,174,Cow milk1,Mildly Spoiled,"(221, 235, 221)"
photo_88.jpg,176,Cow milk1,Mildly Spoiled,"(220, 235, 220)"
photo_89.jpg,178,Cow milk1,Mildly Spoiled,"(220, 235, 224)"
photo_90.jpg,180,Cow milk1,Mildly Spoiled,"(220, 234, 223)"
photo_91.jpg,182,Cow milk1,Mildly Spoiled,"(220, 234, 223)"
photo_92.jpg,184,Cow milk1,Mildly Spoiled,"(220, 234, 222)"
photo_93.jpg,186,Cow milk1,Mildly Spoiled,"(220, 234, 222)"
photo_94.jpg,188,Cow milk1,Mildly Spoiled,"(220, 234, 221)"
photo_95.jpg,190,Cow milk1,Mildly Spoiled,"(220, 234, 222)"
photo_96.jpg,192,Cow milk1,Mildly Spoiled,"(220, 234, 221)"
photo_97.jpg,194,Cow milk1,Mildly Spoiled,"(220, 234, 221)"
photo_98.jpg,196,Cow milk1,Mildly Spoiled,"(220, 234, 220)"
photo_99.jpg,198,Cow milk1,Mildly Spoiled,"(220, 234, 220)"
photo_100.jpg,200,Cow milk1,Mildly Spoiled,"(220, 233, 220)"
photo_101.jpg,202,Cow milk1,Mildly Spoiled,"(220, 233, 219)"
photo_102.jpg,204,Cow milk1,Mildly Spoiled,"(220, 233, 219)"
photo_103.jpg,206,Cow milk1,Mildly Spoiled,"(219, 233, 219)"
photo_104.jpg,208,Cow milk1,Mildly Spoiled,"(220, 233, 218)"
photo_105.jpg,210,Cow milk1,Mildly Spoiled,"(219, 233, 218)"
photo_106.jpg,212,Cow milk1,Mildly Spoiled,"(219, 233, 218)"
photo_107.jpg,214,Cow milk1,Mildly Spoiled,"(219, 232, 218)"
photo_108.jpg,216,Cow milk1,Mildly Spoiled,"(219, 232, 217)"
photo_109.jpg,218,Cow milk1,Mildly Spoiled,"(219, 232, 217)"
photo_110.jpg,220,Cow milk1,Mildly Spoiled,"(219, 232, 217)"
photo_111.jpg,222,Cow milk1,Mildly Spoiled,"(219, 232, 217)"
photo_112.jpg,224,Cow milk1,Mildly Spoiled,"(219, 232, 216)"
photo_113.jpg,226,Cow milk1,Mildly Spoiled,"(219, 232, 216)"
photo_114.jpg,228,Cow milk1,Mildly Spoiled,"(218, 231, 216)"
photo_115.jpg,230,Cow milk1,Mildly Spoiled,"(218, 231, 216)"
photo_116.jpg,232,Cow milk1,Mildly Spoiled,"(218, 231, 216)"
photo_117.jpg,234,Cow milk1,Mildly Spoiled,"(218, 231, 215)"
photo_118.jpg,236,Cow milk1,Mildly Spoiled,"(218, 231, 215)"
photo_119.jpg,238,Cow milk1,Mildly Spoiled,"(218, 231, 215)"
photo_120.jpg,240,Cow milk1,Mildly Spoiled,"(217, 231, 215)"
photo_121.jpg,242,Cow milk1,Mildly Spoiled,"(217, 230, 215)"
photo_122.jpg,244,Cow milk1,Mildly Spoiled,"(217, 230, 214)"
photo_123.jpg,246,Cow milk1,Mildly Spoiled,"(217, 230, 215)"
photo_124.jpg,248,Cow milk1,Mildly Spoiled,"(217, 230, 214)"
photo_125.jpg,250,Cow milk1,Mildly Spoiled,"(216, 230, 214)"
photo_126.jpg,252,Cow milk1,Mildly Spoiled,"(217, 229, 214)"
photo_127.jpg,254,Cow milk1,Mildly Spoiled,"(216, 229, 214)"
photo_128.jpg,256,Cow milk1,Mildly Spoiled,"(216, 229, 213)"
photo_129.jpg,258,Cow milk1,Mildly Spoiled,"(216, 229, 213)"
photo_130.jpg,260,Cow milk1,Mildly Spoiled,"(216, 229, 213)"
photo_131.jpg,262,Cow milk1,Mildly Spoiled,"(216, 229, 213)"
photo_132.jpg,264,Cow milk1,Mildly Spoiled,"(216, 229, 213)"
photo_133.jpg,266,Cow milk1,Mildly Spoiled,"(216, 229, 213)"
photo_134.jpg,268,Cow milk1,Mildly Spoiled,"(216, 228, 212)"
photo_135.jpg,270,Cow milk1,Mildly Spoiled,"(215, 229, 213)"
photo_136.jpg,272,Cow milk1,Mildly Spoiled,"(215, 229, 213)"
photo_137.jpg,274,Cow milk1,Mildly Spoiled,"(215, 228, 213)"
photo_138.jpg,276,Cow milk1,Mildly Spoiled,"(215, 228, 212)"
photo_139.jpg,278,Cow milk1,Mildly Spoiled,"(215, 228, 212)"
photo_140.jpg,280,Cow milk1,Mildly Spoiled,"(215, 228, 212)"
photo_141.jpg,282,Cow milk1,Mildly Spoiled,"(215, 228, 213)"
photo_142.jpg,284,Cow milk1,Mildly Spoiled,"(215, 228, 212)"
photo_143.jpg,286,Cow milk1,Mildly Spoiled,"(215, 228, 212)"
photo_144.jpg,288,Cow milk1,Mildly Spoiled,"(214, 228, 212)"
photo_145.jpg,290,Cow milk1,Mildly Spoiled,"(214, 228, 212)"
photo_146.jpg,292,Cow milk1,Mildly Spoiled,"(214, 228, 212)"
photo_147.jpg,294,Cow milk1,Mildly Spoiled,"(214, 228, 212)"
photo_148.jpg,296,Cow milk1,Mildly Spoiled,"(214, 228, 212)"
photo_149.jpg,298,Cow milk1,Mildly Spoiled,"(214, 228, 212)"
photo_150.jpg,300,Cow milk1,Mildly Spoiled,"(214, 228, 212)"
photo_151.jpg,302,Cow milk1,Mildly Spoiled,"(214, 228, 212)"
photo_152.jpg,304,Cow milk1,Mildly Spoiled,"(214, 227, 212)"
photo_153.jpg,306,Cow milk1,Mildly Spoiled,"(213, 228, 212)"
photo_154.jpg,308,Cow milk1,Mildly Spoiled,"(213, 228, 213)"
photo_155.jpg,310,Cow milk1,Mildly Spoiled,"(213, 228, 212)"
photo_156.jpg,312,Cow milk1,Mildly Spoiled,"(213, 227, 213)"
photo_157.jpg,314,Cow milk1,Mildly Spoiled,"(213, 227, 212)"
photo_158.jpg,316,Cow milk1,Mildly Spoiled,"(213, 227, 213)"
photo_159.jpg,318,Cow milk1,Mildly Spoiled,"(213, 227, 213)"
photo_160.jpg,320,Cow milk1,Mildly Spoiled,"(212, 227, 213)"
photo_161.jpg,322,Cow milk1,Mildly Spoiled,"(212, 227, 213)"
photo_162.jpg,324,Cow milk1,Mildly Spoiled,"(212, 227, 213)"
photo_163.jpg,326,Cow milk1,Mildly Spoiled,"(212, 227, 213)"
photo_164.jpg,328,Cow milk1,Mildly Spoiled,"(212, 227, 213)"
photo_165.jpg,330,Cow milk1,Mildly Spoiled,"(212, 227, 213)"
photo_166.jpg,332,Cow milk1,Mildly Spoiled,"(212, 227, 213)"
photo_167.jpg,334,Cow milk1,Mildly Spoiled,"(212, 227, 213)"
photo_168.jpg,336,Cow milk1,Mildly Spoiled,"(211, 227, 213)"
photo_169.jpg,338,Cow milk1,Mildly Spoiled,"(211, 227, 213)"
photo_170.jpg,340,Cow milk1,Mildly Spoiled,"(211, 227, 213)"
photo_171.jpg,342,Cow milk1,Mildly Spoiled,"(211, 227, 213)"
photo_172.jpg,344,Cow milk1,Mildly Spoiled,"(211, 227, 213)"
photo_173.jpg,346,Cow milk1,Mildly Spoiled,"(211, 227, 213)"
photo_174.jpg,348,Cow milk1,Mildly Spoiled,"(211, 227, 213)"
photo_175.jpg,350,Cow milk1,Mildly Spoiled,"(210, 227, 213)"
photo_176.jpg,352,Cow milk1,Mildly Spoiled,"(211, 227, 213)"
photo_177.jpg,354,Cow milk1,Mildly Spoiled,"(210, 226, 213)"
photo_178.jpg,356,Cow milk1,Mildly Spoiled,"(210, 226, 213)"
photo_179.jpg,358,Cow milk1,Mildly Spoiled,"(210, 226, 213)"
photo_180.jpg,360,Cow milk1,Mildly Spoiled,"(210, 226, 214)"
photo_181.jpg,362,Cow milk1,Mildly Spoiled,"(210, 226, 213)"
photo_182.jpg,364,Cow milk1,Mildly Spoiled,"(210, 226, 213)"
photo_183.jpg,366,Cow milk1,Mildly Spoiled,"(210, 226, 214)"
photo_184.jpg,368,Cow milk1,Mildly Spoiled,"(209, 226, 214)"
photo_185.jpg,370,Cow milk1,Mildly Spoiled,"(209, 226, 214)"
photo_186.jpg,372,Cow milk1,Mildly Spoiled,"(209, 226, 214)"
photo_187.jpg,374,Cow milk1,Mildly Spoiled,"(209, 226, 213)"
photo_188.jpg,376,Cow milk1,Mildly Spoiled,"(209, 226, 213)"
photo_189.jpg,378,Cow milk1,Mildly Spoiled,"(209, 226, 214)"
photo_190.jpg,380,Cow milk1,Mildly Spoiled,"(208, 226, 214)"
photo_191.jpg,382,Cow milk1,Mildly Spoiled,"(209, 226, 214)"
photo_192.jpg,384,Cow milk1,Mildly Spoiled,"(208, 226, 214)"
photo_193.jpg,386,Cow milk1,Mildly Spoiled,"(208, 226, 214)"
photo_194.jpg,388,Cow milk1,Mildly Spoiled,"(208, 226, 214)"
photo_195.jpg,390,Cow milk1,Mildly Spoiled,"(208, 226, 214)"
photo_196.jpg,392,Cow milk1,Mildly Spoiled,"(208, 226, 214)"
photo_197.jpg,394,Cow milk1,Mildly Spoiled,"(208, 225, 214)"
photo_198.jpg,396,Cow milk1,Mildly Spoiled,"(208, 225, 214)"
photo_199.jpg,398,Cow milk1,Mildly Spoiled,"(207, 225, 214)"
photo_200.jpg,400,Cow milk1,Mildly Spoiled,"(208, 225, 214)"
photo_201.jpg,402,Cow milk1,Mildly Spoiled,"(207, 225, 214)"
photo_202.jpg,404,Cow milk1,Mildly Spoiled,"(207, 225, 214)"
photo_203.jpg,406,Cow milk1,Mildly Spoiled,"(207, 225, 214)"
photo_204.jpg,408,Cow milk1,Mildly Spoiled,"(207, 225, 214)"
photo_205.jpg,410,Cow milk1,Mildly Spoiled,"(207, 225, 214)"
photo_206.jpg,412,Cow milk1,Mildly Spoiled,"(207, 225, 214)"
photo_207.jpg,414,Cow milk1,Mildly Spoiled,"(207, 225, 214)"
photo_208.jpg,416,Cow milk1,Mildly Spoiled,"(207, 225, 215)"
photo_209.jpg,418,Cow milk1,Mildly Spoiled,"(206, 225, 214)"
photo_210.jpg,420,Cow milk1,Mildly Spoiled,"(206, 225, 214)"
photo_211.jpg,422,Cow milk1,Mildly Spoiled,"(206, 225, 214)"
photo_212.jpg,424,Cow milk1,Mildly Spoiled,"(206, 225, 214)"
photo_213.jpg,426,Cow milk1,Mildly Spoiled,"(206, 225, 214)"
photo_214.jpg,428,Cow milk1,Mildly Spoiled,"(206, 224, 215)"
photo_215.jpg,430,Cow milk1,Mildly Spoiled,"(206, 224, 215)"
photo_216.jpg,432,Cow milk1,Mildly Spoiled,"(205, 225, 215)"
photo_217.jpg,434,Cow milk1,Mildly Spoiled,"(205, 225, 215)"
photo_218.jpg,436,Cow milk1,Mildly Spoiled,"(206, 224, 215)"
photo_219.jpg,438,Cow milk1,Mildly Spoiled,"(205, 224, 214)"
photo_220.jpg,440,Cow milk1,Mildly Spoiled,"(205, 224, 215)"
photo_221.jpg,442,Cow milk1,Mildly Spoiled,"(205, 224, 214)"
photo_4.jpg,2,Cow milk2,Mildly Spoiled,"(184, 227, 245)"
photo_5.jpg,4,Cow milk2,Mildly Spoiled,"(185, 227, 244)"
photo_6.jpg,6,Cow milk2,Mildly Spoiled,"(186, 226, 242)"
photo_7.jpg,8,Cow milk2,Mildly Spoiled,"(186, 226, 240)"
photo_8.jpg,10,Cow milk2,Mildly Spoiled,"(186, 225, 239)"
photo_9.jpg,12,Cow milk2,Mildly Spoiled,"(186, 224, 237)"
photo_10.jpg,14,Cow milk2,Mildly Spoiled,"(186, 224, 236)"
photo_11.jpg,16,Cow milk2,Mildly Spoiled,"(187, 224, 236)"
photo_12.jpg,18,Cow milk2,Mildly Spoiled,"(187, 224, 235)"
photo_13.jpg,20,Cow milk2,Mildly Spoiled,"(187, 224, 235)"
photo_14.jpg,22,Cow milk2,Mildly Spoiled,"(187, 223, 234)"
photo_15.jpg,24,Cow milk2,Mildly Spoiled,"(188, 224, 234)"
photo_16.jpg,26,Cow milk2,Mildly Spoiled,"(188, 223, 234)"
photo_17.jpg,28,Cow milk2,Mildly Spoiled,"(188, 224, 233)"
photo_18.jpg,30,Cow milk2,Mildly Spoiled,"(189, 224, 233)"
photo_19.jpg,32,Cow milk2,Mildly Spoiled,"(189, 224, 233)"
photo_20.jpg,34,Cow milk2,Mildly Spoiled,"(189, 224, 232)"
photo_21.jpg,36,Cow milk2,Mildly Spoiled,"(189, 224, 232)"
photo_22.jpg,38,Cow milk2,Mildly Spoiled,"(190, 224, 232)"
photo_23.jpg,40,Cow milk2,Mildly Spoiled,"(190, 224, 232)"
photo_24.jpg,42,Cow milk2,Mildly Spoiled,"(190, 224, 231)"
photo_25.jpg,44,Cow milk2,Mildly Spoiled,"(191, 224, 231)"
photo_26.jpg,46,Cow milk2,Mildly Spoiled,"(191, 224, 231)"
photo_27.jpg,48,Cow milk2,Mildly Spoiled,"(192, 224, 231)"
photo_28.jpg,50,Cow milk2,Mildly Spoiled,"(192, 225, 231)"
photo_29.jpg,52,Cow milk2,Mildly Spoiled,"(192, 225, 231)"
photo_30.jpg,54,Cow milk2,Mildly Spoiled,"(192, 225, 230)"
photo_31.jpg,56,Cow milk2,Mildly Spoiled,"(193, 225, 230)"
photo_32.jpg,58,Cow milk2,Mildly Spoiled,"(193, 225, 230)"
photo_33.jpg,60,Cow milk2,Mildly Spoiled,"(194, 225, 230)"
photo_34.jpg,62,Cow milk2,Mildly Spoiled,"(194, 225, 230)"
photo_35.jpg,64,Cow milk2,Mildly Spoiled,"(195, 225, 230)"
photo_36.jpg,66,Cow milk2,Mildly Spoiled,"(195, 226, 230)"
photo_37.jpg,68,Cow milk2,Mildly Spoiled,"(195, 226, 229)"
photo_38.jpg,70,Cow milk2,Mildly Spoiled,"(196, 226, 229)"
photo_39.jpg,72,Cow milk2,Mildly Spoiled,"(196, 226, 229)"
photo_40.jpg,74,Cow milk2,Mildly Spoiled,"(197, 227, 229)"
photo_41.jpg,76,Cow milk2,Mildly Spoiled,"(197, 227, 229)"
photo_42.jpg,78,Cow milk2,Mildly Spoiled,"(198, 227, 229)"
photo_43.jpg,80,Cow milk2,Mildly Spoiled,"(199, 227, 229)"
photo_44.jpg,82,Cow milk2,Mildly Spoiled,"(199, 227, 228)"
photo_45.jpg,84,Cow milk2,Mildly Spoiled,"(200, 227, 228)"
photo_46.jpg,86,Cow milk2,Mildly Spoiled,"(200, 228, 228)"
photo_47.jpg,88,Cow milk2,Mildly Spoiled,"(201, 228, 228)"
photo_48.jpg,90,Cow milk2,Mildly Spoiled,"(201, 228, 228)"
photo_49.jpg,92,Cow milk2,Mildly Spoiled,"(202, 228, 228)"
photo_50.jpg,94,Cow milk2,Mildly Spoiled,"(203, 228, 228)"
photo_51.jpg,96,Cow milk2,Mildly Spoiled,"(203, 228, 227)"
photo_52.jpg,98,Cow milk2,Mildly Spoiled,"(204, 229, 227)"
photo_53.jpg,100,Cow milk2,Mildly Spoiled,"(204, 229, 227)"
photo_54.jpg,102,Cow milk2,Mildly Spoiled,"(205, 229, 227)"
photo_55.jpg,104,Cow milk2,Mildly Spoiled,"(206, 229, 227)"
photo_56.jpg,106,Cow milk2,Mildly Spoiled,"(206, 229, 226)"
photo_57.jpg,108,Cow milk2,Mildly Spoiled,"(207, 229, 226)"
photo_58.jpg,110,Cow milk2,Mildly Spoiled,"(208, 229, 226)"
photo_59.jpg,112,Cow milk2,Mildly Spoiled,"(208, 230, 226)"
photo_60.jpg,114,Cow milk2,Mildly Spoiled,"(209, 230, 225)"
photo_61.jpg,116,Cow milk2,Mildly Spoiled,"(210, 230, 225)"
photo_62.jpg,118,Cow milk2,Mildly Spoiled,"(210, 230, 225)"
photo_63.jpg,120,Cow milk2,Mildly Spoiled,"(211, 230, 225)"
photo_64.jpg,122,Cow milk2,Mildly Spoiled,"(211, 230, 224)"
photo_65.jpg,124,Cow milk2,Mildly Spoiled,"(212, 230, 224)"
photo_66.jpg,126,Cow milk2,Mildly Spoiled,"(212, 230, 224)"
photo_67.jpg,128,Cow milk2,Mildly Spoiled,"(213, 231, 223)"
photo_68.jpg,130,Cow milk2,Mildly Spoiled,"(213, 230, 223)"
photo_69.jpg,132,Cow milk2,Mildly Spoiled,"(214, 230, 223)"
photo_70.jpg,134,Cow milk2,Mildly Spoiled,"(214, 231, 223)"
photo_71.jpg,136,Cow milk2,Mildly Spoiled,"(215, 230, 223)"
photo_72.jpg,138,Cow milk2,Mildly Spoiled,"(215, 230, 222)"
photo_73.jpg,140,Cow milk2,Mildly Spoiled,"(215, 230, 222)"
photo_74.jpg,142,Cow milk2,Mildly Spoiled,"(215, 230, 221)"
photo_75.jpg,144,Cow milk2,Mildly Spoiled,"(216, 230, 221)"
photo_76.jpg,146,Cow milk2,Mildly Spoiled,"(216, 230, 221)"
photo_77.jpg,148,Cow milk2,Mildly Spoiled,"(216, 230, 220)"
photo_78.jpg,150,Cow milk2,Mildly Spoiled,"(216, 230, 220)"
photo_79.jpg,152,Cow milk2,Mildly Spoiled,"(216, 230, 220)"
photo_80.jpg,154,Cow milk2,Mildly Spoiled,"(216, 230, 220)"
photo_81.jpg,156,Cow milk2,Mildly Spoiled,"(216, 230, 219)"
photo_82.jpg,158,Cow milk2,Mildly Spoiled,"(216, 229, 219)"
photo_83.jpg,160,Cow milk2,Mildly Spoiled,"(215, 229, 219)"
photo_84.jpg,162,Cow milk2,Mildly Spoiled,"(215, 229, 218)"
photo_85.jpg,164,Cow milk2,Mildly Spoiled,"(215, 229, 218)"
photo_86.jpg,166,Cow milk2,Mildly Spoiled,"(215, 229, 218)"
photo_87.jpg,168,Cow milk2,Mildly Spoiled,"(214, 229, 218)"
photo_88.jpg,170,Cow milk2,Mildly Spoiled,"(214, 228, 217)"
photo_89.jpg,172,Cow milk2,Mildly Spoiled,"(214, 228, 221)"
photo_90.jpg,174,Cow milk2,Mildly Spoiled,"(214, 228, 220)"
photo_91.jpg,176,Cow milk2,Mildly Spoiled,"(214, 228, 220)"
photo_92.jpg,178,Cow milk2,Mildly Spoiled,"(214, 227, 219)"
photo_93.jpg,180,Cow milk2,Mildly Spoiled,"(213, 227, 219)"
photo_94.jpg,182,Cow milk2,Mildly Spoiled,"(213, 227, 219)"
photo_95.jpg,184,Cow milk2,Mildly Spoiled,"(213, 227, 219)"
photo_96.jpg,186,Cow milk2,Mildly Spoiled,"(213, 227, 218)"
photo_97.jpg,188,Cow milk2,Mildly Spoiled,"(213, 227, 218)"
photo_98.jpg,190,Cow milk2,Mildly Spoiled,"(214, 227, 218)"
photo_99.jpg,192,Cow milk2,Mildly Spoiled,"(214, 227, 217)"
photo_100.jpg,194,Cow milk2,Mildly Spoiled,"(214, 227, 217)"
photo_101.jpg,196,Cow milk2,Mildly Spoiled,"(214, 227, 217)"
photo_102.jpg,198,Cow milk2,Mildly Spoiled,"(214, 227, 217)"
photo_103.jpg,200,Cow milk2,Mildly Spoiled,"(214, 227, 217)"
photo_104.jpg,202,Cow milk2,Mildly Spoiled,"(214, 227, 216)"
photo_105.jpg,204,Cow milk2,Mildly Spoiled,"(215, 227, 216)"
photo_106.jpg,206,Cow milk2,Mildly Spoiled,"(215, 227, 216)"
photo_107.jpg,208,Cow milk2,Mildly Spoiled,"(215, 227, 216)"
photo_108.jpg,210,Cow milk2,Mildly Spoiled,"(215, 227, 215)"
photo_109.jpg,212,Cow milk2,Mildly Spoiled,"(215, 227, 215)"
photo_110.jpg,214,Cow milk2,Mildly Spoiled,"(215, 226, 215)"
photo_111.jpg,216,Cow milk2,Mildly Spoiled,"(215, 227, 214)"
photo_112.jpg,218,Cow milk2,Mildly Spoiled,"(215, 226, 214)"
photo_113.jpg,220,Cow milk2,Mildly Spoiled,"(215, 226, 213)"
photo_114.jpg,222,Cow milk2,Mildly Spoiled,"(215, 226, 213)"
photo_115.jpg,224,Cow milk2,Mildly Spoiled,"(215, 226, 213)"
photo_116.jpg,226,Cow milk2,Mildly Spoiled,"(215, 226, 213)"
photo_117.jpg,228,Cow milk2,Mildly Spoiled,"(215, 226, 212)"
photo_118.jpg,230,Cow milk2,Mildly Spoiled,"(215, 225, 212)"
photo_119.jpg,232,Cow milk2,Mildly Spoiled,"(215, 225, 212)"
photo_120.jpg,234,Cow milk2,Mildly Spoiled,"(216, 225, 212)"
photo_121.jpg,236,Cow milk2,Mildly Spoiled,"(216, 225, 212)"
photo_122.jpg,238,Cow milk2,Mildly Spoiled,"(216, 225, 212)"
photo_123.jpg,240,Cow milk2,Mildly Spoiled,"(216, 225, 211)"
photo_124.jpg,242,Cow milk2,Mildly Spoiled,"(216, 224, 211)"
photo_125.jpg,244,Cow milk2,Mildly Spoiled,"(215, 224, 211)"
photo_126.jpg,246,Cow milk2,Mildly Spoiled,"(215, 224, 210)"
photo_127.jpg,248,Cow milk2,Mildly Spoiled,"(215, 224, 211)"
photo_128.jpg,250,Cow milk2,Mildly Spoiled,"(215, 224, 210)"
photo_129.jpg,252,Cow milk2,Mildly Spoiled,"(215, 223, 210)"
photo_130.jpg,254,Cow milk2,Mildly Spoiled,"(214, 223, 210)"
photo_131.jpg,256,Cow milk2,Mildly Spoiled,"(214, 223, 209)"
photo_132.jpg,258,Cow milk2,Mildly Spoiled,"(214, 222, 209)"
photo_133.jpg,260,Cow milk2,Mildly Spoiled,"(214, 222, 209)"
photo_134.jpg,262,Cow milk2,Mildly Spoiled,"(214, 222, 208)"
photo_135.jpg,264,Cow milk2,Mildly Spoiled,"(213, 222, 209)"
photo_136.jpg,266,Cow milk2,Mildly Spoiled,"(213, 222, 208)"
photo_137.jpg,268,Cow milk2,Mildly Spoiled,"(213, 221, 208)"
photo_138.jpg,270,Cow milk2,Mildly Spoiled,"(212, 221, 208)"
photo_139.jpg,272,Cow milk2,Mildly Spoiled,"(212, 221, 207)"
photo_140.jpg,274,Cow milk2,Mildly Spoiled,"(212, 221, 207)"
photo_141.jpg,276,Cow milk2,Mildly Spoiled,"(212, 220, 207)"
photo_142.jpg,278,Cow milk2,Mildly Spoiled,"(212, 220, 207)"
photo_143.jpg,280,Cow milk2,Mildly Spoiled,"(212, 220, 207)"
photo_144.jpg,282,Cow milk2,Mildly Spoiled,"(212, 220, 206)"
photo_145.jpg,284,Cow milk2,Mildly Spoiled,"(211, 219, 207)"
photo_146.jpg,286,Cow milk2,Mildly Spoiled,"(211, 219, 206)"
photo_147.jpg,288,Cow milk2,Mildly Spoiled,"(211, 219, 206)"
photo_148.jpg,290,Cow milk2,Mildly Spoiled,"(211, 219, 206)"
photo_149.jpg,292,Cow milk2,Mildly Spoiled,"(211, 219, 206)"
photo_150.jpg,294,Cow milk2,Mildly Spoiled,"(211, 219, 205)"
photo_151.jpg,296,Cow milk2,Mildly Spoiled,"(211, 218, 205)"
photo_152.jpg,298,Cow milk2,Mildly Spoiled,"(210, 218, 205)"
photo_153.jpg,300,Cow milk2,Mildly Spoiled,"(210, 218, 205)"
photo_154.jpg,302,Cow milk2,Mildly Spoiled,"(210, 218, 205)"
photo_155.jpg,304,Cow milk2,Mildly Spoiled,"(210, 218, 204)"
photo_156.jpg,306,Cow milk2,Mildly Spoiled,"(210, 218, 205)"
photo_157.jpg,308,Cow milk2,Mildly Spoiled,"(210, 218, 204)"
photo_158.jpg,310,Cow milk2,Mildly Spoiled,"(210, 217, 204)"
photo_159.jpg,312,Cow milk2,Mildly Spoiled,"(209, 217, 204)"
photo_160.jpg,314,Cow milk2,Mildly Spoiled,"(209, 217, 204)"
photo_161.jpg,316,Cow milk2,Mildly Spoiled,"(209, 217, 204)"
photo_162.jpg,318,Cow milk2,Mildly Spoiled,"(209, 217, 204)"
photo_163.jpg,320,Cow milk2,Mildly Spoiled,"(209, 217, 204)"
photo_164.jpg,322,Cow milk2,Mildly Spoiled,"(209, 217, 203)"
photo_165.jpg,324,Cow milk2,Mildly Spoiled,"(209, 217, 204)"
photo_166.jpg,326,Cow milk2,Mildly Spoiled,"(208, 217, 203)"
photo_167.jpg,328,Cow milk2,Mildly Spoiled,"(208, 217, 203)"
photo_168.jpg,330,Cow milk2,Mildly Spoiled,"(208, 216, 203)"
photo_169.jpg,332,Cow milk2,Mildly Spoiled,"(208, 216, 203)"
photo_170.jpg,334,Cow milk2,Mildly Spoiled,"(208, 216, 203)"
photo_171.jpg,336,Cow milk2,Mildly Spoiled,"(208, 216, 203)"
photo_172.jpg,338,Cow milk2,Mildly Spoiled,"(208, 216, 203)"
photo_173.jpg,340,Cow milk2,Mildly Spoiled,"(208, 216, 203)"
photo_174.jpg,342,Cow milk2,Mildly Spoiled,"(208, 216, 203)"
photo_175.jpg,344,Cow milk2,Mildly Spoiled,"(208, 216, 203)"
photo_176.jpg,346,Cow milk2,Mildly Spoiled,"(208, 216, 203)"
photo_177.jpg,348,Cow milk2,Mildly Spoiled,"(208, 216, 203)"
photo_178.jpg,350,Cow milk2,Mildly Spoiled,"(208, 216, 203)"
photo_179.jpg,352,Cow milk2,Mildly Spoiled,"(208, 216, 203)"
photo_180.jpg,354,Cow milk2,Mildly Spoiled,"(208, 216, 202)"
photo_181.jpg,356,Cow milk2,Mildly Spoiled,"(208, 216, 203)"
photo_182.jpg,358,Cow milk2,Mildly Spoiled,"(207, 216, 203)"
photo_183.jpg,360,Cow milk2,Mildly Spoiled,"(207, 216, 203)"
photo_184.jpg,362,Cow milk2,Mildly Spoiled,"(208, 215, 203)"
photo_185.jpg,364,Cow milk2,Mildly Spoiled,"(207, 215, 203)"
photo_186.jpg,366,Cow milk2,Mildly Spoiled,"(207, 215, 203)"
photo_187.jpg,368,Cow milk2,Mildly Spoiled,"(207, 215, 202)"
photo_188.jpg,370,Cow milk2,Mildly Spoiled,"(207, 215, 203)"
photo_189.jpg,372,Cow milk2,Mildly Spoiled,"(207, 215, 203)"
photo_190.jpg,374,Cow milk2,Mildly Spoiled,"(207, 215, 202)"
photo_191.jpg,376,Cow milk2,Mildly Spoiled,"(207, 215, 203)"
photo_192.jpg,378,Cow milk2,Mildly Spoiled,"(207, 215, 203)"
photo_193.jpg,380,Cow milk2,Mildly Spoiled,"(207, 215, 203)"
photo_194.jpg,382,Cow milk2,Mildly Spoiled,"(207, 215, 202)"
photo_195.jpg,384,Cow milk2,Mildly Spoiled,"(207, 215, 202)"
photo_196.jpg,386,Cow milk2,Mildly Spoiled,"(206, 215, 203)"
photo_197.jpg,388,Cow milk2,Mildly Spoiled,"(207, 215, 202)"
photo_198.jpg,390,Cow milk2,Mildly Spoiled,"(206, 215, 203)"
photo_199.jpg,392,Cow milk2,Mildly Spoiled,"(206, 215, 203)"
photo_200.jpg,394,Cow milk2,Mildly Spoiled,"(206, 215, 203)"
photo_201.jpg,396,Cow milk2,Mildly Spoiled,"(207, 215, 202)"
photo_202.jpg,398,Cow milk2,Mildly Spoiled,"(206, 215, 203)"
photo_203.jpg,400,Cow milk2,Mildly Spoiled,"(206, 215, 203)"
photo_204.jpg,402,Cow milk2,Mildly Spoiled,"(206, 215, 202)"
photo_205.jpg,404,Cow milk2,Mildly Spoiled,"(206, 215, 202)"
photo_206.jpg,406,Cow milk2,Mildly Spoiled,"(206, 215, 203)"
photo_207.jpg,408,Cow milk2,Mildly Spoiled,"(206, 215, 203)"
photo_208.jpg,410,Cow milk2,Mildly Spoiled,"(206, 215, 203)"
photo_209.jpg,412,Cow milk2,Mildly Spoiled,"(206, 215, 203)"
photo_210.jpg,414,Cow milk2,Mildly Spoiled,"(206, 215, 203)"
photo_211.jpg,416,Cow milk2,Mildly Spoiled,"(206, 215, 203)"
photo_212.jpg,418,Cow milk2,Mildly Spoiled,"(206, 215, 203)"
photo_213.jpg,420,Cow milk2,Mildly Spoiled,"(206, 215, 203)"
photo_214.jpg,422,Cow milk2,Mildly Spoiled,"(205, 215, 203)"
photo_215.jpg,424,Cow milk2,Mildly Spoiled,"(205, 215, 202)"
photo_216.jpg,426,Cow milk2,Mildly Spoiled,"(205, 215, 203)"
photo_217.jpg,428,Cow milk2,Mildly Spoiled,"(205, 215, 203)"
photo_218.jpg,430,Cow milk2,Mildly Spoiled,"(205, 215, 203)"
photo_219.jpg,432,Cow milk2,Mildly Spoiled,"(206, 215, 203)"
photo_220.jpg,434,Cow milk2,Mildly Spoiled,"(205, 215, 203)"
photo_221.jpg,436,Cow milk2,Mildly Spoiled,"(205, 215, 203)"
photo_4.jpg,2,Cow milk3, Spoiled,"(176, 222, 241)"
photo_5.jpg,4,Cow milk3, Spoiled,"(178, 222, 241)"
photo_6.jpg,6,Cow milk3, Spoiled,"(180, 223, 240)"
photo_7.jpg,8,Cow milk3, Spoiled,"(181, 223, 239)"
photo_8.jpg,10,Cow milk3, Spoiled,"(181, 222, 238)"
photo_9.jpg,12,Cow milk3, Spoiled,"(182, 222, 237)"
photo_10.jpg,14,Cow milk3, Spoiled,"(183, 222, 236)"
photo_11.jpg,16,Cow milk3, Spoiled,"(184, 222, 235)"
photo_12.jpg,18,Cow milk3, Spoiled,"(184, 222, 234)"
photo_13.jpg,20,Cow milk3, Spoiled,"(185, 223, 234)"
photo_14.jpg,22,Cow milk3, Spoiled,"(186, 223, 233)"
photo_15.jpg,24,Cow milk3, Spoiled,"(187, 223, 233)"
photo_16.jpg,26,Cow milk3, Spoiled,"(188, 223, 232)"
photo_17.jpg,28,Cow milk3, Spoiled,"(188, 224, 232)"
photo_18.jpg,30,Cow milk3, Spoiled,"(189, 224, 232)"
photo_19.jpg,32,Cow milk3, Spoiled,"(190, 224, 231)"
photo_20.jpg,34,Cow milk3, Spoiled,"(191, 224, 231)"
photo_21.jpg,36,Cow milk3, Spoiled,"(192, 225, 230)"
photo_22.jpg,38,Cow milk3, Spoiled,"(192, 225, 230)"
photo_23.jpg,40,Cow milk3, Spoiled,"(193, 225, 230)"
photo_24.jpg,42,Cow milk3, Spoiled,"(194, 225, 229)"
photo_25.jpg,44,Cow milk3, Spoiled,"(195, 225, 229)"
photo_26.jpg,46,Cow milk3, Spoiled,"(196, 226, 228)"
photo_27.jpg,48,Cow milk3, Spoiled,"(197, 226, 228)"
photo_28.jpg,50,Cow milk3, Spoiled,"(198, 226, 228)"
photo_29.jpg,52,Cow milk3, Spoiled,"(198, 227, 228)"
photo_30.jpg,54,Cow milk3, Spoiled,"(199, 227, 228)"
photo_31.jpg,56,Cow milk3, Spoiled,"(200, 227, 227)"
photo_32.jpg,58,Cow milk3, Spoiled,"(201, 228, 227)"
photo_33.jpg,60,Cow milk3, Spoiled,"(202, 228, 227)"
photo_34.jpg,62,Cow milk3, Spoiled,"(202, 228, 226)"
photo_35.jpg,64,Cow milk3, Spoiled,"(203, 228, 226)"
photo_36.jpg,66,Cow milk3, Spoiled,"(203, 228, 226)"
photo_37.jpg,68,Cow milk3, Spoiled,"(204, 228, 226)"
photo_38.jpg,70,Cow milk3, Spoiled,"(205, 229, 225)"
photo_39.jpg,72,Cow milk3, Spoiled,"(205, 229, 225)"
photo_40.jpg,74,Cow milk3, Spoiled,"(206, 229, 225)"
photo_41.jpg,76,Cow milk3, Spoiled,"(207, 229, 225)"
photo_42.jpg,78,Cow milk3, Spoiled,"(207, 229, 224)"
photo_43.jpg,80,Cow milk3, Spoiled,"(208, 229, 224)"
photo_44.jpg,82,Cow milk3, Spoiled,"(209, 230, 224)"
photo_45.jpg,84,Cow milk3, Spoiled,"(210, 230, 224)"
photo_46.jpg,86,Cow milk3, Spoiled,"(210, 230, 224)"
photo_47.jpg,88,Cow milk3, Spoiled,"(211, 230, 223)"
photo_48.jpg,90,Cow milk3, Spoiled,"(212, 230, 223)"
photo_49.jpg,92,Cow milk3, Spoiled,"(213, 230, 223)"
photo_50.jpg,94,Cow milk3, Spoiled,"(213, 230, 223)"
photo_51.jpg,96,Cow milk3, Spoiled,"(214, 230, 223)"
photo_52.jpg,98,Cow milk3, Spoiled,"(215, 230, 223)"
photo_53.jpg,100,Cow milk3, Spoiled,"(216, 230, 222)"
photo_54.jpg,102,Cow milk3, Spoiled,"(216, 230, 222)"
photo_55.jpg,104,Cow milk3, Spoiled,"(217, 231, 222)"
photo_56.jpg,106,Cow milk3, Spoiled,"(218, 231, 221)"
photo_57.jpg,108,Cow milk3, Spoiled,"(218, 231, 221)"
photo_58.jpg,110,Cow milk3, Spoiled,"(219, 231, 221)"
photo_59.jpg,112,Cow milk3, Spoiled,"(219, 231, 221)"
photo_60.jpg,114,Cow milk3, Spoiled,"(219, 231, 220)"
photo_61.jpg,116,Cow milk3, Spoiled,"(219, 230, 220)"
photo_62.jpg,118,Cow milk3, Spoiled,"(219, 231, 220)"
photo_63.jpg,120,Cow milk3, Spoiled,"(219, 231, 220)"
photo_64.jpg,122,Cow milk3, Spoiled,"(219, 231, 220)"
photo_65.jpg,124,Cow milk3, Spoiled,"(220, 230, 220)"
photo_66.jpg,126,Cow milk3, Spoiled,"(220, 231, 219)"
photo_67.jpg,128,Cow milk3, Spoiled,"(220, 231, 219)"
photo_68.jpg,130,Cow milk3, Spoiled,"(220, 231, 219)"
photo_69.jpg,132,Cow milk3, Spoiled,"(220, 230, 219)"
photo_70.jpg,134,Cow milk3, Spoiled,"(220, 230, 219)"
photo_71.jpg,136,Cow milk3, Spoiled,"(220, 230, 219)"
photo_72.jpg,138,Cow milk3, Spoiled,"(220, 230, 219)"
photo_73.jpg,140,Cow milk3, Spoiled,"(220, 230, 219)"
photo_74.jpg,142,Cow milk3, Spoiled,"(220, 230, 219)"
photo_75.jpg,144,Cow milk3, Spoiled,"(220, 230, 219)"
photo_76.jpg,146,Cow milk3, Spoiled,"(220, 230, 219)"
photo_77.jpg,148,Cow milk3, Spoiled,"(219, 230, 219)"
photo_78.jpg,150,Cow milk3, Spoiled,"(219, 230, 219)"
photo_79.jpg,152,Cow milk3, Spoiled,"(219, 230, 219)"
photo_80.jpg,154,Cow milk3, Spoiled,"(219, 230, 219)"
photo_81.jpg,156,Cow milk3, Spoiled,"(219, 230, 218)"
photo_82.jpg,158,Cow milk3, Spoiled,"(219, 229, 219)"
photo_83.jpg,160,Cow milk3, Spoiled,"(219, 229, 219)"
photo_84.jpg,162,Cow milk3, Spoiled,"(218, 229, 218)"
photo_85.jpg,164,Cow milk3, Spoiled,"(218, 229, 218)"
photo_86.jpg,166,Cow milk3, Spoiled,"(217, 229, 218)"
photo_87.jpg,168,Cow milk3, Spoiled,"(217, 228, 218)"
photo_88.jpg,170,Cow milk3, Spoiled,"(217, 228, 217)"
photo_89.jpg,172,Cow milk3, Spoiled,"(216, 227, 220)"
photo_90.jpg,174,Cow milk3, Spoiled,"(216, 226, 220)"
photo_91.jpg,176,Cow milk3, Spoiled,"(215, 226, 220)"
photo_92.jpg,178,Cow milk3, Spoiled,"(214, 225, 219)"
photo_93.jpg,180,Cow milk3, Spoiled,"(214, 225, 218)"
photo_94.jpg,182,Cow milk3, Spoiled,"(213, 224, 217)"
photo_95.jpg,184,Cow milk3, Spoiled,"(212, 223, 216)"
photo_96.jpg,186,Cow milk3, Spoiled,"(211, 222, 215)"
photo_97.jpg,188,Cow milk3, Spoiled,"(211, 221, 214)"
photo_98.jpg,190,Cow milk3, Spoiled,"(210, 221, 214)"
photo_99.jpg,192,Cow milk3, Spoiled,"(209, 220, 213)"
photo_100.jpg,194,Cow milk3, Spoiled,"(208, 220, 212)"
photo_101.jpg,196,Cow milk3, Spoiled,"(208, 219, 211)"
photo_102.jpg,198,Cow milk3, Spoiled,"(207, 219, 211)"
photo_103.jpg,200,Cow milk3, Spoiled,"(207, 218, 210)"
photo_104.jpg,202,Cow milk3, Spoiled,"(206, 218, 210)"
photo_105.jpg,204,Cow milk3, Spoiled,"(206, 217, 210)"
photo_106.jpg,206,Cow milk3, Spoiled,"(206, 217, 209)"
photo_107.jpg,208,Cow milk3, Spoiled,"(205, 217, 208)"
photo_108.jpg,210,Cow milk3, Spoiled,"(205, 216, 208)"
photo_109.jpg,212,Cow milk3, Spoiled,"(205, 216, 208)"
photo_110.jpg,214,Cow milk3, Spoiled,"(205, 216, 208)"
photo_111.jpg,216,Cow milk3, Spoiled,"(204, 215, 208)"
photo_112.jpg,218,Cow milk3, Spoiled,"(204, 215, 207)"
photo_113.jpg,220,Cow milk3, Spoiled,"(204, 215, 207)"
photo_114.jpg,222,Cow milk3, Spoiled,"(204, 215, 207)"
photo_115.jpg,224,Cow milk3, Spoiled,"(204, 215, 206)"
photo_116.jpg,226,Cow milk3, Spoiled,"(203, 215, 207)"
photo_117.jpg,228,Cow milk3, Spoiled,"(203, 214, 207)"
photo_118.jpg,230,Cow milk3, Spoiled,"(203, 214, 206)"
photo_119.jpg,232,Cow milk3, Spoiled,"(203, 214, 206)"
photo_120.jpg,234,Cow milk3, Spoiled,"(202, 214, 206)"
photo_121.jpg,236,Cow milk3, Spoiled,"(202, 214, 206)"
photo_122.jpg,238,Cow milk3, Spoiled,"(203, 214, 206)"
photo_123.jpg,240,Cow milk3, Spoiled,"(202, 214, 206)"
photo_124.jpg,242,Cow milk3, Spoiled,"(202, 214, 206)"
photo_125.jpg,244,Cow milk3, Spoiled,"(202, 214, 206)"
photo_126.jpg,246,Cow milk3, Spoiled,"(202, 214, 206)"
photo_127.jpg,248,Cow milk3, Spoiled,"(202, 213, 206)"
photo_128.jpg,250,Cow milk3, Spoiled,"(202, 214, 205)"
photo_129.jpg,252,Cow milk3, Spoiled,"(202, 213, 206)"
photo_130.jpg,254,Cow milk3, Spoiled,"(202, 214, 206)"
photo_131.jpg,256,Cow milk3, Spoiled,"(202, 213, 205)"
photo_132.jpg,258,Cow milk3, Spoiled,"(202, 213, 206)"
photo_133.jpg,260,Cow milk3, Spoiled,"(202, 214, 206)"
photo_134.jpg,262,Cow milk3, Spoiled,"(202, 213, 206)"
photo_135.jpg,264,Cow milk3, Spoiled,"(202, 213, 206)"
photo_136.jpg,266,Cow milk3, Spoiled,"(201, 213, 206)"
photo_137.jpg,268,Cow milk3, Spoiled,"(201, 213, 205)"
photo_138.jpg,270,Cow milk3, Spoiled,"(201, 213, 206)"
photo_139.jpg,272,Cow milk3, Spoiled,"(201, 213, 206)"
photo_140.jpg,274,Cow milk3, Spoiled,"(201, 213, 206)"
photo_141.jpg,276,Cow milk3, Spoiled,"(201, 213, 206)"
photo_142.jpg,278,Cow milk3, Spoiled,"(201, 213, 206)"
photo_143.jpg,280,Cow milk3, Spoiled,"(201, 213, 206)"
photo_144.jpg,282,Cow milk3, Spoiled,"(201, 213, 206)"
photo_145.jpg,284,Cow milk3, Spoiled,"(201, 213, 206)"
photo_146.jpg,286,Cow milk3, Spoiled,"(201, 213, 206)"
photo_147.jpg,288,Cow milk3, Spoiled,"(201, 213, 206)"
photo_148.jpg,290,Cow milk3, Spoiled,"(201, 213, 206)"
photo_149.jpg,292,Cow milk3, Spoiled,"(201, 213, 206)"
photo_150.jpg,294,Cow milk3, Spoiled,"(201, 213, 206)"
photo_151.jpg,296,Cow milk3, Spoiled,"(201, 213, 206)"
photo_152.jpg,298,Cow milk3, Spoiled,"(201, 213, 206)"
photo_153.jpg,300,Cow milk3, Spoiled,"(201, 213, 206)"
photo_154.jpg,302,Cow milk3, Spoiled,"(201, 213, 206)"
photo_155.jpg,304,Cow milk3, Spoiled,"(200, 213, 206)"
photo_156.jpg,306,Cow milk3, Spoiled,"(201, 213, 206)"
photo_157.jpg,308,Cow milk3, Spoiled,"(200, 213, 206)"
photo_158.jpg,310,Cow milk3, Spoiled,"(200, 213, 206)"
photo_159.jpg,312,Cow milk3, Spoiled,"(200, 213, 206)"
photo_160.jpg,314,Cow milk3, Spoiled,"(200, 213, 206)"
photo_161.jpg,316,Cow milk3, Spoiled,"(200, 213, 206)"
photo_162.jpg,318,Cow milk3, Spoiled,"(200, 213, 206)"
photo_163.jpg,320,Cow milk3, Spoiled,"(200, 213, 206)"
photo_164.jpg,322,Cow milk3, Spoiled,"(200, 213, 206)"
photo_165.jpg,324,Cow milk3, Spoiled,"(200, 213, 206)"
photo_166.jpg,326,Cow milk3, Spoiled,"(200, 213, 206)"
photo_167.jpg,328,Cow milk3, Spoiled,"(199, 213, 206)"
photo_168.jpg,330,Cow milk3, Spoiled,"(200, 213, 207)"
photo_169.jpg,332,Cow milk3, Spoiled,"(200, 213, 206)"
photo_170.jpg,334,Cow milk3, Spoiled,"(200, 213, 207)"
photo_171.jpg,336,Cow milk3, Spoiled,"(199, 213, 206)"
photo_172.jpg,338,Cow milk3, Spoiled,"(199, 213, 207)"
photo_173.jpg,340,Cow milk3, Spoiled,"(199, 213, 207)"
photo_174.jpg,342,Cow milk3, Spoiled,"(200, 213, 207)"
photo_175.jpg,344,Cow milk3, Spoiled,"(199, 213, 206)"
photo_176.jpg,346,Cow milk3, Spoiled,"(199, 212, 206)"
photo_177.jpg,348,Cow milk3, Spoiled,"(199, 212, 207)"
photo_178.jpg,350,Cow milk3, Spoiled,"(199, 212, 207)"
photo_179.jpg,352,Cow milk3, Spoiled,"(199, 212, 206)"
photo_180.jpg,354,Cow milk3, Spoiled,"(199, 212, 207)"
photo_181.jpg,356,Cow milk3, Spoiled,"(199, 212, 207)"
photo_182.jpg,358,Cow milk3, Spoiled,"(199, 212, 207)"
photo_183.jpg,360,Cow milk3, Spoiled,"(199, 212, 207)"
photo_184.jpg,362,Cow milk3, Spoiled,"(199, 212, 207)"
photo_185.jpg,364,Cow milk3, Spoiled,"(199, 212, 207)"
photo_186.jpg,366,Cow milk3, Spoiled,"(198, 212, 206)"
photo_187.jpg,368,Cow milk3, Spoiled,"(198, 212, 207)"
photo_188.jpg,370,Cow milk3, Spoiled,"(198, 212, 206)"
photo_189.jpg,372,Cow milk3, Spoiled,"(198, 212, 207)"
photo_190.jpg,374,Cow milk3, Spoiled,"(198, 212, 207)"
photo_191.jpg,376,Cow milk3, Spoiled,"(198, 212, 207)"
photo_192.jpg,378,Cow milk3, Spoiled,"(198, 212, 207)"
photo_193.jpg,380,Cow milk3, Spoiled,"(198, 212, 207)"
photo_194.jpg,382,Cow milk3, Spoiled,"(198, 212, 207)"
photo_195.jpg,384,Cow milk3, Spoiled,"(198, 212, 206)"
photo_196.jpg,386,Cow milk3, Spoiled,"(198, 212, 207)"
photo_197.jpg,388,Cow milk3, Spoiled,"(197, 212, 207)"
photo_198.jpg,390,Cow milk3, Spoiled,"(198, 212, 207)"
photo_199.jpg,392,Cow milk3, Spoiled,"(197, 212, 207)"
photo_200.jpg,394,Cow milk3, Spoiled,"(198, 212, 207)"
photo_201.jpg,396,Cow milk3, Spoiled,"(197, 212, 207)"
photo_202.jpg,398,Cow milk3, Spoiled,"(197, 212, 207)"
photo_203.jpg,400,Cow milk3, Spoiled,"(197, 211, 207)"
photo_204.jpg,402,Cow milk3, Spoiled,"(197, 212, 207)"
photo_205.jpg,404,Cow milk3, Spoiled,"(197, 212, 207)"
photo_206.jpg,406,Cow milk3, Spoiled,"(197, 211, 207)"
photo_207.jpg,408,Cow milk3, Spoiled,"(197, 211, 207)"
photo_208.jpg,410,Cow milk3, Spoiled,"(196, 212, 207)"
photo_209.jpg,412,Cow milk3, Spoiled,"(197, 211, 207)"
photo_210.jpg,414,Cow milk3, Spoiled,"(197, 211, 207)"
photo_211.jpg,416,Cow milk3, Spoiled,"(196, 211, 207)"
photo_212.jpg,418,Cow milk3, Spoiled,"(197, 211, 207)"
photo_213.jpg,420,Cow milk3, Spoiled,"(196, 211, 207)"
photo_214.jpg,422,Cow milk3, Spoiled,"(196, 211, 207)"
photo_215.jpg,424,Cow milk3, Spoiled,"(196, 211, 208)"
photo_216.jpg,426,Cow milk3, Spoiled,"(196, 211, 208)"
photo_217.jpg,428,Cow milk3, Spoiled,"(196, 211, 208)"
photo_218.jpg,430,Cow milk3, Spoiled,"(196, 211, 207)"
photo_219.jpg,432,Cow milk3, Spoiled,"(196, 211, 208)"
photo_220.jpg,434,Cow milk3, Spoiled,"(196, 211, 208)"
photo_221.jpg,436,Cow milk3, Spoiled,"(196, 211, 208)"
photo_3.jpg,2,Cow milk1, Spoiled,"(203, 239, 239)"
photo_4.jpg,4,Cow milk1, Spoiled,"(209, 242, 240)"
photo_5.jpg,6,Cow milk1, Spoiled,"(214, 244, 240)"
photo_6.jpg,8,Cow milk1, Spoiled,"(216, 244, 237)"
photo_7.jpg,10,Cow milk1, Spoiled,"(218, 244, 234)"
photo_8.jpg,12,Cow milk1, Spoiled,"(221, 245, 234)"
photo_9.jpg,14,Cow milk1, Spoiled,"(222, 244, 230)"
photo_10.jpg,16,Cow milk1, Spoiled,"(224, 245, 230)"
photo_11.jpg,18,Cow milk1, Spoiled,"(227, 245, 230)"
photo_12.jpg,20,Cow milk1, Spoiled,"(228, 245, 229)"
photo_13.jpg,22,Cow milk1, Spoiled,"(230, 246, 228)"
photo_14.jpg,24,Cow milk1, Spoiled,"(231, 246, 228)"
photo_15.jpg,26,Cow milk1, Spoiled,"(233, 246, 228)"
photo_16.jpg,28,Cow milk1, Spoiled,"(234, 246, 228)"
photo_17.jpg,30,Cow milk1, Spoiled,"(235, 247, 227)"
photo_18.jpg,32,Cow milk1, Spoiled,"(235, 247, 227)"
photo_19.jpg,34,Cow milk1, Spoiled,"(236, 247, 227)"
photo_20.jpg,36,Cow milk1, Spoiled,"(236, 247, 227)"
photo_21.jpg,38,Cow milk1, Spoiled,"(236, 247, 227)"
photo_22.jpg,40,Cow milk1, Spoiled,"(237, 247, 226)"
photo_23.jpg,42,Cow milk1, Spoiled,"(237, 247, 226)"
photo_24.jpg,44,Cow milk1, Spoiled,"(237, 247, 226)"
photo_25.jpg,46,Cow milk1, Spoiled,"(237, 247, 226)"
photo_26.jpg,48,Cow milk1, Spoiled,"(237, 247, 226)"
photo_27.jpg,50,Cow milk1, Spoiled,"(238, 247, 226)"
photo_28.jpg,52,Cow milk1, Spoiled,"(238, 247, 226)"
photo_29.jpg,54,Cow milk1, Spoiled,"(238, 247, 227)"
photo_30.jpg,56,Cow milk1, Spoiled,"(238, 247, 226)"
photo_31.jpg,58,Cow milk1, Spoiled,"(238, 247, 226)"
photo_32.jpg,60,Cow milk1, Spoiled,"(238, 247, 226)"
photo_33.jpg,62,Cow milk1, Spoiled,"(238, 247, 226)"
photo_34.jpg,64,Cow milk1, Spoiled,"(238, 247, 226)"
photo_35.jpg,66,Cow milk1, Spoiled,"(238, 247, 226)"
photo_36.jpg,68,Cow milk1, Spoiled,"(238, 247, 226)"
photo_37.jpg,70,Cow milk1, Spoiled,"(238, 247, 226)"
photo_38.jpg,72,Cow milk1, Spoiled,"(238, 247, 226)"
photo_39.jpg,74,Cow milk1, Spoiled,"(238, 247, 226)"
photo_40.jpg,76,Cow milk1, Spoiled,"(238, 247, 226)"
photo_41.jpg,78,Cow milk1, Spoiled,"(238, 247, 227)"
photo_42.jpg,80,Cow milk1, Spoiled,"(239, 247, 226)"
photo_43.jpg,82,Cow milk1, Spoiled,"(238, 247, 226)"
photo_44.jpg,84,Cow milk1, Spoiled,"(238, 247, 226)"
photo_45.jpg,86,Cow milk1, Spoiled,"(238, 247, 226)"
photo_46.jpg,88,Cow milk1, Spoiled,"(238, 247, 226)"
photo_47.jpg,90,Cow milk1, Spoiled,"(238, 247, 227)"
photo_48.jpg,92,Cow milk1, Spoiled,"(238, 247, 226)"
photo_49.jpg,94,Cow milk1, Spoiled,"(238, 247, 227)"
photo_50.jpg,96,Cow milk1, Spoiled,"(238, 247, 227)"
photo_51.jpg,98,Cow milk1, Spoiled,"(238, 247, 227)"
photo_52.jpg,100,Cow milk1, Spoiled,"(238, 248, 227)"
photo_53.jpg,102,Cow milk1, Spoiled,"(239, 247, 227)"
photo_54.jpg,104,Cow milk1, Spoiled,"(239, 247, 227)"
photo_55.jpg,106,Cow milk1, Spoiled,"(239, 247, 227)"
photo_56.jpg,108,Cow milk1, Spoiled,"(238, 247, 227)"
photo_57.jpg,110,Cow milk1, Spoiled,"(238, 247, 227)"
photo_58.jpg,112,Cow milk1, Spoiled,"(238, 247, 227)"
photo_59.jpg,114,Cow milk1, Spoiled,"(239, 247, 227)"
photo_60.jpg,116,Cow milk1, Spoiled,"(239, 247, 227)"
photo_61.jpg,118,Cow milk1, Spoiled,"(239, 247, 227)"
photo_62.jpg,120,Cow milk1, Spoiled,"(239, 247, 227)"
photo_63.jpg,122,Cow milk1, Spoiled,"(238, 247, 227)"
photo_64.jpg,124,Cow milk1, Spoiled,"(238, 247, 227)"
photo_65.jpg,126,Cow milk1, Spoiled,"(238, 247, 227)"
photo_66.jpg,128,Cow milk1, Spoiled,"(238, 247, 227)"
photo_67.jpg,130,Cow milk1, Spoiled,"(239, 247, 227)"
photo_68.jpg,132,Cow milk1, Spoiled,"(239, 248, 227)"
photo_69.jpg,134,Cow milk1, Spoiled,"(239, 247, 227)"
photo_70.jpg,136,Cow milk1, Spoiled,"(239, 247, 227)"
photo_71.jpg,138,Cow milk1, Spoiled,"(238, 247, 227)"
photo_72.jpg,140,Cow milk1, Spoiled,"(238, 248, 227)"
photo_73.jpg,142,Cow milk1, Spoiled,"(239, 247, 227)"
photo_74.jpg,144,Cow milk1, Spoiled,"(238, 248, 227)"
photo_75.jpg,146,Cow milk1, Spoiled,"(239, 247, 227)"
photo_76.jpg,148,Cow milk1, Spoiled,"(239, 248, 227)"
photo_77.jpg,150,Cow milk1, Spoiled,"(238, 248, 227)"
photo_78.jpg,152,Cow milk1, Spoiled,"(238, 248, 227)"
photo_79.jpg,154,Cow milk1, Spoiled,"(239, 247, 227)"
photo_80.jpg,156,Cow milk1, Spoiled,"(239, 247, 227)"
photo_81.jpg,158,Cow milk1, Spoiled,"(238, 247, 227)"
photo_82.jpg,160,Cow milk1, Spoiled,"(238, 247, 227)"
photo_83.jpg,162,Cow milk1, Spoiled,"(238, 247, 228)"
photo_84.jpg,164,Cow milk1, Spoiled,"(238, 247, 227)"
photo_85.jpg,166,Cow milk1, Spoiled,"(238, 247, 228)"
photo_86.jpg,168,Cow milk1, Spoiled,"(239, 247, 228)"
photo_87.jpg,170,Cow milk1, Spoiled,"(239, 247, 227)"
photo_88.jpg,172,Cow milk1, Spoiled,"(239, 247, 227)"
photo_89.jpg,174,Cow milk1, Spoiled,"(238, 247, 228)"
photo_90.jpg,176,Cow milk1, Spoiled,"(238, 247, 227)"
photo_91.jpg,178,Cow milk1, Spoiled,"(239, 247, 228)"
photo_92.jpg,180,Cow milk1, Spoiled,"(238, 247, 228)"
photo_93.jpg,182,Cow milk1, Spoiled,"(238, 248, 227)"
photo_94.jpg,184,Cow milk1, Spoiled,"(238, 247, 228)"
photo_95.jpg,186,Cow milk1, Spoiled,"(238, 247, 228)"
photo_96.jpg,188,Cow milk1, Spoiled,"(237, 248, 228)"
photo_97.jpg,190,Cow milk1, Spoiled,"(236, 248, 228)"
photo_98.jpg,192,Cow milk1, Spoiled,"(237, 248, 228)"
photo_99.jpg,194,Cow milk1, Spoiled,"(237, 248, 228)"
photo_100.jpg,196,Cow milk1, Spoiled,"(236, 248, 228)"
photo_101.jpg,198,Cow milk1, Spoiled,"(237, 248, 228)"
photo_102.jpg,200,Cow milk1, Spoiled,"(236, 248, 228)"
photo_103.jpg,202,Cow milk1, Spoiled,"(236, 248, 228)"
photo_104.jpg,204,Cow milk1, Spoiled,"(236, 248, 228)"
photo_105.jpg,206,Cow milk1, Spoiled,"(237, 248, 228)"
photo_106.jpg,208,Cow milk1, Spoiled,"(237, 248, 228)"
photo_107.jpg,210,Cow milk1, Spoiled,"(237, 248, 228)"
photo_108.jpg,212,Cow milk1, Spoiled,"(237, 248, 228)"
photo_109.jpg,214,Cow milk1, Spoiled,"(236, 248, 229)"
photo_110.jpg,216,Cow milk1, Spoiled,"(236, 248, 229)"
photo_111.jpg,218,Cow milk1, Spoiled,"(236, 248, 229)"
photo_112.jpg,220,Cow milk1, Spoiled,"(237, 248, 229)"
photo_113.jpg,222,Cow milk1, Spoiled,"(237, 248, 229)"
photo_114.jpg,224,Cow milk1, Spoiled,"(236, 248, 229)"
photo_115.jpg,226,Cow milk1, Spoiled,"(236, 248, 229)"
photo_116.jpg,228,Cow milk1, Spoiled,"(236, 248, 228)"
photo_117.jpg,230,Cow milk1, Spoiled,"(236, 248, 229)"
photo_118.jpg,232,Cow milk1, Spoiled,"(236, 248, 228)"
photo_119.jpg,234,Cow milk1, Spoiled,"(237, 248, 228)"
photo_120.jpg,236,Cow milk1, Spoiled,"(236, 248, 229)"
photo_121.jpg,238,Cow milk1, Spoiled,"(237, 248, 229)"
photo_122.jpg,240,Cow milk1, Spoiled,"(236, 248, 229)"
photo_123.jpg,242,Cow milk1, Spoiled,"(236, 248, 229)"
photo_124.jpg,244,Cow milk1, Spoiled,"(236, 248, 229)"
photo_125.jpg,246,Cow milk1, Spoiled,"(236, 248, 229)"
photo_126.jpg,248,Cow milk1, Spoiled,"(236, 248, 229)"
photo_127.jpg,250,Cow milk1, Spoiled,"(236, 248, 229)"
photo_128.jpg,252,Cow milk1, Spoiled,"(236, 248, 229)"
photo_129.jpg,254,Cow milk1, Spoiled,"(236, 248, 229)"
photo_130.jpg,256,Cow milk1, Spoiled,"(236, 248, 229)"
photo_131.jpg,258,Cow milk1, Spoiled,"(236, 247, 229)"
photo_132.jpg,260,Cow milk1, Spoiled,"(236, 248, 229)"
photo_133.jpg,262,Cow milk1, Spoiled,"(236, 247, 229)"
photo_134.jpg,264,Cow milk1, Spoiled,"(236, 247, 229)"
photo_135.jpg,266,Cow milk1, Spoiled,"(236, 248, 229)"
photo_136.jpg,268,Cow milk1, Spoiled,"(236, 248, 229)"
photo_137.jpg,270,Cow milk1, Spoiled,"(236, 247, 229)"
photo_138.jpg,272,Cow milk1, Spoiled,"(236, 248, 229)"
photo_139.jpg,274,Cow milk1, Spoiled,"(236, 248, 229)"
photo_140.jpg,276,Cow milk1, Spoiled,"(236, 247, 229)"
photo_141.jpg,278,Cow milk1, Spoiled,"(236, 248, 229)"
photo_142.jpg,280,Cow milk1, Spoiled,"(236, 248, 229)"
photo_143.jpg,282,Cow milk1, Spoiled,"(236, 248, 229)"
photo_144.jpg,284,Cow milk1, Spoiled,"(236, 248, 229)"
photo_145.jpg,286,Cow milk1, Spoiled,"(236, 248, 229)"
photo_146.jpg,288,Cow milk1, Spoiled,"(236, 248, 229)"
photo_147.jpg,290,Cow milk1, Spoiled,"(236, 247, 229)"
photo_148.jpg,292,Cow milk1, Spoiled,"(236, 248, 230)"
photo_149.jpg,294,Cow milk1, Spoiled,"(236, 248, 229)"
photo_150.jpg,296,Cow milk1, Spoiled,"(236, 248, 229)"
photo_151.jpg,298,Cow milk1, Spoiled,"(236, 248, 230)"
photo_152.jpg,300,Cow milk1, Spoiled,"(236, 247, 229)"
photo_153.jpg,302,Cow milk1, Spoiled,"(236, 248, 229)"
photo_154.jpg,304,Cow milk1, Spoiled,"(236, 248, 229)"
photo_155.jpg,306,Cow milk1, Spoiled,"(236, 248, 230)"
photo_156.jpg,308,Cow milk1, Spoiled,"(236, 248, 229)"
photo_157.jpg,310,Cow milk1, Spoiled,"(236, 248, 230)"
photo_158.jpg,312,Cow milk1, Spoiled,"(236, 248, 230)"
photo_159.jpg,314,Cow milk1, Spoiled,"(235, 247, 230)"
photo_160.jpg,316,Cow milk1, Spoiled,"(236, 248, 230)"
photo_161.jpg,318,Cow milk1, Spoiled,"(236, 247, 230)"
photo_162.jpg,320,Cow milk1, Spoiled,"(236, 247, 230)"
photo_163.jpg,322,Cow milk1, Spoiled,"(236, 247, 230)"
photo_164.jpg,324,Cow milk1,Spoiled,"(236, 247, 230)"
photo_165.jpg,326,Cow milk1,Spoiled,"(236, 247, 230)"
photo_166.jpg,328,Cow milk1,Spoiled,"(236, 248, 230)"
photo_167.jpg,330,Cow milk1,Spoiled,"(236, 247, 230)"
photo_168.jpg,332,Cow milk1,Spoiled,"(236, 247, 230)"
photo_169.jpg,334,Cow milk1,Spoiled,"(236, 247, 230)"
photo_170.jpg,336,Cow milk1,Spoiled,"(235, 248, 230)"
photo_171.jpg,338,Cow milk1,Spoiled,"(236, 247, 230)"
photo_172.jpg,340,Cow milk1,Spoiled,"(236, 247, 230)"
photo_173.jpg,342,Cow milk1,Spoiled,"(235, 247, 230)"
photo_174.jpg,344,Cow milk1,Spoiled,"(235, 247, 230)"
photo_175.jpg,346,Cow milk1,Spoiled,"(236, 247, 230)"
photo_176.jpg,348,Cow milk1,Spoiled,"(235, 248, 230)"
photo_177.jpg,350,Cow milk1,Spoiled,"(236, 247, 230)"
photo_178.jpg,352,Cow milk1,Spoiled,"(235, 248, 230)"
photo_179.jpg,354,Cow milk1,Spoiled,"(236, 247, 230)"
photo_180.jpg,356,Cow milk1,Spoiled,"(236, 248, 230)"
photo_3.jpg,2,Cow milk2,Spoiled,"(191, 233, 244)"
photo_4.jpg,4,Cow milk2,Spoiled,"(196, 236, 246)"
photo_5.jpg,6,Cow milk2,Spoiled,"(198, 237, 246)"
photo_6.jpg,8,Cow milk2,Spoiled,"(201, 239, 245)"
photo_7.jpg,10,Cow milk2,Spoiled,"(203, 239, 244)"
photo_8.jpg,12,Cow milk2,Spoiled,"(206, 241, 243)"
photo_9.jpg,14,Cow milk2,Spoiled,"(208, 241, 241)"
photo_10.jpg,16,Cow milk2,Spoiled,"(212, 242, 240)"
photo_11.jpg,18,Cow milk2,Spoiled,"(215, 243, 240)"
photo_12.jpg,20,Cow milk2,Spoiled,"(218, 244, 239)"
photo_13.jpg,22,Cow milk2,Spoiled,"(221, 245, 239)"
photo_14.jpg,24,Cow milk2,Spoiled,"(223, 245, 238)"
photo_15.jpg,26,Cow milk2,Spoiled,"(226, 245, 238)"
photo_16.jpg,28,Cow milk2,Spoiled,"(228, 246, 237)"
photo_17.jpg,30,Cow milk2,Spoiled,"(229, 246, 237)"
photo_18.jpg,32,Cow milk2,Spoiled,"(231, 246, 236)"
photo_19.jpg,34,Cow milk2,Spoiled,"(232, 246, 236)"
photo_20.jpg,36,Cow milk2,Spoiled,"(233, 246, 235)"
photo_21.jpg,38,Cow milk2,Spoiled,"(234, 247, 235)"
photo_22.jpg,40,Cow milk2,Spoiled,"(235, 247, 235)"
photo_23.jpg,42,Cow milk2,Spoiled,"(236, 247, 235)"
photo_24.jpg,44,Cow milk2,Spoiled,"(236, 247, 234)"
photo_25.jpg,46,Cow milk2,Spoiled,"(237, 247, 234)"
photo_26.jpg,48,Cow milk2,Spoiled,"(237, 247, 234)"
photo_27.jpg,50,Cow milk2,Spoiled,"(237, 247, 234)"
photo_28.jpg,52,Cow milk2,Spoiled,"(237, 247, 235)"
photo_29.jpg,54,Cow milk2,Spoiled,"(237, 247, 235)"
photo_30.jpg,56,Cow milk2,Spoiled,"(236, 247, 235)"
photo_31.jpg,58,Cow milk2,Spoiled,"(236, 247, 235)"
photo_32.jpg,60,Cow milk2,Spoiled,"(236, 247, 235)"
photo_33.jpg,62,Cow milk2,Spoiled,"(236, 247, 235)"
photo_34.jpg,64,Cow milk2,Spoiled,"(236, 247, 235)"
photo_35.jpg,66,Cow milk2,Spoiled,"(236, 247, 235)"
photo_36.jpg,68,Cow milk2,Spoiled,"(236, 247, 235)"
photo_37.jpg,70,Cow milk2,Spoiled,"(236, 247, 235)"
photo_38.jpg,72,Cow milk2,Spoiled,"(236, 247, 235)"
photo_39.jpg,74,Cow milk2,Spoiled,"(236, 247, 235)"
photo_40.jpg,76,Cow milk2,Spoiled,"(236, 247, 235)"
photo_41.jpg,78,Cow milk2,Spoiled,"(236, 247, 235)"
photo_42.jpg,80,Cow milk2,Spoiled,"(236, 247, 235)"
photo_43.jpg,82,Cow milk2,Spoiled,"(237, 247, 235)"
photo_44.jpg,84,Cow milk2,Spoiled,"(237, 247, 235)"
photo_45.jpg,86,Cow milk2,Spoiled,"(237, 247, 235)"
photo_46.jpg,88,Cow milk2,Spoiled,"(237, 247, 235)"
photo_47.jpg,90,Cow milk2,Spoiled,"(238, 247, 235)"
photo_48.jpg,92,Cow milk2,Spoiled,"(238, 247, 235)"
photo_49.jpg,94,Cow milk2,Spoiled,"(238, 247, 234)"
photo_50.jpg,96,Cow milk2,Spoiled,"(238, 247, 235)"
photo_51.jpg,98,Cow milk2,Spoiled,"(238, 247, 235)"
photo_52.jpg,100,Cow milk2,Spoiled,"(239, 248, 234)"
photo_53.jpg,102,Cow milk2,Spoiled,"(239, 247, 234)"
photo_54.jpg,104,Cow milk2,Spoiled,"(239, 247, 234)"
photo_55.jpg,106,Cow milk2,Spoiled,"(239, 247, 234)"
photo_56.jpg,108,Cow milk2,Spoiled,"(239, 248, 234)"
photo_57.jpg,110,Cow milk2,Spoiled,"(239, 248, 234)"
photo_58.jpg,112,Cow milk2,Spoiled,"(239, 248, 234)"
photo_59.jpg,114,Cow milk2,Spoiled,"(240, 248, 234)"
photo_60.jpg,116,Cow milk2,Spoiled,"(240, 248, 234)"
photo_61.jpg,118,Cow milk2,Spoiled,"(240, 248, 234)"
photo_62.jpg,120,Cow milk2,Spoiled,"(240, 248, 234)"
photo_63.jpg,122,Cow milk2,Spoiled,"(240, 248, 234)"
photo_64.jpg,124,Cow milk2,Spoiled,"(240, 248, 234)"
photo_65.jpg,126,Cow milk2,Spoiled,"(240, 248, 234)"
photo_66.jpg,128,Cow milk2,Spoiled,"(240, 248, 234)"
photo_67.jpg,130,Cow milk2,Spoiled,"(240, 248, 234)"
photo_68.jpg,132,Cow milk2,Spoiled,"(240, 248, 234)"
photo_69.jpg,134,Cow milk2,Spoiled,"(240, 248, 234)"
photo_70.jpg,136,Cow milk2,Spoiled,"(240, 248, 234)"
photo_71.jpg,138,Cow milk2,Spoiled,"(241, 248, 234)"
photo_72.jpg,140,Cow milk2,Spoiled,"(241, 248, 234)"
photo_73.jpg,142,Cow milk2,Spoiled,"(240, 248, 233)"
photo_74.jpg,144,Cow milk2,Spoiled,"(241, 248, 234)"
photo_75.jpg,146,Cow milk2,Spoiled,"(241, 248, 234)"
photo_76.jpg,148,Cow milk2,Spoiled,"(241, 248, 234)"
photo_77.jpg,150,Cow milk2,Spoiled,"(241, 248, 234)"
photo_78.jpg,152,Cow milk2,Spoiled,"(241, 248, 234)"
photo_79.jpg,154,Cow milk2,Spoiled,"(241, 248, 233)"
photo_80.jpg,156,Cow milk2,Spoiled,"(241, 248, 234)"
photo_81.jpg,158,Cow milk2,Spoiled,"(241, 248, 233)"
photo_82.jpg,160,Cow milk2,Spoiled,"(241, 248, 234)"
photo_83.jpg,162,Cow milk2,Spoiled,"(241, 248, 234)"
photo_84.jpg,164,Cow milk2,Spoiled,"(241, 248, 234)"
photo_85.jpg,166,Cow milk2,Spoiled,"(241, 248, 234)"
photo_86.jpg,168,Cow milk2,Spoiled,"(241, 248, 233)"
photo_87.jpg,170,Cow milk2,Spoiled,"(241, 248, 233)"
photo_88.jpg,172,Cow milk2,Spoiled,"(241, 248, 233)"
photo_89.jpg,174,Cow milk2,Spoiled,"(241, 248, 234)"
photo_90.jpg,176,Cow milk2,Spoiled,"(241, 248, 233)"
photo_91.jpg,178,Cow milk2,Spoiled,"(241, 248, 233)"
photo_92.jpg,180,Cow milk2,Spoiled,"(241, 248, 233)"
photo_93.jpg,182,Cow milk2,Spoiled,"(241, 248, 233)"
photo_94.jpg,184,Cow milk2,Spoiled,"(241, 248, 234)"
photo_95.jpg,186,Cow milk2,Spoiled,"(241, 248, 233)"
photo_96.jpg,188,Cow milk2,Spoiled,"(240, 248, 234)"
photo_97.jpg,190,Cow milk2,Spoiled,"(240, 248, 234)"
photo_98.jpg,192,Cow milk2,Spoiled,"(240, 248, 234)"
photo_99.jpg,194,Cow milk2,Spoiled,"(240, 248, 234)"
photo_100.jpg,196,Cow milk2,Spoiled,"(240, 248, 234)"
photo_101.jpg,198,Cow milk2,Spoiled,"(240, 248, 234)"
photo_102.jpg,200,Cow milk2,Spoiled,"(240, 248, 234)"
photo_103.jpg,202,Cow milk2,Spoiled,"(240, 248, 234)"
photo_104.jpg,204,Cow milk2,Spoiled,"(240, 248, 234)"
photo_105.jpg,206,Cow milk2,Spoiled,"(240, 248, 234)"
photo_106.jpg,208,Cow milk2,Spoiled,"(240, 248, 234)"
photo_107.jpg,210,Cow milk2,Spoiled,"(240, 248, 234)"
photo_108.jpg,212,Cow milk2,Spoiled,"(240, 248, 234)"
photo_109.jpg,214,Cow milk2,Spoiled,"(240, 248, 234)"
photo_110.jpg,216,Cow milk2,Spoiled,"(240, 248, 234)"
photo_111.jpg,218,Cow milk2,Spoiled,"(240, 248, 234)"
photo_112.jpg,220,Cow milk2,Spoiled,"(240, 248, 234)"
photo_113.jpg,222,Cow milk2,Spoiled,"(240, 248, 234)"
photo_114.jpg,224,Cow milk2,Spoiled,"(240, 248, 234)"
photo_115.jpg,226,Cow milk2,Spoiled,"(240, 248, 234)"
photo_116.jpg,228,Cow milk2,Spoiled,"(240, 248, 234)"
photo_117.jpg,230,Cow milk2,Spoiled,"(240, 248, 234)"
photo_118.jpg,232,Cow milk2,Spoiled,"(240, 248, 234)"
photo_119.jpg,234,Cow milk2,Spoiled,"(240, 248, 234)"
photo_120.jpg,236,Cow milk2,Spoiled,"(240, 248, 234)"
photo_121.jpg,238,Cow milk2,Spoiled,"(240, 248, 234)"
photo_122.jpg,240,Cow milk2,Spoiled,"(240, 248, 234)"
photo_123.jpg,242,Cow milk2,Spoiled,"(240, 248, 234)"
photo_124.jpg,244,Cow milk2,Spoiled,"(240, 248, 234)"
photo_125.jpg,246,Cow milk2,Spoiled,"(240, 248, 234)"
photo_126.jpg,248,Cow milk2,Spoiled,"(240, 248, 234)"
photo_127.jpg,250,Cow milk2,Spoiled,"(240, 248, 234)"
photo_128.jpg,252,Cow milk2,Spoiled,"(240, 248, 234)"
photo_129.jpg,254,Cow milk2,Spoiled,"(240, 248, 234)"
photo_130.jpg,256,Cow milk2,Spoiled,"(240, 248, 234)"
photo_131.jpg,258,Cow milk2,Spoiled,"(240, 248, 234)"
photo_132.jpg,260,Cow milk2,Spoiled,"(240, 248, 234)"
photo_133.jpg,262,Cow milk2,Spoiled,"(240, 248, 234)"
photo_134.jpg,264,Cow milk2,Spoiled,"(240, 248, 234)"
photo_135.jpg,266,Cow milk2,Spoiled,"(240, 248, 234)"
photo_136.jpg,268,Cow milk2,Spoiled,"(240, 248, 234)"
photo_137.jpg,270,Cow milk2,Spoiled,"(240, 248, 235)"
photo_138.jpg,272,Cow milk2,Spoiled,"(240, 248, 235)"
photo_139.jpg,274,Cow milk2,Spoiled,"(240, 248, 235)"
photo_140.jpg,276,Cow milk2,Spoiled,"(240, 248, 235)"
photo_141.jpg,278,Cow milk2,Spoiled,"(240, 248, 234)"
photo_142.jpg,280,Cow milk2,Spoiled,"(240, 248, 235)"
photo_143.jpg,282,Cow milk2,Spoiled,"(240, 248, 235)"
photo_144.jpg,284,Cow milk2,Spoiled,"(240, 248, 235)"
photo_145.jpg,286,Cow milk2,Spoiled,"(240, 248, 235)"
photo_146.jpg,288,Cow milk2,Spoiled,"(240, 248, 235)"
photo_147.jpg,290,Cow milk2,Spoiled,"(240, 248, 235)"
photo_148.jpg,292,Cow milk2,Spoiled,"(240, 248, 235)"
photo_149.jpg,294,Cow milk2,Spoiled,"(240, 248, 235)"
photo_150.jpg,296,Cow milk2,Spoiled,"(240, 248, 235)"
photo_151.jpg,298,Cow milk2,Spoiled,"(240, 248, 235)"
photo_152.jpg,300,Cow milk2,Spoiled,"(240, 248, 235)"
photo_153.jpg,302,Cow milk2,Spoiled,"(240, 248, 235)"
photo_154.jpg,304,Cow milk2,Spoiled,"(240, 248, 235)"
photo_155.jpg,306,Cow milk2,Spoiled,"(240, 248, 235)"
photo_156.jpg,308,Cow milk2,Spoiled,"(240, 248, 235)"
photo_157.jpg,310,Cow milk2,Spoiled,"(240, 248, 234)"
photo_158.jpg,312,Cow milk2,Spoiled,"(240, 248, 235)"
photo_159.jpg,314,Cow milk2,Spoiled,"(240, 248, 234)"
photo_160.jpg,316,Cow milk2,Spoiled,"(240, 248, 235)"
photo_161.jpg,318,Cow milk2,Spoiled,"(240, 248, 235)"
photo_162.jpg,320,Cow milk2,Spoiled,"(240, 248, 235)"
photo_163.jpg,322,Cow milk2,Spoiled,"(240, 248, 235)"
photo_164.jpg,324,Cow milk2,Spoiled,"(239, 248, 235)"
photo_165.jpg,326,Cow milk2,Spoiled,"(240, 248, 235)"
photo_166.jpg,328,Cow milk2,Spoiled,"(240, 248, 235)"
photo_167.jpg,330,Cow milk2,Spoiled,"(240, 248, 235)"
photo_168.jpg,332,Cow milk2,Spoiled,"(240, 248, 235)"
photo_169.jpg,334,Cow milk2,Spoiled,"(240, 248, 235)"
photo_170.jpg,336,Cow milk2,Spoiled,"(240, 248, 235)"
photo_171.jpg,338,Cow milk2,Spoiled,"(240, 248, 235)"
photo_172.jpg,340,Cow milk2,Spoiled,"(240, 248, 235)"
photo_173.jpg,342,Cow milk2,Spoiled,"(240, 248, 235)"
photo_174.jpg,344,Cow milk2,Spoiled,"(240, 248, 235)"
photo_175.jpg,346,Cow milk2,Spoiled,"(240, 248, 235)"
photo_176.jpg,348,Cow milk2,Spoiled,"(240, 248, 235)"
photo_177.jpg,350,Cow milk2,Spoiled,"(240, 248, 235)"
photo_178.jpg,352,Cow milk2,Spoiled,"(240, 248, 235)"
photo_179.jpg,354,Cow milk2,Spoiled,"(240, 248, 235)"
photo_180.jpg,356,Cow milk2,Spoiled,"(240, 248, 235)"
photo_3.jpg,2,Cow milk3,Spoiled,"(177, 223, 242)"
photo_4.jpg,4,Cow milk3,Spoiled,"(180, 225, 242)"
photo_5.jpg,6,Cow milk3,Spoiled,"(183, 227, 241)"
photo_6.jpg,8,Cow milk3,Spoiled,"(186, 229, 242)"
photo_7.jpg,10,Cow milk3,Spoiled,"(189, 229, 240)"
photo_8.jpg,12,Cow milk3,Spoiled,"(192, 231, 240)"
photo_9.jpg,14,Cow milk3,Spoiled,"(194, 231, 238)"
photo_10.jpg,16,Cow milk3,Spoiled,"(197, 232, 237)"
photo_11.jpg,18,Cow milk3,Spoiled,"(200, 233, 237)"
photo_12.jpg,20,Cow milk3,Spoiled,"(202, 234, 237)"
photo_13.jpg,22,Cow milk3,Spoiled,"(204, 235, 236)"
photo_14.jpg,24,Cow milk3,Spoiled,"(206, 236, 236)"
photo_15.jpg,26,Cow milk3,Spoiled,"(208, 236, 235)"
photo_16.jpg,28,Cow milk3,Spoiled,"(210, 237, 235)"
photo_17.jpg,30,Cow milk3,Spoiled,"(212, 237, 235)"
photo_18.jpg,32,Cow milk3,Spoiled,"(213, 238, 234)"
photo_19.jpg,34,Cow milk3,Spoiled,"(215, 238, 234)"
photo_20.jpg,36,Cow milk3,Spoiled,"(216, 238, 234)"
photo_21.jpg,38,Cow milk3,Spoiled,"(217, 238, 234)"
photo_22.jpg,40,Cow milk3,Spoiled,"(218, 239, 234)"
photo_23.jpg,42,Cow milk3,Spoiled,"(219, 239, 234)"
photo_24.jpg,44,Cow milk3,Spoiled,"(220, 239, 234)"
photo_25.jpg,46,Cow milk3,Spoiled,"(220, 239, 233)"
photo_26.jpg,48,Cow milk3,Spoiled,"(221, 239, 233)"
photo_27.jpg,50,Cow milk3,Spoiled,"(222, 239, 233)"
photo_28.jpg,52,Cow milk3,Spoiled,"(222, 239, 233)"
photo_29.jpg,54,Cow milk3,Spoiled,"(222, 239, 233)"
photo_30.jpg,56,Cow milk3,Spoiled,"(223, 239, 233)"
photo_31.jpg,58,Cow milk3,Spoiled,"(223, 239, 233)"
photo_32.jpg,60,Cow milk3,Spoiled,"(223, 240, 233)"
photo_33.jpg,62,Cow milk3,Spoiled,"(224, 240, 233)"
photo_34.jpg,64,Cow milk3,Spoiled,"(224, 239, 233)"
photo_35.jpg,66,Cow milk3,Spoiled,"(224, 240, 233)"
photo_36.jpg,68,Cow milk3,Spoiled,"(224, 240, 232)"
photo_37.jpg,70,Cow milk3,Spoiled,"(224, 240, 233)"
photo_38.jpg,72,Cow milk3,Spoiled,"(224, 239, 233)"
photo_39.jpg,74,Cow milk3,Spoiled,"(224, 239, 233)"
photo_40.jpg,76,Cow milk3,Spoiled,"(224, 239, 233)"
photo_41.jpg,78,Cow milk3,Spoiled,"(223, 239, 233)"
photo_42.jpg,80,Cow milk3,Spoiled,"(224, 239, 233)"
photo_43.jpg,82,Cow milk3,Spoiled,"(224, 240, 232)"
photo_44.jpg,84,Cow milk3,Spoiled,"(224, 239, 232)"
photo_45.jpg,86,Cow milk3,Spoiled,"(224, 239, 233)"
photo_46.jpg,88,Cow milk3,Spoiled,"(224, 240, 233)"
photo_47.jpg,90,Cow milk3,Spoiled,"(224, 239, 232)"
photo_48.jpg,92,Cow milk3,Spoiled,"(224, 239, 233)"
photo_49.jpg,94,Cow milk3,Spoiled,"(224, 239, 232)"
photo_50.jpg,96,Cow milk3,Spoiled,"(224, 239, 232)"
photo_51.jpg,98,Cow milk3,Spoiled,"(224, 240, 232)"
photo_52.jpg,100,Cow milk3,Spoiled,"(224, 239, 233)"
photo_53.jpg,102,Cow milk3,Spoiled,"(224, 239, 233)"
photo_54.jpg,104,Cow milk3,Spoiled,"(224, 239, 233)"
photo_55.jpg,106,Cow milk3,Spoiled,"(224, 239, 232)"
photo_56.jpg,108,Cow milk3,Spoiled,"(224, 239, 232)"
photo_57.jpg,110,Cow milk3,Spoiled,"(224, 239, 233)"
photo_58.jpg,112,Cow milk3,Spoiled,"(224, 239, 233)"
photo_59.jpg,114,Cow milk3,Spoiled,"(224, 240, 232)"
photo_60.jpg,116,Cow milk3,Spoiled,"(224, 240, 232)"
photo_61.jpg,118,Cow milk3,Spoiled,"(224, 239, 233)"
photo_62.jpg,120,Cow milk3,Spoiled,"(224, 239, 233)"
photo_63.jpg,122,Cow milk3,Spoiled,"(225, 239, 232)"
photo_64.jpg,124,Cow milk3,Spoiled,"(224, 239, 233)"
photo_65.jpg,126,Cow milk3,Spoiled,"(225, 240, 232)"
photo_66.jpg,128,Cow milk3,Spoiled,"(225, 239, 232)"
photo_67.jpg,130,Cow milk3,Spoiled,"(225, 240, 232)"
photo_68.jpg,132,Cow milk3,Spoiled,"(225, 240, 232)"
photo_69.jpg,134,Cow milk3,Spoiled,"(225, 240, 232)"
photo_70.jpg,136,Cow milk3,Spoiled,"(225, 240, 232)"
photo_71.jpg,138,Cow milk3,Spoiled,"(225, 240, 233)"
photo_72.jpg,140,Cow milk3,Spoiled,"(225, 240, 232)"
photo_73.jpg,142,Cow milk3,Spoiled,"(225, 240, 232)"
photo_74.jpg,144,Cow milk3,Spoiled,"(225, 240, 232)"
photo_75.jpg,146,Cow milk3,Spoiled,"(225, 240, 232)"
photo_76.jpg,148,Cow milk3,Spoiled,"(225, 240, 232)"
photo_77.jpg,150,Cow milk3,Spoiled,"(225, 240, 232)"
photo_78.jpg,152,Cow milk3,Spoiled,"(225, 240, 232)"
photo_79.jpg,154,Cow milk3,Spoiled,"(225, 240, 232)"
photo_80.jpg,156,Cow milk3,Spoiled,"(225, 240, 232)"
photo_81.jpg,158,Cow milk3,Spoiled,"(225, 240, 232)"
photo_82.jpg,160,Cow milk3,Spoiled,"(225, 240, 233)"
photo_83.jpg,162,Cow milk3,Spoiled,"(225, 240, 232)"
photo_84.jpg,164,Cow milk3,Spoiled,"(225, 240, 232)"
photo_85.jpg,166,Cow milk3,Spoiled,"(225, 240, 232)"
photo_86.jpg,168,Cow milk3,Spoiled,"(225, 239, 232)"
photo_87.jpg,170,Cow milk3,Spoiled,"(225, 240, 232)"
photo_88.jpg,172,Cow milk3,Spoiled,"(226, 240, 232)"
photo_89.jpg,174,Cow milk3,Spoiled,"(225, 240, 232)"
photo_90.jpg,176,Cow milk3,Spoiled,"(225, 240, 232)"
photo_91.jpg,178,Cow milk3,Spoiled,"(226, 240, 232)"
photo_92.jpg,180,Cow milk3,Spoiled,"(226, 240, 232)"
photo_93.jpg,182,Cow milk3,Spoiled,"(226, 240, 232)"
photo_94.jpg,184,Cow milk3,Spoiled,"(226, 240, 232)"
photo_95.jpg,186,Cow milk3,Spoiled,"(226, 240, 232)"
photo_96.jpg,188,Cow milk3,Spoiled,"(224, 240, 233)"
photo_97.jpg,190,Cow milk3,Spoiled,"(224, 240, 232)"
photo_98.jpg,192,Cow milk3,Spoiled,"(224, 240, 232)"
photo_99.jpg,194,Cow milk3,Spoiled,"(224, 240, 233)"
photo_100.jpg,196,Cow milk3,Spoiled,"(224, 240, 233)"
photo_101.jpg,198,Cow milk3,Spoiled,"(224, 240, 233)"
photo_102.jpg,200,Cow milk3,Spoiled,"(224, 240, 232)"
photo_103.jpg,202,Cow milk3,Spoiled,"(224, 240, 232)"
photo_104.jpg,204,Cow milk3,Spoiled,"(224, 240, 232)"
photo_105.jpg,206,Cow milk3,Spoiled,"(224, 240, 233)"
photo_106.jpg,208,Cow milk3,Spoiled,"(224, 240, 232)"
photo_107.jpg,210,Cow milk3,Spoiled,"(224, 240, 233)"
photo_108.jpg,212,Cow milk3,Spoiled,"(224, 240, 232)"
photo_109.jpg,214,Cow milk3,Spoiled,"(224, 240, 233)"
photo_110.jpg,216,Cow milk3,Spoiled,"(224, 240, 233)"
photo_111.jpg,218,Cow milk3,Spoiled,"(224, 240, 233)"
photo_112.jpg,220,Cow milk3,Spoiled,"(224, 240, 232)"
photo_113.jpg,222,Cow milk3,Spoiled,"(224, 240, 232)"
photo_114.jpg,224,Cow milk3,Spoiled,"(225, 240, 233)"
photo_115.jpg,226,Cow milk3,Spoiled,"(225, 240, 232)"
photo_116.jpg,228,Cow milk3,Spoiled,"(224, 240, 232)"
photo_117.jpg,230,Cow milk3,Spoiled,"(224, 240, 232)"
photo_118.jpg,232,Cow milk3,Spoiled,"(224, 240, 232)"
photo_119.jpg,234,Cow milk3,Spoiled,"(224, 240, 232)"
photo_120.jpg,236,Cow milk3,Spoiled,"(225, 240, 232)"
photo_121.jpg,238,Cow milk3,Spoiled,"(224, 240, 232)"
photo_122.jpg,240,Cow milk3,Spoiled,"(225, 240, 232)"
photo_123.jpg,242,Cow milk3,Spoiled,"(224, 240, 233)"
photo_124.jpg,244,Cow milk3,Spoiled,"(225, 240, 232)"
photo_125.jpg,246,Cow milk3,Spoiled,"(224, 240, 233)"
photo_126.jpg,248,Cow milk3,Spoiled,"(224, 240, 232)"
photo_127.jpg,250,Cow milk3,Spoiled,"(224, 240, 233)"
photo_128.jpg,252,Cow milk3,Spoiled,"(224, 240, 233)"
photo_129.jpg,254,Cow milk3,Spoiled,"(224, 240, 233)"
photo_130.jpg,256,Cow milk3,Spoiled,"(224, 240, 233)"
photo_131.jpg,258,Cow milk3,Spoiled,"(224, 240, 233)"
photo_132.jpg,260,Cow milk3,Spoiled,"(224, 240, 233)"
photo_133.jpg,262,Cow milk3,Spoiled,"(224, 240, 233)"
photo_134.jpg,264,Cow milk3,Spoiled,"(224, 240, 233)"
photo_135.jpg,266,Cow milk3,Spoiled,"(224, 240, 233)"
photo_136.jpg,268,Cow milk3,Spoiled,"(224, 240, 233)"
photo_137.jpg,270,Cow milk3,Spoiled,"(224, 240, 233)"
photo_138.jpg,272,Cow milk3,Spoiled,"(224, 240, 233)"
photo_139.jpg,274,Cow milk3,Spoiled,"(224, 240, 233)"
photo_140.jpg,276,Cow milk3,Spoiled,"(224, 240, 233)"
photo_141.jpg,278,Cow milk3,Spoiled,"(224, 240, 233)"
photo_142.jpg,280,Cow milk3,Spoiled,"(224, 240, 233)"
photo_143.jpg,282,Cow milk3,Spoiled,"(224, 240, 233)"
photo_144.jpg,284,Cow milk3,Spoiled,"(224, 240, 233)"
photo_145.jpg,286,Cow milk3,Spoiled,"(224, 240, 233)"
photo_146.jpg,288,Cow milk3,Spoiled,"(224, 240, 233)"
photo_147.jpg,290,Cow milk3,Spoiled,"(224, 240, 233)"
photo_148.jpg,292,Cow milk3,Spoiled,"(224, 240, 233)"
photo_149.jpg,294,Cow milk3,Spoiled,"(224, 240, 233)"
photo_150.jpg,296,Cow milk3,Spoiled,"(224, 240, 233)"
photo_151.jpg,298,Cow milk3,Spoiled,"(224, 240, 233)"
photo_152.jpg,300,Cow milk3,Spoiled,"(224, 240, 233)"
photo_153.jpg,302,Cow milk3,Spoiled,"(224, 240, 233)"
photo_154.jpg,304,Cow milk3,Spoiled,"(224, 240, 233)"
photo_155.jpg,306,Cow milk3,Spoiled,"(224, 240, 233)"
photo_156.jpg,308,Cow milk3,Spoiled,"(224, 240, 233)"
photo_157.jpg,310,Cow milk3,Spoiled,"(224, 240, 233)"
photo_158.jpg,312,Cow milk3,Spoiled,"(224, 240, 233)"
photo_159.jpg,314,Cow milk3,Spoiled,"(224, 240, 233)"
photo_160.jpg,316,Cow milk3,Spoiled,"(224, 240, 233)"
photo_161.jpg,318,Cow milk3,Spoiled,"(224, 240, 233)"
photo_162.jpg,320,Cow milk3,Spoiled,"(224, 240, 233)"
photo_163.jpg,322,Cow milk3,Spoiled,"(224, 240, 233)"
photo_164.jpg,324,Cow milk3,Spoiled,"(224, 240, 233)"
photo_165.jpg,326,Cow milk3,Spoiled,"(224, 240, 233)"
photo_166.jpg,328,Cow milk3,Spoiled,"(224, 240, 233)"
photo_167.jpg,330,Cow milk3,Spoiled,"(224, 240, 233)"
photo_168.jpg,332,Cow milk3,Spoiled,"(224, 240, 233)"
photo_169.jpg,334,Cow milk3,Spoiled,"(224, 240, 233)"
photo_170.jpg,336,Cow milk3,Spoiled,"(224, 240, 233)"
photo_171.jpg,338,Cow milk3,Spoiled,"(224, 240, 233)"
photo_172.jpg,340,Cow milk3,Spoiled,"(224, 240, 233)"
photo_173.jpg,342,Cow milk3,Spoiled,"(224, 240, 233)"
photo_174.jpg,344,Cow milk3,Spoiled,"(224, 240, 233)"
photo_175.jpg,346,Cow milk3,Spoiled,"(224, 239, 233)"
photo_176.jpg,348,Cow milk3,Spoiled,"(224, 240, 233)"
photo_177.jpg,350,Cow milk3,Spoiled,"(224, 240, 233)"
photo_178.jpg,352,Cow milk3,Spoiled,"(224, 240, 233)"
photo_179.jpg,354,Cow milk3,Spoiled,"(224, 240, 233)"
photo_180.jpg,356,Cow milk3,Spoiled,"(223, 240, 233)"
photo_4.jpg,2,Arokya,Fresh,"(190, 229, 241)"
photo_5.jpg,4,Arokya,Fresh,"(191, 228, 240)"
photo_6.jpg,6,Arokya,Fresh,"(191, 228, 240)"
photo_7.jpg,8,Arokya,Fresh,"(190, 226, 238)"
photo_8.jpg,10,Arokya,Fresh,"(190, 225, 237)"
photo_9.jpg,12,Arokya,Fresh,"(189, 225, 236)"
photo_10.jpg,14,Arokya,Fresh,"(189, 224, 234)"
photo_11.jpg,16,Arokya,Fresh,"(190, 224, 234)"
photo_12.jpg,18,Arokya,Fresh,"(189, 224, 234)"
photo_13.jpg,20,Arokya,Fresh,"(189, 224, 233)"
photo_14.jpg,22,Arokya,Fresh,"(190, 223, 233)"
photo_15.jpg,24,Arokya,Fresh,"(190, 223, 233)"
photo_16.jpg,26,Arokya,Fresh,"(190, 223, 232)"
photo_17.jpg,28,Arokya,Fresh,"(190, 223, 232)"
photo_18.jpg,30,Arokya,Fresh,"(190, 223, 232)"
photo_19.jpg,32,Arokya,Fresh,"(190, 223, 232)"
photo_20.jpg,34,Arokya,Fresh,"(190, 223, 231)"
photo_21.jpg,36,Arokya,Fresh,"(190, 223, 231)"
photo_22.jpg,38,Arokya,Fresh,"(191, 223, 231)"
photo_23.jpg,40,Arokya,Fresh,"(190, 223, 231)"
photo_24.jpg,42,Arokya,Fresh,"(191, 223, 230)"
photo_25.jpg,44,Arokya,Fresh,"(191, 222, 230)"
photo_26.jpg,46,Arokya,Fresh,"(191, 222, 230)"
photo_27.jpg,48,Arokya,Fresh,"(191, 222, 230)"
photo_28.jpg,50,Arokya,Fresh,"(191, 222, 230)"
photo_29.jpg,52,Arokya,Fresh,"(191, 222, 229)"
photo_30.jpg,54,Arokya,Fresh,"(191, 223, 229)"
photo_31.jpg,56,Arokya,Fresh,"(191, 222, 229)"
photo_32.jpg,58,Arokya,Fresh,"(191, 223, 230)"
photo_33.jpg,60,Arokya,Fresh,"(191, 223, 229)"
photo_34.jpg,62,Arokya,Fresh,"(192, 223, 229)"
photo_35.jpg,64,Arokya,Fresh,"(192, 223, 229)"
photo_36.jpg,66,Arokya,Fresh,"(192, 223, 229)"
photo_37.jpg,68,Arokya,Fresh,"(192, 223, 229)"
photo_38.jpg,70,Arokya,Fresh,"(192, 223, 229)"
photo_39.jpg,72,Arokya,Fresh,"(193, 223, 229)"
photo_40.jpg,74,Arokya,Fresh,"(193, 223, 228)"
photo_41.jpg,76,Arokya,Fresh,"(193, 223, 228)"
photo_42.jpg,78,Arokya,Fresh,"(194, 224, 228)"
photo_43.jpg,80,Arokya,Fresh,"(194, 224, 228)"
photo_44.jpg,82,Arokya,Fresh,"(195, 224, 228)"
photo_45.jpg,84,Arokya,Fresh,"(195, 224, 228)"
photo_46.jpg,86,Arokya,Fresh,"(196, 225, 228)"
photo_47.jpg,88,Arokya,Fresh,"(197, 225, 228)"
photo_48.jpg,90,Arokya,Fresh,"(197, 225, 228)"
photo_49.jpg,92,Arokya,Fresh,"(197, 225, 227)"
photo_50.jpg,94,Arokya,Fresh,"(198, 226, 227)"
photo_51.jpg,96,Arokya,Fresh,"(198, 226, 227)"
photo_52.jpg,98,Arokya,Fresh,"(200, 226, 227)"
photo_53.jpg,100,Arokya,Fresh,"(200, 227, 227)"
photo_54.jpg,102,Arokya,Fresh,"(201, 227, 226)"
photo_55.jpg,104,Arokya,Fresh,"(202, 227, 226)"
photo_56.jpg,106,Arokya,Fresh,"(203, 228, 226)"
photo_57.jpg,108,Arokya,Fresh,"(203, 228, 226)"
photo_58.jpg,110,Arokya,Fresh,"(204, 228, 226)"
photo_59.jpg,112,Arokya,Fresh,"(205, 229, 226)"
photo_60.jpg,114,Arokya,Fresh,"(206, 229, 225)"
photo_61.jpg,116,Arokya,Fresh,"(207, 229, 225)"
photo_62.jpg,118,Arokya,Fresh,"(207, 230, 225)"
photo_63.jpg,120,Arokya,Fresh,"(208, 230, 225)"
photo_64.jpg,122,Arokya,Fresh,"(209, 230, 224)"
photo_65.jpg,124,Arokya,Fresh,"(210, 231, 224)"
photo_66.jpg,126,Arokya,Fresh,"(211, 231, 224)"
photo_67.jpg,128,Arokya,Fresh,"(212, 231, 224)"
photo_68.jpg,130,Arokya,Fresh,"(212, 231, 224)"
photo_69.jpg,132,Arokya,Fresh,"(213, 232, 223)"
photo_70.jpg,134,Arokya,Fresh,"(214, 232, 223)"
photo_71.jpg,136,Arokya,Fresh,"(215, 232, 223)"
photo_72.jpg,138,Arokya,Fresh,"(215, 232, 223)"
photo_73.jpg,140,Arokya,Fresh,"(216, 233, 223)"
photo_74.jpg,142,Arokya,Fresh,"(217, 233, 222)"
photo_75.jpg,144,Arokya,Fresh,"(217, 233, 222)"
photo_76.jpg,146,Arokya,Fresh,"(218, 233, 222)"
photo_77.jpg,148,Arokya,Fresh,"(219, 233, 222)"
photo_78.jpg,150,Arokya,Fresh,"(220, 234, 221)"
photo_79.jpg,152,Arokya,Fresh,"(220, 234, 221)"
photo_80.jpg,154,Arokya,Fresh,"(221, 234, 221)"
photo_81.jpg,156,Arokya,Fresh,"(222, 234, 220)"
photo_82.jpg,158,Arokya,Fresh,"(222, 234, 220)"
photo_83.jpg,160,Arokya,Fresh,"(223, 234, 220)"
photo_84.jpg,162,Arokya,Fresh,"(224, 235, 220)"
photo_85.jpg,164,Arokya,Fresh,"(225, 235, 220)"
photo_86.jpg,166,Arokya,Fresh,"(225, 235, 219)"
photo_87.jpg,168,Arokya,Fresh,"(226, 235, 219)"
photo_88.jpg,170,Arokya,Fresh,"(227, 235, 219)"
photo_89.jpg,172,Arokya,Fresh,"(227, 235, 218)"
photo_90.jpg,174,Arokya,Fresh,"(228, 235, 218)"
photo_91.jpg,176,Arokya,Fresh,"(229, 235, 218)"
photo_92.jpg,178,Arokya,Fresh,"(229, 236, 217)"
photo_93.jpg,180,Arokya,Fresh,"(229, 235, 217)"
photo_94.jpg,182,Arokya,Fresh,"(230, 235, 217)"
photo_95.jpg,184,Arokya,Fresh,"(230, 236, 217)"
photo_96.jpg,186,Arokya,Fresh,"(229, 236, 217)"
photo_97.jpg,188,Arokya,Fresh,"(229, 236, 218)"
photo_98.jpg,190,Arokya,Fresh,"(229, 236, 218)"
photo_99.jpg,192,Arokya,Fresh,"(229, 236, 218)"
photo_100.jpg,194,Arokya,Fresh,"(229, 236, 218)"
photo_101.jpg,196,Arokya,Fresh,"(229, 236, 218)"
photo_102.jpg,198,Arokya,Fresh,"(229, 236, 218)"
photo_103.jpg,200,Arokya,Fresh,"(229, 236, 218)"
photo_104.jpg,202,Arokya,Fresh,"(229, 236, 218)"
photo_105.jpg,204,Arokya,Fresh,"(229, 236, 218)"
photo_106.jpg,206,Arokya,Fresh,"(229, 236, 218)"
photo_107.jpg,208,Arokya,Fresh,"(229, 236, 218)"
photo_108.jpg,210,Arokya,Fresh,"(229, 236, 218)"
photo_109.jpg,212,Arokya,Fresh,"(229, 236, 218)"
photo_110.jpg,214,Arokya,Fresh,"(229, 236, 217)"
photo_111.jpg,216,Arokya,Fresh,"(229, 236, 218)"
photo_112.jpg,218,Arokya,Fresh,"(230, 236, 218)"
photo_113.jpg,220,Arokya,Fresh,"(229, 236, 217)"
photo_114.jpg,222,Arokya,Fresh,"(229, 236, 218)"
photo_115.jpg,224,Arokya,Fresh,"(230, 236, 217)"
photo_116.jpg,226,Arokya,Fresh,"(230, 236, 218)"
photo_117.jpg,228,Arokya,Fresh,"(229, 236, 218)"
photo_118.jpg,230,Arokya,Fresh,"(230, 236, 218)"
photo_119.jpg,232,Arokya,Fresh,"(229, 236, 218)"
photo_120.jpg,234,Arokya,Fresh,"(229, 236, 218)"
photo_121.jpg,236,Arokya,Fresh,"(229, 236, 218)"
photo_122.jpg,238,Arokya,Fresh,"(230, 236, 218)"
photo_123.jpg,240,Arokya,Fresh,"(229, 236, 218)"
photo_124.jpg,242,Arokya,Fresh,"(229, 236, 218)"
photo_125.jpg,244,Arokya,Fresh,"(230, 236, 217)"
photo_126.jpg,246,Arokya,Fresh,"(229, 235, 218)"
photo_127.jpg,248,Arokya,Fresh,"(230, 236, 218)"
photo_128.jpg,250,Arokya,Fresh,"(229, 235, 217)"
photo_129.jpg,252,Arokya,Fresh,"(230, 235, 218)"
photo_130.jpg,254,Arokya,Fresh,"(229, 235, 217)"
photo_131.jpg,256,Arokya,Fresh,"(229, 235, 218)"
photo_132.jpg,258,Arokya,Fresh,"(230, 235, 218)"
photo_133.jpg,260,Arokya,Fresh,"(229, 235, 218)"
photo_134.jpg,262,Arokya,Fresh,"(229, 235, 217)"
photo_135.jpg,264,Arokya,Fresh,"(229, 235, 218)"
photo_136.jpg,266,Arokya,Fresh,"(229, 235, 217)"
photo_137.jpg,268,Arokya,Fresh,"(229, 235, 218)"
photo_138.jpg,270,Arokya,Fresh,"(229, 235, 217)"
photo_139.jpg,272,Arokya,Fresh,"(229, 235, 217)"
photo_140.jpg,274,Arokya,Fresh,"(229, 235, 218)"
photo_141.jpg,276,Arokya,Fresh,"(229, 235, 217)"
photo_142.jpg,278,Arokya,Fresh,"(229, 235, 217)"
photo_143.jpg,280,Arokya,Fresh,"(229, 235, 217)"
photo_144.jpg,282,Arokya,Fresh,"(229, 235, 218)"
photo_145.jpg,284,Arokya,Fresh,"(229, 235, 217)"
photo_146.jpg,286,Arokya,Fresh,"(229, 235, 217)"
photo_147.jpg,288,Arokya,Fresh,"(229, 235, 217)"
photo_148.jpg,290,Arokya,Fresh,"(229, 235, 218)"
photo_149.jpg,292,Arokya,Fresh,"(229, 235, 218)"
photo_150.jpg,294,Arokya,Fresh,"(229, 235, 217)"
photo_151.jpg,296,Arokya,Fresh,"(229, 235, 217)"
photo_152.jpg,298,Arokya,Fresh,"(229, 235, 217)"
photo_153.jpg,300,Arokya,Fresh,"(229, 235, 217)"
photo_154.jpg,302,Arokya,Fresh,"(229, 235, 218)"
photo_155.jpg,304,Arokya,Fresh,"(229, 235, 218)"
photo_156.jpg,306,Arokya,Fresh,"(229, 235, 217)"
photo_157.jpg,308,Arokya,Fresh,"(229, 235, 217)"
photo_158.jpg,310,Arokya,Fresh,"(229, 235, 218)"
photo_159.jpg,312,Arokya,Fresh,"(229, 235, 218)"
photo_160.jpg,314,Arokya,Fresh,"(229, 235, 217)"
photo_161.jpg,316,Arokya,Fresh,"(229, 235, 217)"
photo_162.jpg,318,Arokya,Fresh,"(229, 235, 217)"
photo_163.jpg,320,Arokya,Fresh,"(229, 235, 217)"
photo_164.jpg,322,Arokya,Fresh,"(229, 235, 217)"
photo_165.jpg,324,Arokya,Fresh,"(229, 235, 217)"
photo_166.jpg,326,Arokya,Fresh,"(229, 235, 217)"
photo_167.jpg,328,Arokya,Fresh,"(229, 235, 217)"
photo_168.jpg,330,Arokya,Fresh,"(229, 235, 217)"
photo_169.jpg,332,Arokya,Fresh,"(229, 235, 217)"
photo_170.jpg,334,Arokya,Fresh,"(229, 235, 217)"
photo_171.jpg,336,Arokya,Fresh,"(229, 235, 217)"
photo_172.jpg,338,Arokya,Fresh,"(229, 235, 217)"
photo_173.jpg,340,Arokya,Fresh,"(229, 235, 217)"
photo_174.jpg,342,Arokya,Fresh,"(229, 235, 217)"
photo_175.jpg,344,Arokya,Fresh,"(229, 235, 218)"
photo_176.jpg,346,Arokya,Fresh,"(229, 235, 217)"
photo_177.jpg,348,Arokya,Fresh,"(229, 235, 217)"
photo_178.jpg,350,Arokya,Fresh,"(229, 235, 217)"
photo_179.jpg,352,Arokya,Fresh,"(228, 235, 217)"
photo_180.jpg,354,Arokya,Fresh,"(229, 235, 217)"
photo_181.jpg,356,Arokya,Fresh,"(229, 235, 217)"
photo_182.jpg,358,Arokya,Fresh,"(229, 235, 217)"
photo_183.jpg,360,Arokya,Fresh,"(229, 235, 217)"
photo_184.jpg,362,Arokya,Fresh,"(229, 235, 217)"
photo_185.jpg,364,Arokya,Fresh,"(229, 235, 217)"
photo_186.jpg,366,Arokya,Fresh,"(228, 235, 217)"
photo_187.jpg,368,Arokya,Fresh,"(229, 235, 218)"
photo_188.jpg,370,Arokya,Fresh,"(229, 235, 217)"
photo_189.jpg,372,Arokya,Fresh,"(229, 234, 217)"
photo_190.jpg,374,Arokya,Fresh,"(228, 235, 217)"
photo_191.jpg,376,Arokya,Fresh,"(228, 235, 217)"
photo_192.jpg,378,Arokya,Fresh,"(228, 235, 217)"
photo_193.jpg,380,Arokya,Fresh,"(229, 235, 217)"
photo_194.jpg,382,Arokya,Fresh,"(228, 235, 217)"
photo_195.jpg,384,Arokya,Fresh,"(228, 235, 217)"
photo_196.jpg,386,Arokya,Fresh,"(228, 235, 218)"
photo_197.jpg,388,Arokya,Fresh,"(229, 235, 217)"
photo_198.jpg,390,Arokya,Fresh,"(228, 234, 218)"
photo_199.jpg,392,Arokya,Fresh,"(228, 235, 218)"
photo_200.jpg,394,Arokya,Fresh,"(228, 234, 218)"
photo_201.jpg,396,Arokya,Fresh,"(228, 234, 217)"
photo_202.jpg,398,Arokya,Fresh,"(228, 234, 218)"
photo_203.jpg,400,Arokya,Fresh,"(228, 234, 218)"
photo_204.jpg,402,Arokya,Fresh,"(228, 234, 218)"
photo_205.jpg,404,Arokya,Fresh,"(228, 235, 217)"
photo_206.jpg,406,Arokya,Fresh,"(228, 234, 218)"
photo_207.jpg,408,Arokya,Fresh,"(228, 234, 217)"
photo_208.jpg,410,Arokya,Fresh,"(228, 234, 217)"
photo_209.jpg,412,Arokya,Fresh,"(228, 234, 218)"
photo_210.jpg,414,Arokya,Fresh,"(228, 234, 217)"
photo_211.jpg,416,Arokya,Fresh,"(228, 234, 217)"
photo_212.jpg,418,Arokya,Fresh,"(228, 234, 217)"
photo_213.jpg,420,Arokya,Fresh,"(228, 234, 217)"
photo_214.jpg,422,Arokya,Fresh,"(228, 234, 217)"
photo_215.jpg,424,Arokya,Fresh,"(228, 234, 218)"
photo_216.jpg,426,Arokya,Fresh,"(228, 234, 217)"
photo_217.jpg,428,Arokya,Fresh,"(228, 234, 218)"
photo_218.jpg,430,Arokya,Fresh,"(228, 234, 217)"
photo_219.jpg,432,Arokya,Fresh,"(228, 234, 217)"
photo_220.jpg,434,Arokya,Fresh,"(228, 234, 218)"
photo_221.jpg,436,Arokya,Fresh,"(228, 234, 217)"
photo_222.jpg,438,Arokya,Fresh,"(228, 234, 217)"
photo_223.jpg,440,Arokya,Fresh,"(228, 234, 218)"
photo_224.jpg,442,Arokya,Fresh,"(227, 233, 217)"
photo_225.jpg,444,Arokya,Fresh,"(227, 234, 216)"
photo_226.jpg,446,Arokya,Fresh,"(227, 233, 217)"
photo_227.jpg,448,Arokya,Fresh,"(227, 233, 217)"
photo_228.jpg,450,Arokya,Fresh,"(227, 233, 217)"
photo_229.jpg,452,Arokya,Fresh,"(227, 233, 217)"
photo_230.jpg,454,Arokya,Fresh,"(227, 233, 216)"
photo_231.jpg,456,Arokya,Fresh,"(227, 233, 217)"
photo_232.jpg,458,Arokya,Fresh,"(227, 233, 216)"
photo_233.jpg,460,Arokya,Fresh,"(227, 233, 217)"
photo_234.jpg,462,Arokya,Fresh,"(227, 233, 216)"
photo_235.jpg,464,Arokya,Fresh,"(227, 233, 216)"
photo_236.jpg,466,Arokya,Fresh,"(227, 233, 216)"
photo_237.jpg,468,Arokya,Fresh,"(227, 233, 217)"
photo_238.jpg,470,Arokya,Fresh,"(227, 233, 217)"
photo_239.jpg,472,Arokya,Fresh,"(227, 234, 217)"
photo_240.jpg,474,Arokya,Fresh,"(227, 233, 217)"
photo_241.jpg,476,Arokya,Fresh,"(227, 233, 217)"
photo_4.jpg,2,Amirtha,Fresh,"(191, 231, 244)"
photo_5.jpg,4,Amirtha,Fresh,"(192, 232, 244)"
photo_6.jpg,6,Amirtha,Fresh,"(193, 231, 244)"
photo_7.jpg,8,Amirtha,Fresh,"(193, 230, 242)"
photo_8.jpg,10,Amirtha,Fresh,"(193, 229, 241)"
photo_9.jpg,12,Amirtha,Fresh,"(193, 228, 239)"
photo_10.jpg,14,Amirtha,Fresh,"(192, 227, 238)"
photo_11.jpg,16,Amirtha,Fresh,"(192, 228, 238)"
photo_12.jpg,18,Amirtha,Fresh,"(193, 227, 238)"
photo_13.jpg,20,Amirtha,Fresh,"(192, 227, 237)"
photo_14.jpg,22,Amirtha,Fresh,"(192, 227, 237)"
photo_15.jpg,24,Amirtha,Fresh,"(193, 226, 237)"
photo_16.jpg,26,Amirtha,Fresh,"(192, 226, 236)"
photo_17.jpg,28,Amirtha,Fresh,"(192, 226, 236)"
photo_18.jpg,30,Amirtha,Fresh,"(193, 226, 235)"
photo_19.jpg,32,Amirtha,Fresh,"(193, 226, 235)"
photo_20.jpg,34,Amirtha,Fresh,"(193, 226, 235)"
photo_21.jpg,36,Amirtha,Fresh,"(193, 226, 234)"
photo_22.jpg,38,Amirtha,Fresh,"(193, 226, 234)"
photo_23.jpg,40,Amirtha,Fresh,"(193, 226, 234)"
photo_24.jpg,42,Amirtha,Fresh,"(193, 226, 234)"
photo_25.jpg,44,Amirtha,Fresh,"(193, 226, 234)"
photo_26.jpg,46,Amirtha,Fresh,"(194, 225, 233)"
photo_27.jpg,48,Amirtha,Fresh,"(193, 225, 233)"
photo_28.jpg,50,Amirtha,Fresh,"(194, 225, 233)"
photo_29.jpg,52,Amirtha,Fresh,"(194, 225, 233)"
photo_30.jpg,54,Amirtha,Fresh,"(194, 225, 233)"
photo_31.jpg,56,Amirtha,Fresh,"(194, 225, 233)"
photo_32.jpg,58,Amirtha,Fresh,"(194, 226, 233)"
photo_33.jpg,60,Amirtha,Fresh,"(194, 226, 233)"
photo_34.jpg,62,Amirtha,Fresh,"(195, 226, 233)"
photo_35.jpg,64,Amirtha,Fresh,"(195, 226, 233)"
photo_36.jpg,66,Amirtha,Fresh,"(195, 226, 233)"
photo_37.jpg,68,Amirtha,Fresh,"(195, 226, 232)"
photo_38.jpg,70,Amirtha,Fresh,"(196, 226, 232)"
photo_39.jpg,72,Amirtha,Fresh,"(196, 226, 232)"
photo_40.jpg,74,Amirtha,Fresh,"(196, 226, 232)"
photo_41.jpg,76,Amirtha,Fresh,"(196, 226, 232)"
photo_42.jpg,78,Amirtha,Fresh,"(197, 226, 232)"
photo_43.jpg,80,Amirtha,Fresh,"(197, 227, 232)"
photo_44.jpg,82,Amirtha,Fresh,"(198, 227, 231)"
photo_45.jpg,84,Amirtha,Fresh,"(198, 227, 231)"
photo_46.jpg,86,Amirtha,Fresh,"(199, 227, 231)"
photo_47.jpg,88,Amirtha,Fresh,"(200, 228, 231)"
photo_48.jpg,90,Amirtha,Fresh,"(200, 228, 231)"
photo_49.jpg,92,Amirtha,Fresh,"(201, 228, 231)"
photo_50.jpg,94,Amirtha,Fresh,"(201, 228, 231)"
photo_51.jpg,96,Amirtha,Fresh,"(202, 229, 231)"
photo_52.jpg,98,Amirtha,Fresh,"(202, 229, 230)"
photo_53.jpg,100,Amirtha,Fresh,"(203, 229, 230)"
photo_54.jpg,102,Amirtha,Fresh,"(204, 229, 230)"
photo_55.jpg,104,Amirtha,Fresh,"(205, 230, 230)"
photo_56.jpg,106,Amirtha,Fresh,"(206, 230, 230)"
photo_57.jpg,108,Amirtha,Fresh,"(206, 230, 230)"
photo_58.jpg,110,Amirtha,Fresh,"(207, 230, 230)"
photo_59.jpg,112,Amirtha,Fresh,"(207, 231, 229)"
photo_60.jpg,114,Amirtha,Fresh,"(208, 231, 229)"
photo_61.jpg,116,Amirtha,Fresh,"(209, 231, 229)"
photo_62.jpg,118,Amirtha,Fresh,"(210, 232, 229)"
photo_63.jpg,120,Amirtha,Fresh,"(211, 232, 229)"
photo_64.jpg,122,Amirtha,Fresh,"(211, 232, 229)"
photo_65.jpg,124,Amirtha,Fresh,"(212, 232, 228)"
photo_66.jpg,126,Amirtha,Fresh,"(213, 232, 228)"
photo_67.jpg,128,Amirtha,Fresh,"(214, 233, 228)"
photo_68.jpg,130,Amirtha,Fresh,"(215, 233, 228)"
photo_69.jpg,132,Amirtha,Fresh,"(216, 233, 228)"
photo_70.jpg,134,Amirtha,Fresh,"(217, 233, 228)"
photo_71.jpg,136,Amirtha,Fresh,"(218, 233, 227)"
photo_72.jpg,138,Amirtha,Fresh,"(218, 233, 227)"
photo_73.jpg,140,Amirtha,Fresh,"(219, 234, 227)"
photo_74.jpg,142,Amirtha,Fresh,"(220, 234, 227)"
photo_75.jpg,144,Amirtha,Fresh,"(221, 234, 226)"
photo_76.jpg,146,Amirtha,Fresh,"(222, 234, 226)"
photo_77.jpg,148,Amirtha,Fresh,"(223, 234, 226)"
photo_78.jpg,150,Amirtha,Fresh,"(224, 234, 225)"
photo_79.jpg,152,Amirtha,Fresh,"(225, 234, 225)"
photo_80.jpg,154,Amirtha,Fresh,"(226, 235, 224)"
photo_81.jpg,156,Amirtha,Fresh,"(226, 235, 224)"
photo_82.jpg,158,Amirtha,Fresh,"(227, 235, 224)"
photo_83.jpg,160,Amirtha,Fresh,"(228, 235, 223)"
photo_84.jpg,162,Amirtha,Fresh,"(229, 235, 223)"
photo_85.jpg,164,Amirtha,Fresh,"(230, 235, 222)"
photo_86.jpg,166,Amirtha,Fresh,"(231, 235, 222)"
photo_87.jpg,168,Amirtha,Fresh,"(231, 235, 222)"
photo_88.jpg,170,Amirtha,Fresh,"(232, 235, 221)"
photo_89.jpg,172,Amirtha,Fresh,"(233, 235, 221)"
photo_90.jpg,174,Amirtha,Fresh,"(233, 235, 221)"
photo_91.jpg,176,Amirtha,Fresh,"(233, 235, 221)"
photo_92.jpg,178,Amirtha,Fresh,"(234, 235, 221)"
photo_93.jpg,180,Amirtha,Fresh,"(233, 235, 221)"
photo_94.jpg,182,Amirtha,Fresh,"(234, 235, 221)"
photo_95.jpg,184,Amirtha,Fresh,"(233, 235, 221)"
photo_96.jpg,186,Amirtha,Fresh,"(233, 236, 221)"
photo_97.jpg,188,Amirtha,Fresh,"(233, 236, 222)"
photo_98.jpg,190,Amirtha,Fresh,"(233, 236, 222)"
photo_99.jpg,192,Amirtha,Fresh,"(233, 236, 222)"
photo_100.jpg,194,Amirtha,Fresh,"(233, 236, 222)"
photo_101.jpg,196,Amirtha,Fresh,"(232, 235, 222)"
photo_102.jpg,198,Amirtha,Fresh,"(233, 235, 222)"
photo_103.jpg,200,Amirtha,Fresh,"(233, 235, 222)"
photo_104.jpg,202,Amirtha,Fresh,"(233, 235, 222)"
photo_105.jpg,204,Amirtha,Fresh,"(233, 235, 222)"
photo_106.jpg,206,Amirtha,Fresh,"(232, 235, 222)"
photo_107.jpg,208,Amirtha,Fresh,"(233, 235, 222)"
photo_108.jpg,210,Amirtha,Fresh,"(233, 235, 222)"
photo_109.jpg,212,Amirtha,Fresh,"(233, 235, 222)"
photo_110.jpg,214,Amirtha,Fresh,"(233, 235, 222)"
photo_111.jpg,216,Amirtha,Fresh,"(233, 235, 222)"
photo_112.jpg,218,Amirtha,Fresh,"(233, 235, 222)"
photo_113.jpg,220,Amirtha,Fresh,"(233, 235, 222)"
photo_114.jpg,222,Amirtha,Fresh,"(233, 235, 221)"
photo_115.jpg,224,Amirtha,Fresh,"(233, 235, 222)"
photo_116.jpg,226,Amirtha,Fresh,"(233, 235, 222)"
photo_117.jpg,228,Amirtha,Fresh,"(233, 235, 222)"
photo_118.jpg,230,Amirtha,Fresh,"(233, 235, 222)"
photo_119.jpg,232,Amirtha,Fresh,"(233, 235, 221)"
photo_120.jpg,234,Amirtha,Fresh,"(233, 235, 222)"
photo_121.jpg,236,Amirtha,Fresh,"(233, 235, 222)"
photo_122.jpg,238,Amirtha,Fresh,"(233, 235, 222)"
photo_123.jpg,240,Amirtha,Fresh,"(233, 235, 221)"
photo_124.jpg,242,Amirtha,Fresh,"(233, 235, 222)"
photo_125.jpg,244,Amirtha,Fresh,"(233, 235, 221)"
photo_126.jpg,246,Amirtha,Fresh,"(233, 235, 222)"
photo_127.jpg,248,Amirtha,Fresh,"(233, 235, 221)"
photo_128.jpg,250,Amirtha,Fresh,"(233, 235, 221)"
photo_129.jpg,252,Amirtha,Fresh,"(233, 235, 221)"
photo_130.jpg,254,Amirtha,Fresh,"(232, 235, 221)"
photo_131.jpg,256,Amirtha,Fresh,"(232, 235, 221)"
photo_132.jpg,258,Amirtha,Fresh,"(232, 235, 221)"
photo_133.jpg,260,Amirtha,Fresh,"(232, 235, 221)"
photo_134.jpg,262,Amirtha,Fresh,"(232, 235, 221)"
photo_135.jpg,264,Amirtha,Fresh,"(232, 235, 221)"
photo_136.jpg,266,Amirtha,Fresh,"(232, 235, 221)"
photo_137.jpg,268,Amirtha,Fresh,"(232, 235, 221)"
photo_138.jpg,270,Amirtha,Fresh,"(232, 235, 221)"
photo_139.jpg,272,Amirtha,Fresh,"(232, 235, 221)"
photo_140.jpg,274,Amirtha,Fresh,"(232, 235, 221)"
photo_141.jpg,276,Amirtha,Fresh,"(232, 235, 221)"
photo_142.jpg,278,Amirtha,Fresh,"(232, 235, 221)"
photo_143.jpg,280,Amirtha,Fresh,"(232, 235, 221)"
photo_144.jpg,282,Amirtha,Fresh,"(232, 235, 221)"
photo_145.jpg,284,Amirtha,Fresh,"(232, 235, 221)"
photo_146.jpg,286,Amirtha,Fresh,"(232, 235, 221)"
photo_147.jpg,288,Amirtha,Fresh,"(232, 235, 221)"
photo_148.jpg,290,Amirtha,Fresh,"(232, 234, 221)"
photo_149.jpg,292,Amirtha,Fresh,"(232, 234, 221)"
photo_150.jpg,294,Amirtha,Fresh,"(232, 234, 221)"
photo_151.jpg,296,Amirtha,Fresh,"(232, 234, 221)"
photo_152.jpg,298,Amirtha,Fresh,"(232, 234, 221)"
photo_153.jpg,300,Amirtha,Fresh,"(232, 234, 221)"
photo_154.jpg,302,Amirtha,Fresh,"(232, 234, 221)"
photo_155.jpg,304,Amirtha,Fresh,"(232, 234, 221)"
photo_156.jpg,306,Amirtha,Fresh,"(232, 234, 221)"
photo_157.jpg,308,Amirtha,Fresh,"(232, 234, 221)"
photo_158.jpg,310,Amirtha,Fresh,"(232, 234, 221)"
photo_159.jpg,312,Amirtha,Fresh,"(231, 234, 221)"
photo_160.jpg,314,Amirtha,Fresh,"(232, 234, 221)"
photo_161.jpg,316,Amirtha,Fresh,"(232, 234, 221)"
photo_162.jpg,318,Amirtha,Fresh,"(232, 234, 221)"
photo_163.jpg,320,Amirtha,Fresh,"(232, 234, 221)"
photo_164.jpg,322,Amirtha,Fresh,"(232, 234, 221)"
photo_165.jpg,324,Amirtha,Fresh,"(232, 234, 221)"
photo_166.jpg,326,Amirtha,Fresh,"(231, 234, 221)"
photo_167.jpg,328,Amirtha,Fresh,"(231, 234, 221)"
photo_168.jpg,330,Amirtha,Fresh,"(232, 234, 221)"
photo_169.jpg,332,Amirtha,Fresh,"(231, 234, 221)"
photo_170.jpg,334,Amirtha,Fresh,"(232, 234, 221)"
photo_171.jpg,336,Amirtha,Fresh,"(231, 234, 221)"
photo_172.jpg,338,Amirtha,Fresh,"(231, 234, 221)"
photo_173.jpg,340,Amirtha,Fresh,"(231, 234, 221)"
photo_174.jpg,342,Amirtha,Fresh,"(231, 234, 221)"
photo_175.jpg,344,Amirtha,Fresh,"(231, 234, 221)"
photo_176.jpg,346,Amirtha,Fresh,"(231, 234, 221)"
photo_177.jpg,348,Amirtha,Fresh,"(231, 234, 221)"
photo_178.jpg,350,Amirtha,Fresh,"(231, 234, 221)"
photo_179.jpg,352,Amirtha,Fresh,"(231, 234, 221)"
photo_180.jpg,354,Amirtha,Fresh,"(231, 234, 221)"
photo_181.jpg,356,Amirtha,Fresh,"(231, 234, 221)"
photo_182.jpg,358,Amirtha,Fresh,"(231, 234, 221)"
photo_183.jpg,360,Amirtha,Fresh,"(231, 234, 221)"
photo_184.jpg,362,Amirtha,Fresh,"(231, 234, 221)"
photo_185.jpg,364,Amirtha,Fresh,"(231, 234, 221)"
photo_186.jpg,366,Amirtha,Fresh,"(231, 234, 221)"
photo_187.jpg,368,Amirtha,Fresh,"(231, 234, 221)"
photo_188.jpg,370,Amirtha,Fresh,"(231, 233, 221)"
photo_189.jpg,372,Amirtha,Fresh,"(231, 234, 221)"
photo_190.jpg,374,Amirtha,Fresh,"(231, 234, 221)"
photo_191.jpg,376,Amirtha,Fresh,"(231, 234, 221)"
photo_192.jpg,378,Amirtha,Fresh,"(231, 234, 221)"
photo_193.jpg,380,Amirtha,Fresh,"(231, 234, 221)"
photo_194.jpg,382,Amirtha,Fresh,"(231, 234, 221)"
photo_195.jpg,384,Amirtha,Fresh,"(231, 234, 221)"
photo_196.jpg,386,Amirtha,Fresh,"(231, 234, 221)"
photo_197.jpg,388,Amirtha,Fresh,"(231, 233, 221)"
photo_198.jpg,390,Amirtha,Fresh,"(231, 234, 221)"
photo_199.jpg,392,Amirtha,Fresh,"(231, 234, 221)"
photo_200.jpg,394,Amirtha,Fresh,"(231, 234, 221)"
photo_201.jpg,396,Amirtha,Fresh,"(231, 233, 221)"
photo_202.jpg,398,Amirtha,Fresh,"(231, 234, 221)"
photo_203.jpg,400,Amirtha,Fresh,"(231, 233, 221)"
photo_204.jpg,402,Amirtha,Fresh,"(231, 233, 221)"
photo_205.jpg,404,Amirtha,Fresh,"(231, 233, 221)"
photo_206.jpg,406,Amirtha,Fresh,"(231, 233, 221)"
photo_207.jpg,408,Amirtha,Fresh,"(231, 233, 221)"
photo_208.jpg,410,Amirtha,Fresh,"(231, 233, 221)"
photo_209.jpg,412,Amirtha,Fresh,"(231, 233, 221)"
photo_210.jpg,414,Amirtha,Fresh,"(230, 233, 221)"
photo_211.jpg,416,Amirtha,Fresh,"(231, 233, 221)"
photo_212.jpg,418,Amirtha,Fresh,"(231, 233, 221)"
photo_213.jpg,420,Amirtha,Fresh,"(231, 233, 221)"
photo_214.jpg,422,Amirtha,Fresh,"(231, 233, 221)"
photo_215.jpg,424,Amirtha,Fresh,"(231, 233, 221)"
photo_216.jpg,426,Amirtha,Fresh,"(231, 233, 221)"
photo_217.jpg,428,Amirtha,Fresh,"(230, 233, 221)"
photo_218.jpg,430,Amirtha,Fresh,"(230, 233, 221)"
photo_219.jpg,432,Amirtha,Fresh,"(230, 233, 221)"
photo_220.jpg,434,Amirtha,Fresh,"(230, 233, 221)"
photo_221.jpg,436,Amirtha,Fresh,"(231, 234, 221)"
photo_222.jpg,438,Amirtha,Fresh,"(231, 233, 221)"
photo_223.jpg,440,Amirtha,Fresh,"(231, 233, 221)"
photo_224.jpg,442,Amirtha,Fresh,"(230, 232, 220)"
photo_225.jpg,444,Amirtha,Fresh,"(230, 232, 220)"
photo_226.jpg,446,Amirtha,Fresh,"(230, 232, 220)"
photo_227.jpg,448,Amirtha,Fresh,"(229, 232, 220)"
photo_228.jpg,450,Amirtha,Fresh,"(229, 232, 220)"
photo_229.jpg,452,Amirtha,Fresh,"(229, 232, 220)"
photo_230.jpg,454,Amirtha,Fresh,"(229, 232, 220)"
photo_231.jpg,456,Amirtha,Fresh,"(230, 232, 220)"
photo_232.jpg,458,Amirtha,Fresh,"(229, 232, 220)"
photo_233.jpg,460,Amirtha,Fresh,"(229, 232, 220)"
photo_234.jpg,462,Amirtha,Fresh,"(229, 232, 220)"
photo_235.jpg,464,Amirtha,Fresh,"(229, 232, 220)"
photo_236.jpg,466,Amirtha,Fresh,"(229, 232, 220)"
photo_237.jpg,468,Amirtha,Fresh,"(229, 232, 220)"
photo_238.jpg,470,Amirtha,Fresh,"(230, 233, 221)"
photo_239.jpg,472,Amirtha,Fresh,"(229, 233, 221)"
photo_240.jpg,474,Amirtha,Fresh,"(229, 233, 220)"
photo_241.jpg,476,Amirtha,Fresh,"(230, 232, 221)"
photo_4.jpg,2,Aavin,Fresh,"(177, 221, 242)"
photo_5.jpg,4,Aavin,Fresh,"(178, 220, 241)"
photo_6.jpg,6,Aavin,Fresh,"(178, 219, 239)"
photo_7.jpg,8,Aavin,Fresh,"(178, 218, 237)"
photo_8.jpg,10,Aavin,Fresh,"(177, 217, 236)"
photo_9.jpg,12,Aavin,Fresh,"(176, 216, 234)"
photo_10.jpg,14,Aavin,Fresh,"(176, 214, 233)"
photo_11.jpg,16,Aavin,Fresh,"(177, 215, 233)"
photo_12.jpg,18,Aavin,Fresh,"(176, 215, 233)"
photo_13.jpg,20,Aavin,Fresh,"(176, 214, 232)"
photo_14.jpg,22,Aavin,Fresh,"(176, 214, 232)"
photo_15.jpg,24,Aavin,Fresh,"(176, 214, 231)"
photo_16.jpg,26,Aavin,Fresh,"(177, 214, 231)"
photo_17.jpg,28,Aavin,Fresh,"(177, 214, 230)"
photo_18.jpg,30,Aavin,Fresh,"(177, 213, 230)"
photo_19.jpg,32,Aavin,Fresh,"(177, 213, 230)"
photo_20.jpg,34,Aavin,Fresh,"(177, 214, 230)"
photo_21.jpg,36,Aavin,Fresh,"(177, 213, 229)"
photo_22.jpg,38,Aavin,Fresh,"(177, 213, 229)"
photo_23.jpg,40,Aavin,Fresh,"(177, 213, 229)"
photo_24.jpg,42,Aavin,Fresh,"(177, 213, 229)"
photo_25.jpg,44,Aavin,Fresh,"(177, 213, 229)"
photo_26.jpg,46,Aavin,Fresh,"(177, 213, 228)"
photo_27.jpg,48,Aavin,Fresh,"(178, 213, 228)"
photo_28.jpg,50,Aavin,Fresh,"(178, 213, 228)"
photo_29.jpg,52,Aavin,Fresh,"(178, 213, 228)"
photo_30.jpg,54,Aavin,Fresh,"(178, 213, 228)"
photo_31.jpg,56,Aavin,Fresh,"(178, 213, 228)"
photo_32.jpg,58,Aavin,Fresh,"(178, 213, 228)"
photo_33.jpg,60,Aavin,Fresh,"(178, 213, 228)"
photo_34.jpg,62,Aavin,Fresh,"(179, 213, 228)"
photo_35.jpg,64,Aavin,Fresh,"(179, 213, 228)"
photo_36.jpg,66,Aavin,Fresh,"(179, 213, 227)"
photo_37.jpg,68,Aavin,Fresh,"(179, 213, 227)"
photo_38.jpg,70,Aavin,Fresh,"(179, 213, 227)"
photo_39.jpg,72,Aavin,Fresh,"(180, 213, 227)"
photo_40.jpg,74,Aavin,Fresh,"(180, 213, 227)"
photo_41.jpg,76,Aavin,Fresh,"(180, 214, 227)"
photo_42.jpg,78,Aavin,Fresh,"(180, 214, 227)"
photo_43.jpg,80,Aavin,Fresh,"(180, 214, 226)"
photo_44.jpg,82,Aavin,Fresh,"(181, 214, 226)"
photo_45.jpg,84,Aavin,Fresh,"(182, 214, 226)"
photo_46.jpg,86,Aavin,Fresh,"(182, 214, 226)"
photo_47.jpg,88,Aavin,Fresh,"(183, 214, 226)"
photo_48.jpg,90,Aavin,Fresh,"(183, 214, 226)"
photo_49.jpg,92,Aavin,Fresh,"(184, 215, 226)"
photo_50.jpg,94,Aavin,Fresh,"(184, 215, 226)"
photo_51.jpg,96,Aavin,Fresh,"(185, 215, 225)"
photo_52.jpg,98,Aavin,Fresh,"(185, 216, 225)"
photo_53.jpg,100,Aavin,Fresh,"(186, 216, 225)"
photo_54.jpg,102,Aavin,Fresh,"(187, 216, 225)"
photo_55.jpg,104,Aavin,Fresh,"(187, 216, 225)"
photo_56.jpg,106,Aavin,Fresh,"(188, 217, 225)"
photo_57.jpg,108,Aavin,Fresh,"(188, 217, 225)"
photo_58.jpg,110,Aavin,Fresh,"(189, 217, 225)"
photo_59.jpg,112,Aavin,Fresh,"(190, 218, 225)"
photo_60.jpg,114,Aavin,Fresh,"(190, 218, 224)"
photo_61.jpg,116,Aavin,Fresh,"(191, 218, 224)"
photo_62.jpg,118,Aavin,Fresh,"(192, 218, 224)"
photo_63.jpg,120,Aavin,Fresh,"(192, 219, 224)"
photo_64.jpg,122,Aavin,Fresh,"(193, 219, 224)"
photo_65.jpg,124,Aavin,Fresh,"(194, 219, 224)"
photo_66.jpg,126,Aavin,Fresh,"(195, 220, 223)"
photo_67.jpg,128,Aavin,Fresh,"(195, 220, 223)"
photo_68.jpg,130,Aavin,Fresh,"(196, 220, 223)"
photo_69.jpg,132,Aavin,Fresh,"(197, 221, 223)"
photo_70.jpg,134,Aavin,Fresh,"(198, 221, 223)"
photo_71.jpg,136,Aavin,Fresh,"(199, 221, 223)"
photo_72.jpg,138,Aavin,Fresh,"(200, 222, 223)"
photo_73.jpg,140,Aavin,Fresh,"(201, 222, 222)"
photo_74.jpg,142,Aavin,Fresh,"(202, 223, 222)"
photo_75.jpg,144,Aavin,Fresh,"(203, 223, 222)"
photo_76.jpg,146,Aavin,Fresh,"(204, 223, 222)"
photo_77.jpg,148,Aavin,Fresh,"(205, 223, 221)"
photo_78.jpg,150,Aavin,Fresh,"(206, 224, 221)"
photo_79.jpg,152,Aavin,Fresh,"(207, 224, 221)"
photo_80.jpg,154,Aavin,Fresh,"(208, 224, 221)"
photo_81.jpg,156,Aavin,Fresh,"(208, 225, 221)"
photo_82.jpg,158,Aavin,Fresh,"(210, 225, 221)"
photo_83.jpg,160,Aavin,Fresh,"(211, 225, 221)"
photo_84.jpg,162,Aavin,Fresh,"(212, 225, 220)"
photo_85.jpg,164,Aavin,Fresh,"(213, 226, 220)"
photo_86.jpg,166,Aavin,Fresh,"(214, 226, 220)"
photo_87.jpg,168,Aavin,Fresh,"(214, 226, 220)"
photo_88.jpg,170,Aavin,Fresh,"(215, 226, 220)"
photo_89.jpg,172,Aavin,Fresh,"(216, 226, 219)"
photo_90.jpg,174,Aavin,Fresh,"(217, 227, 219)"
photo_91.jpg,176,Aavin,Fresh,"(218, 227, 219)"
photo_92.jpg,178,Aavin,Fresh,"(219, 227, 219)"
photo_93.jpg,180,Aavin,Fresh,"(219, 227, 219)"
photo_94.jpg,182,Aavin,Fresh,"(219, 227, 219)"
photo_95.jpg,184,Aavin,Fresh,"(220, 227, 218)"
photo_96.jpg,186,Aavin,Fresh,"(219, 228, 219)"
photo_97.jpg,188,Aavin,Fresh,"(219, 228, 220)"
photo_98.jpg,190,Aavin,Fresh,"(220, 228, 220)"
photo_99.jpg,192,Aavin,Fresh,"(220, 228, 220)"
photo_100.jpg,194,Aavin,Fresh,"(220, 228, 220)"
photo_101.jpg,196,Aavin,Fresh,"(220, 228, 220)"
photo_102.jpg,198,Aavin,Fresh,"(220, 228, 219)"
photo_103.jpg,200,Aavin,Fresh,"(220, 228, 219)"
photo_104.jpg,202,Aavin,Fresh,"(220, 228, 219)"
photo_105.jpg,204,Aavin,Fresh,"(220, 228, 219)"
photo_106.jpg,206,Aavin,Fresh,"(220, 228, 219)"
photo_107.jpg,208,Aavin,Fresh,"(221, 228, 219)"
photo_108.jpg,210,Aavin,Fresh,"(220, 228, 219)"
photo_109.jpg,212,Aavin,Fresh,"(220, 228, 219)"
photo_110.jpg,214,Aavin,Fresh,"(220, 228, 219)"
photo_111.jpg,216,Aavin,Fresh,"(220, 228, 219)"
photo_112.jpg,218,Aavin,Fresh,"(220, 228, 219)"
photo_113.jpg,220,Aavin,Fresh,"(221, 228, 219)"
photo_114.jpg,222,Aavin,Fresh,"(221, 228, 219)"
photo_115.jpg,224,Aavin,Fresh,"(221, 228, 219)"
photo_116.jpg,226,Aavin,Fresh,"(221, 228, 219)"
photo_117.jpg,228,Aavin,Fresh,"(221, 228, 219)"
photo_118.jpg,230,Aavin,Fresh,"(221, 228, 219)"
photo_119.jpg,232,Aavin,Fresh,"(221, 228, 219)"
photo_120.jpg,234,Aavin,Fresh,"(221, 228, 219)"
photo_121.jpg,236,Aavin,Fresh,"(221, 228, 219)"
photo_122.jpg,238,Aavin,Fresh,"(221, 228, 219)"
photo_123.jpg,240,Aavin,Fresh,"(221, 228, 219)"
photo_124.jpg,242,Aavin,Fresh,"(221, 227, 219)"
photo_125.jpg,244,Aavin,Fresh,"(221, 228, 219)"
photo_126.jpg,246,Aavin,Fresh,"(221, 228, 219)"
photo_127.jpg,248,Aavin,Fresh,"(221, 228, 219)"
photo_128.jpg,250,Aavin,Fresh,"(220, 228, 219)"
photo_129.jpg,252,Aavin,Fresh,"(221, 228, 219)"
photo_130.jpg,254,Aavin,Fresh,"(220, 228, 218)"
photo_131.jpg,256,Aavin,Fresh,"(220, 227, 219)"
photo_132.jpg,258,Aavin,Fresh,"(221, 227, 219)"
photo_133.jpg,260,Aavin,Fresh,"(221, 227, 219)"
photo_134.jpg,262,Aavin,Fresh,"(221, 227, 218)"
photo_135.jpg,264,Aavin,Fresh,"(221, 227, 219)"
photo_136.jpg,266,Aavin,Fresh,"(221, 227, 219)"
photo_137.jpg,268,Aavin,Fresh,"(221, 227, 219)"
photo_138.jpg,270,Aavin,Fresh,"(220, 227, 218)"
photo_139.jpg,272,Aavin,Fresh,"(221, 227, 219)"
photo_140.jpg,274,Aavin,Fresh,"(221, 227, 219)"
photo_141.jpg,276,Aavin,Fresh,"(221, 227, 218)"
photo_142.jpg,278,Aavin,Fresh,"(221, 228, 218)"
photo_143.jpg,280,Aavin,Fresh,"(221, 227, 219)"
photo_144.jpg,282,Aavin,Fresh,"(221, 227, 219)"
photo_145.jpg,284,Aavin,Fresh,"(221, 227, 219)"
photo_146.jpg,286,Aavin,Fresh,"(221, 227, 218)"
photo_147.jpg,288,Aavin,Fresh,"(221, 227, 218)"
photo_148.jpg,290,Aavin,Fresh,"(221, 227, 219)"
photo_149.jpg,292,Aavin,Fresh,"(221, 227, 219)"
photo_150.jpg,294,Aavin,Fresh,"(220, 227, 218)"
photo_151.jpg,296,Aavin,Fresh,"(221, 227, 218)"
photo_152.jpg,298,Aavin,Fresh,"(220, 227, 219)"
photo_153.jpg,300,Aavin,Fresh,"(220, 227, 218)"
photo_154.jpg,302,Aavin,Fresh,"(220, 227, 218)"
photo_155.jpg,304,Aavin,Fresh,"(221, 227, 219)"
photo_156.jpg,306,Aavin,Fresh,"(221, 227, 218)"
photo_157.jpg,308,Aavin,Fresh,"(220, 227, 219)"
photo_158.jpg,310,Aavin,Fresh,"(220, 227, 218)"
photo_159.jpg,312,Aavin,Fresh,"(220, 227, 218)"
photo_160.jpg,314,Aavin,Fresh,"(220, 227, 218)"
photo_161.jpg,316,Aavin,Fresh,"(220, 227, 219)"
photo_162.jpg,318,Aavin,Fresh,"(220, 227, 219)"
photo_163.jpg,320,Aavin,Fresh,"(220, 227, 218)"
photo_164.jpg,322,Aavin,Fresh,"(221, 227, 219)"
photo_165.jpg,324,Aavin,Fresh,"(220, 227, 218)"
photo_166.jpg,326,Aavin,Fresh,"(220, 227, 218)"
photo_167.jpg,328,Aavin,Fresh,"(220, 227, 218)"
photo_168.jpg,330,Aavin,Fresh,"(220, 227, 218)"
photo_169.jpg,332,Aavin,Fresh,"(220, 227, 218)"
photo_170.jpg,334,Aavin,Fresh,"(220, 227, 218)"
photo_171.jpg,336,Aavin,Fresh,"(220, 227, 218)"
photo_172.jpg,338,Aavin,Fresh,"(220, 227, 218)"
photo_173.jpg,340,Aavin,Fresh,"(220, 227, 218)"
photo_174.jpg,342,Aavin,Fresh,"(220, 227, 218)"
photo_175.jpg,344,Aavin,Fresh,"(220, 227, 218)"
photo_176.jpg,346,Aavin,Fresh,"(220, 227, 218)"
photo_177.jpg,348,Aavin,Fresh,"(220, 227, 218)"
photo_178.jpg,350,Aavin,Fresh,"(220, 227, 219)"
photo_179.jpg,352,Aavin,Fresh,"(220, 227, 218)"
photo_180.jpg,354,Aavin,Fresh,"(220, 227, 219)"
photo_181.jpg,356,Aavin,Fresh,"(220, 227, 219)"
photo_182.jpg,358,Aavin,Fresh,"(220, 227, 218)"
photo_183.jpg,360,Aavin,Fresh,"(220, 227, 219)"
photo_184.jpg,362,Aavin,Fresh,"(220, 226, 218)"
photo_185.jpg,364,Aavin,Fresh,"(220, 227, 218)"
photo_186.jpg,366,Aavin,Fresh,"(220, 227, 218)"
photo_187.jpg,368,Aavin,Fresh,"(220, 227, 218)"
photo_188.jpg,370,Aavin,Fresh,"(220, 226, 219)"
photo_189.jpg,372,Aavin,Fresh,"(220, 226, 219)"
photo_190.jpg,374,Aavin,Fresh,"(220, 226, 219)"
photo_191.jpg,376,Aavin,Fresh,"(220, 227, 218)"
photo_192.jpg,378,Aavin,Fresh,"(220, 226, 219)"
photo_193.jpg,380,Aavin,Fresh,"(220, 226, 218)"
photo_194.jpg,382,Aavin,Fresh,"(220, 226, 219)"
photo_195.jpg,384,Aavin,Fresh,"(220, 226, 219)"
photo_196.jpg,386,Aavin,Fresh,"(220, 227, 219)"
photo_197.jpg,388,Aavin,Fresh,"(220, 227, 218)"
photo_198.jpg,390,Aavin,Fresh,"(220, 227, 219)"
photo_199.jpg,392,Aavin,Fresh,"(219, 227, 219)"
photo_200.jpg,394,Aavin,Fresh,"(220, 226, 218)"
photo_201.jpg,396,Aavin,Fresh,"(220, 226, 219)"
photo_202.jpg,398,Aavin,Fresh,"(220, 226, 218)"
photo_203.jpg,400,Aavin,Fresh,"(219, 226, 218)"
photo_204.jpg,402,Aavin,Fresh,"(220, 226, 218)"
photo_205.jpg,404,Aavin,Fresh,"(219, 226, 219)"
photo_206.jpg,406,Aavin,Fresh,"(220, 226, 218)"
photo_207.jpg,408,Aavin,Fresh,"(219, 226, 218)"
photo_208.jpg,410,Aavin,Fresh,"(219, 226, 218)"
photo_209.jpg,412,Aavin,Fresh,"(219, 226, 219)"
photo_210.jpg,414,Aavin,Fresh,"(219, 226, 218)"
photo_211.jpg,416,Aavin,Fresh,"(219, 226, 218)"
photo_212.jpg,418,Aavin,Fresh,"(219, 226, 218)"
photo_213.jpg,420,Aavin,Fresh,"(219, 226, 218)"
photo_214.jpg,422,Aavin,Fresh,"(219, 226, 219)"
photo_215.jpg,424,Aavin,Fresh,"(219, 226, 218)"
photo_216.jpg,426,Aavin,Fresh,"(219, 226, 219)"
photo_217.jpg,428,Aavin,Fresh,"(219, 226, 219)"
photo_218.jpg,430,Aavin,Fresh,"(219, 226, 219)"
photo_219.jpg,432,Aavin,Fresh,"(219, 226, 219)"
photo_220.jpg,434,Aavin,Fresh,"(219, 226, 219)"
photo_221.jpg,436,Aavin,Fresh,"(219, 226, 219)"
photo_222.jpg,438,Aavin,Fresh,"(219, 226, 218)"
photo_223.jpg,440,Aavin,Fresh,"(219, 226, 219)"
photo_224.jpg,442,Aavin,Fresh,"(219, 225, 218)"
photo_225.jpg,444,Aavin,Fresh,"(218, 225, 218)"
photo_226.jpg,446,Aavin,Fresh,"(218, 225, 218)"
photo_227.jpg,448,Aavin,Fresh,"(218, 225, 218)"
photo_228.jpg,450,Aavin,Fresh,"(218, 225, 217)"
photo_229.jpg,452,Aavin,Fresh,"(218, 225, 217)"
photo_230.jpg,454,Aavin,Fresh,"(218, 225, 217)"
photo_231.jpg,456,Aavin,Fresh,"(218, 225, 217)"
photo_232.jpg,458,Aavin,Fresh,"(218, 225, 218)"
photo_233.jpg,460,Aavin,Fresh,"(218, 225, 218)"
photo_234.jpg,462,Aavin,Fresh,"(218, 225, 217)"
photo_235.jpg,464,Aavin,Fresh,"(218, 225, 217)"
photo_236.jpg,466,Aavin,Fresh,"(218, 225, 217)"
photo_237.jpg,468,Aavin,Fresh,"(218, 225, 217)"
photo_238.jpg,470,Aavin,Fresh,"(218, 225, 218)"
photo_239.jpg,472,Aavin,Fresh,"(218, 225, 218)"
photo_240.jpg,474,Aavin,Fresh,"(218, 225, 218)"
photo_241.jpg,476,Aavin,Fresh,"(218, 225, 218)"
photo_5.jpg,2,Arokya,Mildly Spoiled,"(189, 225, 235)"
photo_6.jpg,4,Arokya,Mildly Spoiled,"(190, 227, 238)"
photo_7.jpg,6,Arokya,Mildly Spoiled,"(190, 227, 239)"
photo_8.jpg,8,Arokya,Mildly Spoiled,"(189, 226, 240)"
photo_9.jpg,10,Arokya,Mildly Spoiled,"(188, 225, 240)"
photo_10.jpg,12,Arokya,Mildly Spoiled,"(187, 225, 240)"
photo_11.jpg,14,Arokya,Mildly Spoiled,"(187, 224, 240)"
photo_12.jpg,16,Arokya,Mildly Spoiled,"(187, 224, 240)"
photo_13.jpg,18,Arokya,Mildly Spoiled,"(187, 224, 240)"
photo_14.jpg,20,Arokya,Mildly Spoiled,"(188, 225, 240)"
photo_15.jpg,22,Arokya,Mildly Spoiled,"(189, 225, 239)"
photo_16.jpg,24,Arokya,Mildly Spoiled,"(189, 226, 239)"
photo_17.jpg,26,Arokya,Mildly Spoiled,"(190, 226, 239)"
photo_18.jpg,28,Arokya,Mildly Spoiled,"(190, 226, 239)"
photo_19.jpg,30,Arokya,Mildly Spoiled,"(191, 227, 239)"
photo_20.jpg,32,Arokya,Mildly Spoiled,"(192, 227, 239)"
photo_21.jpg,34,Arokya,Mildly Spoiled,"(192, 228, 239)"
photo_22.jpg,36,Arokya,Mildly Spoiled,"(193, 228, 239)"
photo_23.jpg,38,Arokya,Mildly Spoiled,"(194, 228, 238)"
photo_24.jpg,40,Arokya,Mildly Spoiled,"(194, 229, 238)"
photo_25.jpg,42,Arokya,Mildly Spoiled,"(195, 229, 238)"
photo_26.jpg,44,Arokya,Mildly Spoiled,"(195, 230, 238)"
photo_27.jpg,46,Arokya,Mildly Spoiled,"(196, 230, 238)"
photo_28.jpg,48,Arokya,Mildly Spoiled,"(197, 230, 238)"
photo_29.jpg,50,Arokya,Mildly Spoiled,"(198, 231, 238)"
photo_30.jpg,52,Arokya,Mildly Spoiled,"(199, 231, 238)"
photo_31.jpg,54,Arokya,Mildly Spoiled,"(199, 232, 237)"
photo_32.jpg,56,Arokya,Mildly Spoiled,"(200, 232, 237)"
photo_33.jpg,58,Arokya,Mildly Spoiled,"(201, 232, 237)"
photo_34.jpg,60,Arokya,Mildly Spoiled,"(201, 233, 237)"
photo_35.jpg,62,Arokya,Mildly Spoiled,"(202, 233, 237)"
photo_36.jpg,64,Arokya,Mildly Spoiled,"(203, 233, 237)"
photo_37.jpg,66,Arokya,Mildly Spoiled,"(204, 234, 237)"
photo_38.jpg,68,Arokya,Mildly Spoiled,"(205, 234, 237)"
photo_39.jpg,70,Arokya,Mildly Spoiled,"(205, 234, 237)"
photo_40.jpg,72,Arokya,Mildly Spoiled,"(206, 235, 236)"
photo_41.jpg,74,Arokya,Mildly Spoiled,"(207, 235, 236)"
photo_42.jpg,76,Arokya,Mildly Spoiled,"(208, 235, 236)"
photo_43.jpg,78,Arokya,Mildly Spoiled,"(208, 236, 236)"
photo_44.jpg,80,Arokya,Mildly Spoiled,"(209, 236, 236)"
photo_45.jpg,82,Arokya,Mildly Spoiled,"(210, 236, 236)"
photo_46.jpg,84,Arokya,Mildly Spoiled,"(211, 237, 236)"
photo_47.jpg,86,Arokya,Mildly Spoiled,"(211, 237, 235)"
photo_48.jpg,88,Arokya,Mildly Spoiled,"(212, 237, 235)"
photo_49.jpg,90,Arokya,Mildly Spoiled,"(212, 237, 235)"
photo_50.jpg,92,Arokya,Mildly Spoiled,"(213, 238, 235)"
photo_51.jpg,94,Arokya,Mildly Spoiled,"(214, 238, 235)"
photo_52.jpg,96,Arokya,Mildly Spoiled,"(214, 238, 235)"
photo_53.jpg,98,Arokya,Mildly Spoiled,"(215, 239, 235)"
photo_54.jpg,100,Arokya,Mildly Spoiled,"(215, 239, 235)"
photo_55.jpg,102,Arokya,Mildly Spoiled,"(216, 239, 234)"
photo_56.jpg,104,Arokya,Mildly Spoiled,"(216, 239, 234)"
photo_57.jpg,106,Arokya,Mildly Spoiled,"(217, 239, 234)"
photo_58.jpg,108,Arokya,Mildly Spoiled,"(218, 240, 234)"
photo_59.jpg,110,Arokya,Mildly Spoiled,"(218, 240, 234)"
photo_60.jpg,112,Arokya,Mildly Spoiled,"(219, 240, 234)"
photo_61.jpg,114,Arokya,Mildly Spoiled,"(219, 240, 234)"
photo_62.jpg,116,Arokya,Mildly Spoiled,"(220, 241, 234)"
photo_63.jpg,118,Arokya,Mildly Spoiled,"(220, 241, 234)"
photo_64.jpg,120,Arokya,Mildly Spoiled,"(221, 241, 234)"
photo_65.jpg,122,Arokya,Mildly Spoiled,"(221, 241, 234)"
photo_66.jpg,124,Arokya,Mildly Spoiled,"(222, 241, 233)"
photo_67.jpg,126,Arokya,Mildly Spoiled,"(222, 242, 233)"
photo_68.jpg,128,Arokya,Mildly Spoiled,"(223, 242, 233)"
photo_69.jpg,130,Arokya,Mildly Spoiled,"(223, 242, 233)"
photo_70.jpg,132,Arokya,Mildly Spoiled,"(224, 242, 233)"
photo_71.jpg,134,Arokya,Mildly Spoiled,"(224, 243, 233)"
photo_72.jpg,136,Arokya,Mildly Spoiled,"(225, 243, 233)"
photo_73.jpg,138,Arokya,Mildly Spoiled,"(226, 243, 233)"
photo_74.jpg,140,Arokya,Mildly Spoiled,"(226, 243, 232)"
photo_75.jpg,142,Arokya,Mildly Spoiled,"(226, 243, 232)"
photo_76.jpg,144,Arokya,Mildly Spoiled,"(227, 244, 232)"
photo_77.jpg,146,Arokya,Mildly Spoiled,"(227, 244, 232)"
photo_78.jpg,148,Arokya,Mildly Spoiled,"(228, 244, 232)"
photo_79.jpg,150,Arokya,Mildly Spoiled,"(229, 244, 232)"
photo_80.jpg,152,Arokya,Mildly Spoiled,"(229, 244, 232)"
photo_81.jpg,154,Arokya,Mildly Spoiled,"(230, 244, 232)"
photo_82.jpg,156,Arokya,Mildly Spoiled,"(230, 244, 232)"
photo_83.jpg,158,Arokya,Mildly Spoiled,"(231, 245, 231)"
photo_84.jpg,160,Arokya,Mildly Spoiled,"(231, 245, 231)"
photo_85.jpg,162,Arokya,Mildly Spoiled,"(232, 245, 231)"
photo_86.jpg,164,Arokya,Mildly Spoiled,"(232, 245, 231)"
photo_87.jpg,166,Arokya,Mildly Spoiled,"(233, 245, 231)"
photo_88.jpg,168,Arokya,Mildly Spoiled,"(233, 245, 231)"
photo_89.jpg,170,Arokya,Mildly Spoiled,"(234, 245, 231)"
photo_90.jpg,172,Arokya,Mildly Spoiled,"(235, 245, 230)"
photo_91.jpg,174,Arokya,Mildly Spoiled,"(235, 245, 231)"
photo_92.jpg,176,Arokya,Mildly Spoiled,"(235, 246, 230)"
photo_93.jpg,178,Arokya,Mildly Spoiled,"(236, 246, 230)"
photo_94.jpg,180,Arokya,Mildly Spoiled,"(237, 246, 230)"
photo_95.jpg,182,Arokya,Mildly Spoiled,"(237, 246, 229)"
photo_96.jpg,184,Arokya,Mildly Spoiled,"(237, 246, 230)"
photo_97.jpg,186,Arokya,Mildly Spoiled,"(236, 246, 230)"
photo_98.jpg,188,Arokya,Mildly Spoiled,"(237, 246, 230)"
photo_99.jpg,190,Arokya,Mildly Spoiled,"(237, 246, 229)"
photo_100.jpg,192,Arokya,Mildly Spoiled,"(238, 246, 229)"
photo_101.jpg,194,Arokya,Mildly Spoiled,"(238, 246, 229)"
photo_102.jpg,196,Arokya,Mildly Spoiled,"(238, 247, 229)"
photo_103.jpg,198,Arokya,Mildly Spoiled,"(238, 247, 229)"
photo_104.jpg,200,Arokya,Mildly Spoiled,"(239, 247, 229)"
photo_105.jpg,202,Arokya,Mildly Spoiled,"(239, 247, 229)"
photo_106.jpg,204,Arokya,Mildly Spoiled,"(239, 247, 229)"
photo_107.jpg,206,Arokya,Mildly Spoiled,"(239, 247, 229)"
photo_108.jpg,208,Arokya,Mildly Spoiled,"(239, 247, 229)"
photo_109.jpg,210,Arokya,Mildly Spoiled,"(239, 247, 229)"
photo_110.jpg,212,Arokya,Mildly Spoiled,"(239, 247, 229)"
photo_111.jpg,214,Arokya,Mildly Spoiled,"(240, 247, 229)"
photo_112.jpg,216,Arokya,Mildly Spoiled,"(240, 247, 229)"
photo_113.jpg,218,Arokya,Mildly Spoiled,"(240, 247, 229)"
photo_114.jpg,220,Arokya,Mildly Spoiled,"(240, 247, 229)"
photo_115.jpg,222,Arokya,Mildly Spoiled,"(240, 247, 229)"
photo_116.jpg,224,Arokya,Mildly Spoiled,"(240, 247, 229)"
photo_117.jpg,226,Arokya,Mildly Spoiled,"(240, 247, 229)"
photo_118.jpg,228,Arokya,Mildly Spoiled,"(240, 247, 229)"
photo_119.jpg,230,Arokya,Mildly Spoiled,"(240, 247, 229)"
photo_120.jpg,232,Arokya,Mildly Spoiled,"(240, 247, 229)"
photo_121.jpg,234,Arokya,Mildly Spoiled,"(240, 247, 229)"
photo_122.jpg,236,Arokya,Mildly Spoiled,"(240, 247, 229)"
photo_123.jpg,238,Arokya,Mildly Spoiled,"(240, 247, 229)"
photo_124.jpg,240,Arokya,Mildly Spoiled,"(240, 247, 229)"
photo_125.jpg,242,Arokya,Mildly Spoiled,"(240, 247, 229)"
photo_126.jpg,244,Arokya,Mildly Spoiled,"(240, 247, 229)"
photo_127.jpg,246,Arokya,Mildly Spoiled,"(240, 247, 229)"
photo_128.jpg,248,Arokya,Mildly Spoiled,"(241, 247, 229)"
photo_129.jpg,250,Arokya,Mildly Spoiled,"(240, 247, 229)"
photo_130.jpg,252,Arokya,Mildly Spoiled,"(241, 247, 229)"
photo_131.jpg,254,Arokya,Mildly Spoiled,"(241, 247, 229)"
photo_132.jpg,256,Arokya,Mildly Spoiled,"(241, 247, 229)"
photo_133.jpg,258,Arokya,Mildly Spoiled,"(241, 247, 229)"
photo_134.jpg,260,Arokya,Mildly Spoiled,"(241, 247, 229)"
photo_135.jpg,262,Arokya,Mildly Spoiled,"(241, 247, 229)"
photo_136.jpg,264,Arokya,Mildly Spoiled,"(241, 247, 229)"
photo_137.jpg,266,Arokya,Mildly Spoiled,"(241, 247, 228)"
photo_138.jpg,268,Arokya,Mildly Spoiled,"(241, 247, 229)"
photo_139.jpg,270,Arokya,Mildly Spoiled,"(241, 247, 229)"
photo_140.jpg,272,Arokya,Mildly Spoiled,"(241, 247, 229)"
photo_141.jpg,274,Arokya,Mildly Spoiled,"(241, 247, 229)"
photo_142.jpg,276,Arokya,Mildly Spoiled,"(241, 247, 229)"
photo_143.jpg,278,Arokya,Mildly Spoiled,"(241, 247, 229)"
photo_144.jpg,280,Arokya,Mildly Spoiled,"(241, 247, 229)"
photo_145.jpg,282,Arokya,Mildly Spoiled,"(241, 247, 229)"
photo_146.jpg,284,Arokya,Mildly Spoiled,"(241, 247, 229)"
photo_147.jpg,286,Arokya,Mildly Spoiled,"(241, 247, 229)"
photo_148.jpg,288,Arokya,Mildly Spoiled,"(241, 247, 229)"
photo_149.jpg,290,Arokya,Mildly Spoiled,"(241, 247, 229)"
photo_150.jpg,292,Arokya,Mildly Spoiled,"(241, 247, 229)"
photo_151.jpg,294,Arokya,Mildly Spoiled,"(241, 247, 229)"
photo_152.jpg,296,Arokya,Mildly Spoiled,"(241, 247, 229)"
photo_153.jpg,298,Arokya,Mildly Spoiled,"(239, 247, 229)"
photo_154.jpg,300,Arokya,Mildly Spoiled,"(239, 247, 229)"
photo_155.jpg,302,Arokya,Mildly Spoiled,"(239, 247, 229)"
photo_156.jpg,304,Arokya,Mildly Spoiled,"(239, 247, 230)"
photo_157.jpg,306,Arokya,Mildly Spoiled,"(239, 247, 229)"
photo_158.jpg,308,Arokya,Mildly Spoiled,"(239, 247, 229)"
photo_159.jpg,310,Arokya,Mildly Spoiled,"(239, 247, 229)"
photo_160.jpg,312,Arokya,Mildly Spoiled,"(239, 247, 229)"
photo_161.jpg,314,Arokya,Mildly Spoiled,"(239, 247, 229)"
photo_162.jpg,316,Arokya,Mildly Spoiled,"(239, 247, 230)"
photo_163.jpg,318,Arokya,Mildly Spoiled,"(239, 247, 229)"
photo_164.jpg,320,Arokya,Mildly Spoiled,"(239, 247, 229)"
photo_165.jpg,322,Arokya,Mildly Spoiled,"(239, 247, 229)"
photo_166.jpg,324,Arokya,Mildly Spoiled,"(239, 247, 229)"
photo_167.jpg,326,Arokya,Mildly Spoiled,"(239, 247, 229)"
photo_168.jpg,328,Arokya,Mildly Spoiled,"(239, 247, 229)"
photo_169.jpg,330,Arokya,Mildly Spoiled,"(239, 247, 229)"
photo_170.jpg,332,Arokya,Mildly Spoiled,"(239, 247, 229)"
photo_171.jpg,334,Arokya,Mildly Spoiled,"(239, 247, 229)"
photo_172.jpg,336,Arokya,Mildly Spoiled,"(239, 247, 229)"
photo_173.jpg,338,Arokya,Mildly Spoiled,"(239, 247, 229)"
photo_174.jpg,340,Arokya,Mildly Spoiled,"(239, 247, 229)"
photo_175.jpg,342,Arokya,Mildly Spoiled,"(239, 247, 229)"
photo_176.jpg,344,Arokya,Mildly Spoiled,"(239, 247, 229)"
photo_177.jpg,346,Arokya,Mildly Spoiled,"(239, 247, 230)"
photo_178.jpg,348,Arokya,Mildly Spoiled,"(239, 247, 229)"
photo_179.jpg,350,Arokya,Mildly Spoiled,"(239, 247, 230)"
photo_180.jpg,352,Arokya,Mildly Spoiled,"(239, 247, 230)"
photo_181.jpg,354,Arokya,Mildly Spoiled,"(239, 247, 229)"
photo_182.jpg,356,Arokya,Mildly Spoiled,"(239, 247, 229)"
photo_183.jpg,358,Arokya,Mildly Spoiled,"(239, 247, 229)"
photo_184.jpg,360,Arokya,Mildly Spoiled,"(239, 247, 229)"
photo_185.jpg,362,Arokya,Mildly Spoiled,"(239, 247, 230)"
photo_186.jpg,364,Arokya,Mildly Spoiled,"(239, 247, 230)"
photo_187.jpg,366,Arokya,Mildly Spoiled,"(239, 247, 230)"
photo_188.jpg,368,Arokya,Mildly Spoiled,"(239, 247, 230)"
photo_189.jpg,370,Arokya,Mildly Spoiled,"(239, 247, 230)"
photo_190.jpg,372,Arokya,Mildly Spoiled,"(239, 247, 229)"
photo_191.jpg,374,Arokya,Mildly Spoiled,"(239, 247, 229)"
photo_192.jpg,376,Arokya,Mildly Spoiled,"(239, 247, 230)"
photo_193.jpg,378,Arokya,Mildly Spoiled,"(239, 247, 230)"
photo_194.jpg,380,Arokya,Mildly Spoiled,"(239, 247, 230)"
photo_195.jpg,382,Arokya,Mildly Spoiled,"(239, 247, 230)"
photo_196.jpg,384,Arokya,Mildly Spoiled,"(239, 247, 230)"
photo_197.jpg,386,Arokya,Mildly Spoiled,"(239, 247, 230)"
photo_198.jpg,388,Arokya,Mildly Spoiled,"(239, 247, 230)"
photo_199.jpg,390,Arokya,Mildly Spoiled,"(239, 247, 230)"
photo_200.jpg,392,Arokya,Mildly Spoiled,"(239, 247, 230)"
photo_201.jpg,394,Arokya,Mildly Spoiled,"(239, 247, 230)"
photo_202.jpg,396,Arokya,Mildly Spoiled,"(239, 247, 230)"
photo_203.jpg,398,Arokya,Mildly Spoiled,"(239, 247, 230)"
photo_204.jpg,400,Arokya,Mildly Spoiled,"(239, 247, 230)"
photo_205.jpg,402,Arokya,Mildly Spoiled,"(239, 247, 230)"
photo_206.jpg,404,Arokya,Mildly Spoiled,"(239, 247, 230)"
photo_207.jpg,406,Arokya,Mildly Spoiled,"(239, 247, 230)"
photo_208.jpg,408,Arokya,Mildly Spoiled,"(239, 247, 230)"
photo_209.jpg,410,Arokya,Mildly Spoiled,"(239, 247, 230)"
photo_210.jpg,412,Arokya,Mildly Spoiled,"(239, 247, 230)"
photo_211.jpg,414,Arokya,Mildly Spoiled,"(239, 247, 230)"
photo_212.jpg,416,Arokya,Mildly Spoiled,"(239, 247, 230)"
photo_213.jpg,418,Arokya,Mildly Spoiled,"(239, 247, 230)"
photo_214.jpg,420,Arokya,Mildly Spoiled,"(239, 247, 230)"
photo_215.jpg,422,Arokya,Mildly Spoiled,"(239, 247, 230)"
photo_216.jpg,424,Arokya,Mildly Spoiled,"(239, 247, 230)"
photo_217.jpg,426,Arokya,Mildly Spoiled,"(239, 247, 230)"
photo_218.jpg,428,Arokya,Mildly Spoiled,"(239, 247, 230)"
photo_5.jpg,2,Amirtha,Mildly Spoiled,"(187, 223, 235)"
photo_6.jpg,4,Amirtha,Mildly Spoiled,"(187, 225, 239)"
photo_7.jpg,6,Amirtha,Mildly Spoiled,"(186, 224, 241)"
photo_8.jpg,8,Amirtha,Mildly Spoiled,"(184, 223, 242)"
photo_9.jpg,10,Amirtha,Mildly Spoiled,"(183, 222, 241)"
photo_10.jpg,12,Amirtha,Mildly Spoiled,"(182, 221, 241)"
photo_11.jpg,14,Amirtha,Mildly Spoiled,"(182, 220, 241)"
photo_12.jpg,16,Amirtha,Mildly Spoiled,"(182, 220, 240)"
photo_13.jpg,18,Amirtha,Mildly Spoiled,"(181, 220, 240)"
photo_14.jpg,20,Amirtha,Mildly Spoiled,"(182, 220, 240)"
photo_15.jpg,22,Amirtha,Mildly Spoiled,"(181, 220, 240)"
photo_16.jpg,24,Amirtha,Mildly Spoiled,"(182, 220, 239)"
photo_17.jpg,26,Amirtha,Mildly Spoiled,"(182, 220, 239)"
photo_18.jpg,28,Amirtha,Mildly Spoiled,"(182, 220, 239)"
photo_19.jpg,30,Amirtha,Mildly Spoiled,"(182, 220, 239)"
photo_20.jpg,32,Amirtha,Mildly Spoiled,"(182, 220, 239)"
photo_21.jpg,34,Amirtha,Mildly Spoiled,"(183, 221, 238)"
photo_22.jpg,36,Amirtha,Mildly Spoiled,"(184, 221, 238)"
photo_23.jpg,38,Amirtha,Mildly Spoiled,"(184, 221, 238)"
photo_24.jpg,40,Amirtha,Mildly Spoiled,"(185, 221, 238)"
photo_25.jpg,42,Amirtha,Mildly Spoiled,"(185, 221, 238)"
photo_26.jpg,44,Amirtha,Mildly Spoiled,"(185, 221, 238)"
photo_27.jpg,46,Amirtha,Mildly Spoiled,"(185, 222, 238)"
photo_28.jpg,48,Amirtha,Mildly Spoiled,"(186, 222, 238)"
photo_29.jpg,50,Amirtha,Mildly Spoiled,"(186, 222, 238)"
photo_30.jpg,52,Amirtha,Mildly Spoiled,"(186, 222, 237)"
photo_31.jpg,54,Amirtha,Mildly Spoiled,"(187, 222, 237)"
photo_32.jpg,56,Amirtha,Mildly Spoiled,"(187, 222, 237)"
photo_33.jpg,58,Amirtha,Mildly Spoiled,"(187, 222, 237)"
photo_34.jpg,60,Amirtha,Mildly Spoiled,"(187, 222, 237)"
photo_35.jpg,62,Amirtha,Mildly Spoiled,"(188, 223, 237)"
photo_36.jpg,64,Amirtha,Mildly Spoiled,"(188, 223, 237)"
photo_37.jpg,66,Amirtha,Mildly Spoiled,"(188, 223, 237)"
photo_38.jpg,68,Amirtha,Mildly Spoiled,"(189, 223, 237)"
photo_39.jpg,70,Amirtha,Mildly Spoiled,"(189, 223, 237)"
photo_40.jpg,72,Amirtha,Mildly Spoiled,"(189, 224, 237)"
photo_41.jpg,74,Amirtha,Mildly Spoiled,"(190, 224, 237)"
photo_42.jpg,76,Amirtha,Mildly Spoiled,"(190, 224, 237)"
photo_43.jpg,78,Amirtha,Mildly Spoiled,"(191, 224, 236)"
photo_44.jpg,80,Amirtha,Mildly Spoiled,"(191, 224, 237)"
photo_45.jpg,82,Amirtha,Mildly Spoiled,"(192, 225, 236)"
photo_46.jpg,84,Amirtha,Mildly Spoiled,"(192, 225, 236)"
photo_47.jpg,86,Amirtha,Mildly Spoiled,"(192, 225, 236)"
photo_48.jpg,88,Amirtha,Mildly Spoiled,"(193, 225, 236)"
photo_49.jpg,90,Amirtha,Mildly Spoiled,"(194, 225, 236)"
photo_50.jpg,92,Amirtha,Mildly Spoiled,"(194, 226, 236)"
photo_51.jpg,94,Amirtha,Mildly Spoiled,"(195, 226, 236)"
photo_52.jpg,96,Amirtha,Mildly Spoiled,"(195, 226, 236)"
photo_53.jpg,98,Amirtha,Mildly Spoiled,"(196, 227, 236)"
photo_54.jpg,100,Amirtha,Mildly Spoiled,"(196, 227, 235)"
photo_55.jpg,102,Amirtha,Mildly Spoiled,"(197, 227, 235)"
photo_56.jpg,104,Amirtha,Mildly Spoiled,"(198, 227, 235)"
photo_57.jpg,106,Amirtha,Mildly Spoiled,"(198, 228, 235)"
photo_58.jpg,108,Amirtha,Mildly Spoiled,"(199, 228, 235)"
photo_59.jpg,110,Amirtha,Mildly Spoiled,"(200, 228, 235)"
photo_60.jpg,112,Amirtha,Mildly Spoiled,"(200, 229, 235)"
photo_61.jpg,114,Amirtha,Mildly Spoiled,"(201, 229, 235)"
photo_62.jpg,116,Amirtha,Mildly Spoiled,"(201, 229, 235)"
photo_63.jpg,118,Amirtha,Mildly Spoiled,"(202, 229, 235)"
photo_64.jpg,120,Amirtha,Mildly Spoiled,"(203, 230, 235)"
photo_65.jpg,122,Amirtha,Mildly Spoiled,"(203, 230, 235)"
photo_66.jpg,124,Amirtha,Mildly Spoiled,"(204, 230, 234)"
photo_67.jpg,126,Amirtha,Mildly Spoiled,"(205, 231, 234)"
photo_68.jpg,128,Amirtha,Mildly Spoiled,"(206, 231, 234)"
photo_69.jpg,130,Amirtha,Mildly Spoiled,"(207, 231, 234)"
photo_70.jpg,132,Amirtha,Mildly Spoiled,"(207, 231, 234)"
photo_71.jpg,134,Amirtha,Mildly Spoiled,"(208, 232, 234)"
photo_72.jpg,136,Amirtha,Mildly Spoiled,"(209, 232, 234)"
photo_73.jpg,138,Amirtha,Mildly Spoiled,"(209, 232, 233)"
photo_74.jpg,140,Amirtha,Mildly Spoiled,"(210, 233, 233)"
photo_75.jpg,142,Amirtha,Mildly Spoiled,"(211, 233, 233)"
photo_76.jpg,144,Amirtha,Mildly Spoiled,"(212, 233, 233)"
photo_77.jpg,146,Amirtha,Mildly Spoiled,"(212, 234, 233)"
photo_78.jpg,148,Amirtha,Mildly Spoiled,"(213, 234, 233)"
photo_79.jpg,150,Amirtha,Mildly Spoiled,"(214, 234, 233)"
photo_80.jpg,152,Amirtha,Mildly Spoiled,"(215, 234, 233)"
photo_81.jpg,154,Amirtha,Mildly Spoiled,"(216, 235, 232)"
photo_82.jpg,156,Amirtha,Mildly Spoiled,"(216, 235, 232)"
photo_83.jpg,158,Amirtha,Mildly Spoiled,"(217, 235, 232)"
photo_84.jpg,160,Amirtha,Mildly Spoiled,"(218, 235, 232)"
photo_85.jpg,162,Amirtha,Mildly Spoiled,"(218, 235, 232)"
photo_86.jpg,164,Amirtha,Mildly Spoiled,"(219, 236, 232)"
photo_87.jpg,166,Amirtha,Mildly Spoiled,"(220, 236, 232)"
photo_88.jpg,168,Amirtha,Mildly Spoiled,"(221, 236, 231)"
photo_89.jpg,170,Amirtha,Mildly Spoiled,"(222, 236, 231)"
photo_90.jpg,172,Amirtha,Mildly Spoiled,"(223, 236, 231)"
photo_91.jpg,174,Amirtha,Mildly Spoiled,"(223, 237, 231)"
photo_92.jpg,176,Amirtha,Mildly Spoiled,"(224, 237, 231)"
photo_93.jpg,178,Amirtha,Mildly Spoiled,"(225, 237, 230)"
photo_94.jpg,180,Amirtha,Mildly Spoiled,"(226, 237, 230)"
photo_95.jpg,182,Amirtha,Mildly Spoiled,"(226, 237, 230)"
photo_96.jpg,184,Amirtha,Mildly Spoiled,"(227, 237, 230)"
photo_97.jpg,186,Amirtha,Mildly Spoiled,"(226, 238, 230)"
photo_98.jpg,188,Amirtha,Mildly Spoiled,"(227, 238, 230)"
photo_99.jpg,190,Amirtha,Mildly Spoiled,"(228, 238, 230)"
photo_100.jpg,192,Amirtha,Mildly Spoiled,"(229, 238, 230)"
photo_101.jpg,194,Amirtha,Mildly Spoiled,"(229, 238, 229)"
photo_102.jpg,196,Amirtha,Mildly Spoiled,"(230, 238, 229)"
photo_103.jpg,198,Amirtha,Mildly Spoiled,"(230, 238, 229)"
photo_104.jpg,200,Amirtha,Mildly Spoiled,"(231, 238, 229)"
photo_105.jpg,202,Amirtha,Mildly Spoiled,"(232, 238, 229)"
photo_106.jpg,204,Amirtha,Mildly Spoiled,"(232, 238, 228)"
photo_107.jpg,206,Amirtha,Mildly Spoiled,"(232, 238, 228)"
photo_108.jpg,208,Amirtha,Mildly Spoiled,"(232, 238, 228)"
photo_109.jpg,210,Amirtha,Mildly Spoiled,"(233, 238, 228)"
photo_110.jpg,212,Amirtha,Mildly Spoiled,"(233, 238, 228)"
photo_111.jpg,214,Amirtha,Mildly Spoiled,"(233, 238, 228)"
photo_112.jpg,216,Amirtha,Mildly Spoiled,"(233, 238, 228)"
photo_113.jpg,218,Amirtha,Mildly Spoiled,"(233, 238, 228)"
photo_114.jpg,220,Amirtha,Mildly Spoiled,"(233, 239, 228)"
photo_115.jpg,222,Amirtha,Mildly Spoiled,"(234, 239, 228)"
photo_116.jpg,224,Amirtha,Mildly Spoiled,"(233, 239, 228)"
photo_117.jpg,226,Amirtha,Mildly Spoiled,"(234, 239, 228)"
photo_118.jpg,228,Amirtha,Mildly Spoiled,"(234, 239, 228)"
photo_119.jpg,230,Amirtha,Mildly Spoiled,"(234, 239, 228)"
photo_120.jpg,232,Amirtha,Mildly Spoiled,"(234, 239, 228)"
photo_121.jpg,234,Amirtha,Mildly Spoiled,"(234, 239, 228)"
photo_122.jpg,236,Amirtha,Mildly Spoiled,"(234, 239, 228)"
photo_123.jpg,238,Amirtha,Mildly Spoiled,"(234, 239, 228)"
photo_124.jpg,240,Amirtha,Mildly Spoiled,"(234, 239, 228)"
photo_125.jpg,242,Amirtha,Mildly Spoiled,"(234, 238, 228)"
photo_126.jpg,244,Amirtha,Mildly Spoiled,"(234, 239, 228)"
photo_127.jpg,246,Amirtha,Mildly Spoiled,"(234, 239, 228)"
photo_128.jpg,248,Amirtha,Mildly Spoiled,"(234, 239, 228)"
photo_129.jpg,250,Amirtha,Mildly Spoiled,"(234, 239, 228)"
photo_130.jpg,252,Amirtha,Mildly Spoiled,"(234, 239, 228)"
photo_131.jpg,254,Amirtha,Mildly Spoiled,"(234, 239, 227)"
photo_132.jpg,256,Amirtha,Mildly Spoiled,"(235, 239, 227)"
photo_133.jpg,258,Amirtha,Mildly Spoiled,"(235, 239, 227)"
photo_134.jpg,260,Amirtha,Mildly Spoiled,"(235, 239, 227)"
photo_135.jpg,262,Amirtha,Mildly Spoiled,"(235, 239, 227)"
photo_136.jpg,264,Amirtha,Mildly Spoiled,"(235, 239, 227)"
photo_137.jpg,266,Amirtha,Mildly Spoiled,"(235, 239, 227)"
photo_138.jpg,268,Amirtha,Mildly Spoiled,"(235, 239, 227)"
photo_139.jpg,270,Amirtha,Mildly Spoiled,"(235, 239, 227)"
photo_140.jpg,272,Amirtha,Mildly Spoiled,"(235, 239, 227)"
photo_141.jpg,274,Amirtha,Mildly Spoiled,"(235, 239, 227)"
photo_142.jpg,276,Amirtha,Mildly Spoiled,"(235, 239, 227)"
photo_143.jpg,278,Amirtha,Mildly Spoiled,"(235, 239, 227)"
photo_144.jpg,280,Amirtha,Mildly Spoiled,"(235, 239, 227)"
photo_145.jpg,282,Amirtha,Mildly Spoiled,"(235, 239, 227)"
photo_146.jpg,284,Amirtha,Mildly Spoiled,"(235, 239, 227)"
photo_147.jpg,286,Amirtha,Mildly Spoiled,"(235, 239, 227)"
photo_148.jpg,288,Amirtha,Mildly Spoiled,"(235, 239, 227)"
photo_149.jpg,290,Amirtha,Mildly Spoiled,"(235, 239, 227)"
photo_150.jpg,292,Amirtha,Mildly Spoiled,"(235, 239, 227)"
photo_151.jpg,294,Amirtha,Mildly Spoiled,"(235, 239, 227)"
photo_152.jpg,296,Amirtha,Mildly Spoiled,"(235, 239, 227)"
photo_153.jpg,298,Amirtha,Mildly Spoiled,"(234, 239, 227)"
photo_154.jpg,300,Amirtha,Mildly Spoiled,"(234, 239, 227)"
photo_155.jpg,302,Amirtha,Mildly Spoiled,"(234, 239, 228)"
photo_156.jpg,304,Amirtha,Mildly Spoiled,"(234, 239, 227)"
photo_157.jpg,306,Amirtha,Mildly Spoiled,"(234, 239, 228)"
photo_158.jpg,308,Amirtha,Mildly Spoiled,"(233, 239, 227)"
photo_159.jpg,310,Amirtha,Mildly Spoiled,"(234, 239, 227)"
photo_160.jpg,312,Amirtha,Mildly Spoiled,"(234, 239, 227)"
photo_161.jpg,314,Amirtha,Mildly Spoiled,"(234, 239, 227)"
photo_162.jpg,316,Amirtha,Mildly Spoiled,"(234, 239, 227)"
photo_163.jpg,318,Amirtha,Mildly Spoiled,"(234, 239, 227)"
photo_164.jpg,320,Amirtha,Mildly Spoiled,"(234, 239, 227)"
photo_165.jpg,322,Amirtha,Mildly Spoiled,"(234, 239, 227)"
photo_166.jpg,324,Amirtha,Mildly Spoiled,"(234, 239, 227)"
photo_167.jpg,326,Amirtha,Mildly Spoiled,"(234, 239, 227)"
photo_168.jpg,328,Amirtha,Mildly Spoiled,"(234, 239, 227)"
photo_169.jpg,330,Amirtha,Mildly Spoiled,"(234, 239, 227)"
photo_170.jpg,332,Amirtha,Mildly Spoiled,"(234, 239, 227)"
photo_171.jpg,334,Amirtha,Mildly Spoiled,"(234, 239, 227)"
photo_172.jpg,336,Amirtha,Mildly Spoiled,"(234, 239, 227)"
photo_173.jpg,338,Amirtha,Mildly Spoiled,"(234, 239, 227)"
photo_174.jpg,340,Amirtha,Mildly Spoiled,"(234, 239, 227)"
photo_175.jpg,342,Amirtha,Mildly Spoiled,"(234, 239, 227)"
photo_176.jpg,344,Amirtha,Mildly Spoiled,"(234, 239, 227)"
photo_177.jpg,346,Amirtha,Mildly Spoiled,"(234, 239, 227)"
photo_178.jpg,348,Amirtha,Mildly Spoiled,"(234, 239, 227)"
photo_179.jpg,350,Amirtha,Mildly Spoiled,"(234, 239, 227)"
photo_180.jpg,352,Amirtha,Mildly Spoiled,"(234, 238, 227)"
photo_181.jpg,354,Amirtha,Mildly Spoiled,"(234, 239, 227)"
photo_182.jpg,356,Amirtha,Mildly Spoiled,"(234, 239, 227)"
photo_183.jpg,358,Amirtha,Mildly Spoiled,"(234, 239, 227)"
photo_184.jpg,360,Amirtha,Mildly Spoiled,"(234, 238, 227)"
photo_185.jpg,362,Amirtha,Mildly Spoiled,"(234, 238, 227)"
photo_186.jpg,364,Amirtha,Mildly Spoiled,"(234, 238, 227)"
photo_187.jpg,366,Amirtha,Mildly Spoiled,"(234, 239, 227)"
photo_188.jpg,368,Amirtha,Mildly Spoiled,"(234, 239, 227)"
photo_189.jpg,370,Amirtha,Mildly Spoiled,"(234, 238, 227)"
photo_190.jpg,372,Amirtha,Mildly Spoiled,"(234, 239, 227)"
photo_191.jpg,374,Amirtha,Mildly Spoiled,"(234, 239, 227)"
photo_192.jpg,376,Amirtha,Mildly Spoiled,"(234, 239, 227)"
photo_193.jpg,378,Amirtha,Mildly Spoiled,"(234, 238, 227)"
photo_194.jpg,380,Amirtha,Mildly Spoiled,"(234, 238, 227)"
photo_195.jpg,382,Amirtha,Mildly Spoiled,"(234, 238, 227)"
photo_196.jpg,384,Amirtha,Mildly Spoiled,"(234, 238, 227)"
photo_197.jpg,386,Amirtha,Mildly Spoiled,"(233, 239, 227)"
photo_198.jpg,388,Amirtha,Mildly Spoiled,"(233, 239, 227)"
photo_199.jpg,390,Amirtha,Mildly Spoiled,"(234, 238, 227)"
photo_200.jpg,392,Amirtha,Mildly Spoiled,"(234, 238, 227)"
photo_201.jpg,394,Amirtha,Mildly Spoiled,"(234, 238, 227)"
photo_202.jpg,396,Amirtha,Mildly Spoiled,"(234, 238, 227)"
photo_203.jpg,398,Amirtha,Mildly Spoiled,"(233, 238, 227)"
photo_204.jpg,400,Amirtha,Mildly Spoiled,"(233, 238, 227)"
photo_205.jpg,402,Amirtha,Mildly Spoiled,"(234, 238, 227)"
photo_206.jpg,404,Amirtha,Mildly Spoiled,"(233, 238, 228)"
photo_207.jpg,406,Amirtha,Mildly Spoiled,"(233, 238, 227)"
photo_208.jpg,408,Amirtha,Mildly Spoiled,"(233, 238, 227)"
photo_209.jpg,410,Amirtha,Mildly Spoiled,"(233, 238, 227)"
photo_210.jpg,412,Amirtha,Mildly Spoiled,"(233, 238, 227)"
photo_211.jpg,414,Amirtha,Mildly Spoiled,"(233, 238, 227)"
photo_212.jpg,416,Amirtha,Mildly Spoiled,"(233, 238, 227)"
photo_213.jpg,418,Amirtha,Mildly Spoiled,"(234, 238, 227)"
photo_214.jpg,420,Amirtha,Mildly Spoiled,"(233, 238, 227)"
photo_215.jpg,422,Amirtha,Mildly Spoiled,"(233, 238, 227)"
photo_216.jpg,424,Amirtha,Mildly Spoiled,"(233, 238, 227)"
photo_217.jpg,426,Amirtha,Mildly Spoiled,"(233, 238, 228)"
photo_218.jpg,428,Amirtha,Mildly Spoiled,"(233, 238, 228)"
photo_5.jpg,2,Aavin,Mildly Spoiled,"(177, 218, 236)"
photo_6.jpg,4,Aavin,Mildly Spoiled,"(178, 219, 239)"
photo_7.jpg,6,Aavin,Mildly Spoiled,"(177, 219, 240)"
photo_8.jpg,8,Aavin,Mildly Spoiled,"(177, 219, 240)"
photo_9.jpg,10,Aavin,Mildly Spoiled,"(176, 217, 240)"
photo_10.jpg,12,Aavin,Mildly Spoiled,"(175, 217, 240)"
photo_11.jpg,14,Aavin,Mildly Spoiled,"(174, 216, 239)"
photo_12.jpg,16,Aavin,Mildly Spoiled,"(174, 216, 239)"
photo_13.jpg,18,Aavin,Mildly Spoiled,"(174, 216, 239)"
photo_14.jpg,20,Aavin,Mildly Spoiled,"(173, 216, 239)"
photo_15.jpg,22,Aavin,Mildly Spoiled,"(173, 216, 239)"
photo_16.jpg,24,Aavin,Mildly Spoiled,"(174, 215, 239)"
photo_17.jpg,26,Aavin,Mildly Spoiled,"(174, 215, 239)"
photo_18.jpg,28,Aavin,Mildly Spoiled,"(174, 216, 239)"
photo_19.jpg,30,Aavin,Mildly Spoiled,"(175, 216, 238)"
photo_20.jpg,32,Aavin,Mildly Spoiled,"(175, 216, 238)"
photo_21.jpg,34,Aavin,Mildly Spoiled,"(175, 216, 238)"
photo_22.jpg,36,Aavin,Mildly Spoiled,"(176, 216, 238)"
photo_23.jpg,38,Aavin,Mildly Spoiled,"(176, 216, 238)"
photo_24.jpg,40,Aavin,Mildly Spoiled,"(177, 217, 238)"
photo_25.jpg,42,Aavin,Mildly Spoiled,"(177, 217, 237)"
photo_26.jpg,44,Aavin,Mildly Spoiled,"(178, 217, 237)"
photo_27.jpg,46,Aavin,Mildly Spoiled,"(178, 218, 237)"
photo_28.jpg,48,Aavin,Mildly Spoiled,"(178, 218, 237)"
photo_29.jpg,50,Aavin,Mildly Spoiled,"(179, 218, 237)"
photo_30.jpg,52,Aavin,Mildly Spoiled,"(179, 218, 237)"
photo_31.jpg,54,Aavin,Mildly Spoiled,"(180, 218, 237)"
photo_32.jpg,56,Aavin,Mildly Spoiled,"(180, 219, 237)"
photo_33.jpg,58,Aavin,Mildly Spoiled,"(181, 219, 237)"
photo_34.jpg,60,Aavin,Mildly Spoiled,"(181, 219, 237)"
photo_35.jpg,62,Aavin,Mildly Spoiled,"(182, 219, 237)"
photo_36.jpg,64,Aavin,Mildly Spoiled,"(182, 219, 237)"
photo_37.jpg,66,Aavin,Mildly Spoiled,"(183, 220, 236)"
photo_38.jpg,68,Aavin,Mildly Spoiled,"(183, 220, 236)"
photo_39.jpg,70,Aavin,Mildly Spoiled,"(184, 220, 236)"
photo_40.jpg,72,Aavin,Mildly Spoiled,"(185, 220, 236)"
photo_41.jpg,74,Aavin,Mildly Spoiled,"(185, 221, 236)"
photo_42.jpg,76,Aavin,Mildly Spoiled,"(186, 221, 236)"
photo_43.jpg,78,Aavin,Mildly Spoiled,"(186, 221, 236)"
photo_44.jpg,80,Aavin,Mildly Spoiled,"(187, 222, 235)"
photo_45.jpg,82,Aavin,Mildly Spoiled,"(188, 222, 236)"
photo_46.jpg,84,Aavin,Mildly Spoiled,"(188, 222, 236)"
photo_47.jpg,86,Aavin,Mildly Spoiled,"(189, 223, 235)"
photo_48.jpg,88,Aavin,Mildly Spoiled,"(190, 223, 235)"
photo_49.jpg,90,Aavin,Mildly Spoiled,"(190, 223, 235)"
photo_50.jpg,92,Aavin,Mildly Spoiled,"(191, 224, 235)"
photo_51.jpg,94,Aavin,Mildly Spoiled,"(191, 224, 235)"
photo_52.jpg,96,Aavin,Mildly Spoiled,"(192, 224, 235)"
photo_53.jpg,98,Aavin,Mildly Spoiled,"(193, 225, 234)"
photo_54.jpg,100,Aavin,Mildly Spoiled,"(194, 225, 234)"
photo_55.jpg,102,Aavin,Mildly Spoiled,"(194, 225, 234)"
photo_56.jpg,104,Aavin,Mildly Spoiled,"(195, 226, 234)"
photo_57.jpg,106,Aavin,Mildly Spoiled,"(196, 226, 234)"
photo_58.jpg,108,Aavin,Mildly Spoiled,"(196, 226, 234)"
photo_59.jpg,110,Aavin,Mildly Spoiled,"(197, 227, 234)"
photo_60.jpg,112,Aavin,Mildly Spoiled,"(198, 227, 234)"
photo_61.jpg,114,Aavin,Mildly Spoiled,"(199, 227, 234)"
photo_62.jpg,116,Aavin,Mildly Spoiled,"(199, 227, 234)"
photo_63.jpg,118,Aavin,Mildly Spoiled,"(200, 228, 234)"
photo_64.jpg,120,Aavin,Mildly Spoiled,"(200, 228, 234)"
photo_65.jpg,122,Aavin,Mildly Spoiled,"(201, 228, 233)"
photo_66.jpg,124,Aavin,Mildly Spoiled,"(202, 229, 233)"
photo_67.jpg,126,Aavin,Mildly Spoiled,"(203, 229, 233)"
photo_68.jpg,128,Aavin,Mildly Spoiled,"(203, 229, 233)"
photo_69.jpg,130,Aavin,Mildly Spoiled,"(204, 230, 233)"
photo_70.jpg,132,Aavin,Mildly Spoiled,"(205, 230, 233)"
photo_71.jpg,134,Aavin,Mildly Spoiled,"(206, 230, 233)"
photo_72.jpg,136,Aavin,Mildly Spoiled,"(207, 231, 232)"
photo_73.jpg,138,Aavin,Mildly Spoiled,"(207, 231, 232)"
photo_74.jpg,140,Aavin,Mildly Spoiled,"(209, 231, 232)"
photo_75.jpg,142,Aavin,Mildly Spoiled,"(209, 232, 232)"
photo_76.jpg,144,Aavin,Mildly Spoiled,"(210, 232, 232)"
photo_77.jpg,146,Aavin,Mildly Spoiled,"(211, 233, 231)"
photo_78.jpg,148,Aavin,Mildly Spoiled,"(212, 233, 231)"
photo_79.jpg,150,Aavin,Mildly Spoiled,"(212, 233, 231)"
photo_80.jpg,152,Aavin,Mildly Spoiled,"(213, 233, 231)"
photo_81.jpg,154,Aavin,Mildly Spoiled,"(214, 234, 231)"
photo_82.jpg,156,Aavin,Mildly Spoiled,"(215, 234, 231)"
photo_83.jpg,158,Aavin,Mildly Spoiled,"(216, 234, 231)"
photo_84.jpg,160,Aavin,Mildly Spoiled,"(217, 235, 231)"
photo_85.jpg,162,Aavin,Mildly Spoiled,"(218, 235, 230)"
photo_86.jpg,164,Aavin,Mildly Spoiled,"(219, 235, 230)"
photo_87.jpg,166,Aavin,Mildly Spoiled,"(220, 235, 230)"
photo_88.jpg,168,Aavin,Mildly Spoiled,"(221, 236, 230)"
photo_89.jpg,170,Aavin,Mildly Spoiled,"(221, 236, 230)"
photo_90.jpg,172,Aavin,Mildly Spoiled,"(222, 236, 230)"
photo_91.jpg,174,Aavin,Mildly Spoiled,"(223, 236, 229)"
photo_92.jpg,176,Aavin,Mildly Spoiled,"(224, 237, 229)"
photo_93.jpg,178,Aavin,Mildly Spoiled,"(225, 237, 229)"
photo_94.jpg,180,Aavin,Mildly Spoiled,"(226, 237, 229)"
photo_95.jpg,182,Aavin,Mildly Spoiled,"(227, 237, 229)"
photo_96.jpg,184,Aavin,Mildly Spoiled,"(228, 237, 229)"
photo_97.jpg,186,Aavin,Mildly Spoiled,"(226, 238, 229)"
photo_98.jpg,188,Aavin,Mildly Spoiled,"(227, 238, 229)"
photo_99.jpg,190,Aavin,Mildly Spoiled,"(227, 238, 229)"
photo_100.jpg,192,Aavin,Mildly Spoiled,"(228, 238, 229)"
photo_101.jpg,194,Aavin,Mildly Spoiled,"(228, 238, 229)"
photo_102.jpg,196,Aavin,Mildly Spoiled,"(228, 238, 229)"
photo_103.jpg,198,Aavin,Mildly Spoiled,"(228, 238, 229)"
photo_104.jpg,200,Aavin,Mildly Spoiled,"(229, 238, 229)"
photo_105.jpg,202,Aavin,Mildly Spoiled,"(229, 238, 229)"
photo_106.jpg,204,Aavin,Mildly Spoiled,"(229, 238, 229)"
photo_107.jpg,206,Aavin,Mildly Spoiled,"(229, 238, 229)"
photo_108.jpg,208,Aavin,Mildly Spoiled,"(229, 238, 228)"
photo_109.jpg,210,Aavin,Mildly Spoiled,"(229, 238, 229)"
photo_110.jpg,212,Aavin,Mildly Spoiled,"(229, 238, 229)"
photo_111.jpg,214,Aavin,Mildly Spoiled,"(229, 238, 229)"
photo_112.jpg,216,Aavin,Mildly Spoiled,"(229, 238, 229)"
photo_113.jpg,218,Aavin,Mildly Spoiled,"(229, 238, 229)"
photo_114.jpg,220,Aavin,Mildly Spoiled,"(229, 238, 229)"
photo_115.jpg,222,Aavin,Mildly Spoiled,"(229, 238, 229)"
photo_116.jpg,224,Aavin,Mildly Spoiled,"(229, 238, 229)"
photo_117.jpg,226,Aavin,Mildly Spoiled,"(230, 238, 229)"
photo_118.jpg,228,Aavin,Mildly Spoiled,"(229, 238, 229)"
photo_119.jpg,230,Aavin,Mildly Spoiled,"(230, 238, 229)"
photo_120.jpg,232,Aavin,Mildly Spoiled,"(229, 238, 229)"
photo_121.jpg,234,Aavin,Mildly Spoiled,"(230, 238, 229)"
photo_122.jpg,236,Aavin,Mildly Spoiled,"(230, 238, 229)"
photo_123.jpg,238,Aavin,Mildly Spoiled,"(230, 238, 229)"
photo_124.jpg,240,Aavin,Mildly Spoiled,"(230, 238, 229)"
photo_125.jpg,242,Aavin,Mildly Spoiled,"(230, 238, 229)"
photo_126.jpg,244,Aavin,Mildly Spoiled,"(230, 238, 229)"
photo_127.jpg,246,Aavin,Mildly Spoiled,"(230, 238, 228)"
photo_128.jpg,248,Aavin,Mildly Spoiled,"(230, 238, 229)"
photo_129.jpg,250,Aavin,Mildly Spoiled,"(230, 238, 228)"
photo_130.jpg,252,Aavin,Mildly Spoiled,"(230, 238, 228)"
photo_131.jpg,254,Aavin,Mildly Spoiled,"(230, 238, 228)"
photo_132.jpg,256,Aavin,Mildly Spoiled,"(230, 238, 228)"
photo_133.jpg,258,Aavin,Mildly Spoiled,"(230, 238, 228)"
photo_134.jpg,260,Aavin,Mildly Spoiled,"(230, 238, 228)"
photo_135.jpg,262,Aavin,Mildly Spoiled,"(230, 238, 228)"
photo_136.jpg,264,Aavin,Mildly Spoiled,"(230, 238, 228)"
photo_137.jpg,266,Aavin,Mildly Spoiled,"(230, 238, 228)"
photo_138.jpg,268,Aavin,Mildly Spoiled,"(230, 238, 228)"
photo_139.jpg,270,Aavin,Mildly Spoiled,"(230, 238, 228)"
photo_140.jpg,272,Aavin,Mildly Spoiled,"(230, 238, 228)"
photo_141.jpg,274,Aavin,Mildly Spoiled,"(230, 238, 228)"
photo_142.jpg,276,Aavin,Mildly Spoiled,"(230, 238, 228)"
photo_143.jpg,278,Aavin,Mildly Spoiled,"(230, 238, 228)"
photo_144.jpg,280,Aavin,Mildly Spoiled,"(230, 238, 228)"
photo_145.jpg,282,Aavin,Mildly Spoiled,"(230, 238, 228)"
photo_146.jpg,284,Aavin,Mildly Spoiled,"(230, 238, 228)"
photo_147.jpg,286,Aavin,Mildly Spoiled,"(230, 238, 228)"
photo_148.jpg,288,Aavin,Mildly Spoiled,"(230, 238, 228)"
photo_149.jpg,290,Aavin,Mildly Spoiled,"(230, 238, 228)"
photo_150.jpg,292,Aavin,Mildly Spoiled,"(230, 238, 228)"
photo_151.jpg,294,Aavin,Mildly Spoiled,"(230, 238, 228)"
photo_152.jpg,296,Aavin,Mildly Spoiled,"(230, 238, 228)"
photo_153.jpg,298,Aavin,Mildly Spoiled,"(228, 239, 229)"
photo_154.jpg,300,Aavin,Mildly Spoiled,"(228, 238, 229)"
photo_155.jpg,302,Aavin,Mildly Spoiled,"(228, 239, 229)"
photo_156.jpg,304,Aavin,Mildly Spoiled,"(228, 238, 229)"
photo_157.jpg,306,Aavin,Mildly Spoiled,"(228, 239, 229)"
photo_158.jpg,308,Aavin,Mildly Spoiled,"(228, 238, 229)"
photo_159.jpg,310,Aavin,Mildly Spoiled,"(228, 238, 229)"
photo_160.jpg,312,Aavin,Mildly Spoiled,"(228, 238, 228)"
photo_161.jpg,314,Aavin,Mildly Spoiled,"(228, 238, 228)"
photo_162.jpg,316,Aavin,Mildly Spoiled,"(228, 238, 229)"
photo_163.jpg,318,Aavin,Mildly Spoiled,"(228, 238, 228)"
photo_164.jpg,320,Aavin,Mildly Spoiled,"(228, 238, 228)"
photo_165.jpg,322,Aavin,Mildly Spoiled,"(228, 238, 229)"
photo_166.jpg,324,Aavin,Mildly Spoiled,"(228, 238, 228)"
photo_167.jpg,326,Aavin,Mildly Spoiled,"(228, 238, 228)"
photo_168.jpg,328,Aavin,Mildly Spoiled,"(228, 238, 229)"
photo_169.jpg,330,Aavin,Mildly Spoiled,"(228, 238, 228)"
photo_170.jpg,332,Aavin,Mildly Spoiled,"(228, 238, 228)"
photo_171.jpg,334,Aavin,Mildly Spoiled,"(228, 238, 228)"
photo_172.jpg,336,Aavin,Mildly Spoiled,"(228, 238, 228)"
photo_173.jpg,338,Aavin,Mildly Spoiled,"(228, 238, 228)"
photo_174.jpg,340,Aavin,Mildly Spoiled,"(228, 238, 228)"
photo_175.jpg,342,Aavin,Mildly Spoiled,"(228, 238, 229)"
photo_176.jpg,344,Aavin,Mildly Spoiled,"(228, 238, 228)"
photo_177.jpg,346,Aavin,Mildly Spoiled,"(228, 238, 229)"
photo_178.jpg,348,Aavin,Mildly Spoiled,"(228, 238, 228)"
photo_179.jpg,350,Aavin,Mildly Spoiled,"(228, 238, 229)"
photo_180.jpg,352,Aavin,Mildly Spoiled,"(228, 238, 229)"
photo_181.jpg,354,Aavin,Mildly Spoiled,"(228, 238, 229)"
photo_182.jpg,356,Aavin,Mildly Spoiled,"(228, 238, 229)"
photo_183.jpg,358,Aavin,Mildly Spoiled,"(228, 238, 229)"
photo_184.jpg,360,Aavin,Mildly Spoiled,"(228, 238, 228)"
photo_185.jpg,362,Aavin,Mildly Spoiled,"(228, 238, 229)"
photo_186.jpg,364,Aavin,Mildly Spoiled,"(228, 238, 229)"
photo_187.jpg,366,Aavin,Mildly Spoiled,"(228, 238, 228)"
photo_188.jpg,368,Aavin,Mildly Spoiled,"(228, 238, 229)"
photo_189.jpg,370,Aavin,Mildly Spoiled,"(228, 238, 229)"
photo_190.jpg,372,Aavin,Mildly Spoiled,"(228, 238, 229)"
photo_191.jpg,374,Aavin,Mildly Spoiled,"(227, 238, 229)"
photo_192.jpg,376,Aavin,Mildly Spoiled,"(228, 238, 229)"
photo_193.jpg,378,Aavin,Mildly Spoiled,"(228, 238, 229)"
photo_194.jpg,380,Aavin,Mildly Spoiled,"(227, 238, 229)"
photo_195.jpg,382,Aavin,Mildly Spoiled,"(227, 238, 228)"
photo_196.jpg,384,Aavin,Mildly Spoiled,"(228, 238, 229)"
photo_197.jpg,386,Aavin,Mildly Spoiled,"(228, 238, 229)"
photo_198.jpg,388,Aavin,Mildly Spoiled,"(227, 238, 229)"
photo_199.jpg,390,Aavin,Mildly Spoiled,"(228, 238, 229)"
photo_200.jpg,392,Aavin,Mildly Spoiled,"(227, 238, 229)"
photo_201.jpg,394,Aavin,Mildly Spoiled,"(227, 238, 229)"
photo_202.jpg,396,Aavin,Mildly Spoiled,"(227, 238, 229)"
photo_203.jpg,398,Aavin,Mildly Spoiled,"(227, 237, 229)"
photo_204.jpg,400,Aavin,Mildly Spoiled,"(227, 238, 229)"
photo_205.jpg,402,Aavin,Mildly Spoiled,"(227, 238, 229)"
photo_206.jpg,404,Aavin,Mildly Spoiled,"(227, 238, 229)"
photo_207.jpg,406,Aavin,Mildly Spoiled,"(227, 237, 229)"
photo_208.jpg,408,Aavin,Mildly Spoiled,"(227, 237, 229)"
photo_209.jpg,410,Aavin,Mildly Spoiled,"(227, 237, 229)"
photo_210.jpg,412,Aavin,Mildly Spoiled,"(227, 238, 229)"
photo_211.jpg,414,Aavin,Mildly Spoiled,"(227, 237, 229)"
photo_212.jpg,416,Aavin,Mildly Spoiled,"(227, 237, 229)"
photo_213.jpg,418,Aavin,Mildly Spoiled,"(227, 237, 229)"
photo_214.jpg,420,Aavin,Mildly Spoiled,"(227, 237, 229)"
photo_215.jpg,422,Aavin,Mildly Spoiled,"(227, 237, 229)"
photo_216.jpg,424,Aavin,Mildly Spoiled,"(227, 237, 229)"
photo_217.jpg,426,Aavin,Mildly Spoiled,"(227, 237, 229)"
photo_218.jpg,428,Aavin,Mildly Spoiled,"(227, 237, 229)"
photo_5.jpg,2,Arokya,Spoiled,"(187, 218, 226)"
photo_6.jpg,4,Arokya,Spoiled,"(185, 214, 222)"
photo_7.jpg,6,Arokya,Spoiled,"(183, 210, 218)"
photo_8.jpg,8,Arokya,Spoiled,"(182, 208, 217)"
photo_9.jpg,10,Arokya,Spoiled,"(181, 207, 216)"
photo_10.jpg,12,Arokya,Spoiled,"(180, 206, 216)"
photo_11.jpg,14,Arokya,Spoiled,"(180, 206, 215)"
photo_12.jpg,16,Arokya,Spoiled,"(180, 206, 215)"
photo_13.jpg,18,Arokya,Spoiled,"(181, 206, 215)"
photo_14.jpg,20,Arokya,Spoiled,"(181, 206, 215)"
photo_15.jpg,22,Arokya,Spoiled,"(182, 206, 215)"
photo_16.jpg,24,Arokya,Spoiled,"(182, 207, 214)"
photo_17.jpg,26,Arokya,Spoiled,"(183, 207, 214)"
photo_18.jpg,28,Arokya,Spoiled,"(183, 207, 214)"
photo_19.jpg,30,Arokya,Spoiled,"(183, 207, 214)"
photo_20.jpg,32,Arokya,Spoiled,"(184, 208, 214)"
photo_21.jpg,34,Arokya,Spoiled,"(185, 208, 214)"
photo_22.jpg,36,Arokya,Spoiled,"(185, 208, 214)"
photo_23.jpg,38,Arokya,Spoiled,"(186, 208, 214)"
photo_24.jpg,40,Arokya,Spoiled,"(186, 208, 213)"
photo_25.jpg,42,Arokya,Spoiled,"(186, 209, 213)"
photo_26.jpg,44,Arokya,Spoiled,"(187, 209, 213)"
photo_27.jpg,46,Arokya,Spoiled,"(187, 209, 213)"
photo_28.jpg,48,Arokya,Spoiled,"(188, 209, 213)"
photo_29.jpg,50,Arokya,Spoiled,"(188, 210, 213)"
photo_30.jpg,52,Arokya,Spoiled,"(189, 210, 213)"
photo_31.jpg,54,Arokya,Spoiled,"(190, 210, 213)"
photo_32.jpg,56,Arokya,Spoiled,"(190, 210, 212)"
photo_33.jpg,58,Arokya,Spoiled,"(191, 211, 212)"
photo_34.jpg,60,Arokya,Spoiled,"(191, 211, 212)"
photo_35.jpg,62,Arokya,Spoiled,"(191, 211, 212)"
photo_36.jpg,64,Arokya,Spoiled,"(192, 211, 212)"
photo_37.jpg,66,Arokya,Spoiled,"(192, 211, 212)"
photo_38.jpg,68,Arokya,Spoiled,"(193, 212, 212)"
photo_39.jpg,70,Arokya,Spoiled,"(193, 212, 211)"
photo_40.jpg,72,Arokya,Spoiled,"(194, 212, 211)"
photo_41.jpg,74,Arokya,Spoiled,"(194, 212, 211)"
photo_42.jpg,76,Arokya,Spoiled,"(195, 212, 211)"
photo_43.jpg,78,Arokya,Spoiled,"(195, 213, 211)"
photo_44.jpg,80,Arokya,Spoiled,"(196, 213, 211)"
photo_45.jpg,82,Arokya,Spoiled,"(196, 213, 211)"
photo_46.jpg,84,Arokya,Spoiled,"(197, 213, 211)"
photo_47.jpg,86,Arokya,Spoiled,"(197, 213, 210)"
photo_48.jpg,88,Arokya,Spoiled,"(198, 214, 210)"
photo_49.jpg,90,Arokya,Spoiled,"(198, 214, 210)"
photo_50.jpg,92,Arokya,Spoiled,"(199, 214, 210)"
photo_51.jpg,94,Arokya,Spoiled,"(199, 214, 210)"
photo_52.jpg,96,Arokya,Spoiled,"(199, 214, 210)"
photo_53.jpg,98,Arokya,Spoiled,"(200, 214, 210)"
photo_54.jpg,100,Arokya,Spoiled,"(200, 214, 210)"
photo_55.jpg,102,Arokya,Spoiled,"(201, 214, 210)"
photo_56.jpg,104,Arokya,Spoiled,"(201, 215, 209)"
photo_57.jpg,106,Arokya,Spoiled,"(201, 215, 209)"
photo_58.jpg,108,Arokya,Spoiled,"(201, 215, 209)"
photo_59.jpg,110,Arokya,Spoiled,"(202, 215, 209)"
photo_60.jpg,112,Arokya,Spoiled,"(202, 215, 209)"
photo_61.jpg,114,Arokya,Spoiled,"(203, 215, 209)"
photo_62.jpg,116,Arokya,Spoiled,"(203, 215, 209)"
photo_63.jpg,118,Arokya,Spoiled,"(203, 215, 209)"
photo_64.jpg,120,Arokya,Spoiled,"(203, 215, 209)"
photo_65.jpg,122,Arokya,Spoiled,"(204, 216, 209)"
photo_66.jpg,124,Arokya,Spoiled,"(204, 216, 209)"
photo_67.jpg,126,Arokya,Spoiled,"(204, 216, 208)"
photo_68.jpg,128,Arokya,Spoiled,"(204, 216, 208)"
photo_69.jpg,130,Arokya,Spoiled,"(205, 216, 208)"
photo_70.jpg,132,Arokya,Spoiled,"(205, 216, 209)"
photo_71.jpg,134,Arokya,Spoiled,"(206, 216, 208)"
photo_72.jpg,136,Arokya,Spoiled,"(206, 217, 208)"
photo_73.jpg,138,Arokya,Spoiled,"(206, 217, 208)"
photo_74.jpg,140,Arokya,Spoiled,"(207, 217, 208)"
photo_75.jpg,142,Arokya,Spoiled,"(207, 217, 208)"
photo_76.jpg,144,Arokya,Spoiled,"(207, 217, 208)"
photo_77.jpg,146,Arokya,Spoiled,"(208, 217, 208)"
photo_78.jpg,148,Arokya,Spoiled,"(208, 217, 207)"
photo_79.jpg,150,Arokya,Spoiled,"(208, 217, 207)"
photo_80.jpg,152,Arokya,Spoiled,"(209, 217, 208)"
photo_81.jpg,154,Arokya,Spoiled,"(209, 218, 207)"
photo_82.jpg,156,Arokya,Spoiled,"(210, 218, 207)"
photo_83.jpg,158,Arokya,Spoiled,"(210, 218, 207)"
photo_84.jpg,160,Arokya,Spoiled,"(210, 218, 207)"
photo_85.jpg,162,Arokya,Spoiled,"(211, 218, 207)"
photo_86.jpg,164,Arokya,Spoiled,"(211, 218, 207)"
photo_87.jpg,166,Arokya,Spoiled,"(212, 218, 207)"
photo_88.jpg,168,Arokya,Spoiled,"(212, 218, 206)"
photo_89.jpg,170,Arokya,Spoiled,"(212, 218, 207)"
photo_90.jpg,172,Arokya,Spoiled,"(212, 218, 206)"
photo_91.jpg,174,Arokya,Spoiled,"(213, 218, 206)"
photo_92.jpg,176,Arokya,Spoiled,"(213, 218, 206)"
photo_93.jpg,178,Arokya,Spoiled,"(214, 218, 206)"
photo_94.jpg,180,Arokya,Spoiled,"(214, 218, 206)"
photo_95.jpg,182,Arokya,Spoiled,"(214, 218, 206)"
photo_96.jpg,184,Arokya,Spoiled,"(214, 219, 206)"
photo_97.jpg,186,Arokya,Spoiled,"(213, 219, 206)"
photo_98.jpg,188,Arokya,Spoiled,"(213, 219, 206)"
photo_99.jpg,190,Arokya,Spoiled,"(213, 219, 206)"
photo_100.jpg,192,Arokya,Spoiled,"(214, 219, 205)"
photo_101.jpg,194,Arokya,Spoiled,"(214, 219, 205)"
photo_102.jpg,196,Arokya,Spoiled,"(214, 219, 205)"
photo_103.jpg,198,Arokya,Spoiled,"(214, 219, 205)"
photo_104.jpg,200,Arokya,Spoiled,"(214, 219, 205)"
photo_105.jpg,202,Arokya,Spoiled,"(214, 219, 205)"
photo_106.jpg,204,Arokya,Spoiled,"(215, 219, 205)"
photo_107.jpg,206,Arokya,Spoiled,"(215, 219, 205)"
photo_108.jpg,208,Arokya,Spoiled,"(215, 219, 205)"
photo_109.jpg,210,Arokya,Spoiled,"(215, 219, 205)"
photo_110.jpg,212,Arokya,Spoiled,"(215, 219, 205)"
photo_111.jpg,214,Arokya,Spoiled,"(215, 219, 205)"
photo_112.jpg,216,Arokya,Spoiled,"(215, 219, 205)"
photo_113.jpg,218,Arokya,Spoiled,"(215, 219, 205)"
photo_114.jpg,220,Arokya,Spoiled,"(215, 219, 205)"
photo_115.jpg,222,Arokya,Spoiled,"(215, 219, 205)"
photo_116.jpg,224,Arokya,Spoiled,"(215, 219, 205)"
photo_117.jpg,226,Arokya,Spoiled,"(215, 219, 205)"
photo_118.jpg,228,Arokya,Spoiled,"(215, 219, 205)"
photo_119.jpg,230,Arokya,Spoiled,"(215, 219, 205)"
photo_120.jpg,232,Arokya,Spoiled,"(215, 219, 205)"
photo_121.jpg,234,Arokya,Spoiled,"(215, 219, 205)"
photo_122.jpg,236,Arokya,Spoiled,"(215, 219, 205)"
photo_123.jpg,238,Arokya,Spoiled,"(215, 219, 205)"
photo_124.jpg,240,Arokya,Spoiled,"(215, 219, 205)"
photo_125.jpg,242,Arokya,Spoiled,"(215, 219, 205)"
photo_126.jpg,244,Arokya,Spoiled,"(215, 219, 205)"
photo_127.jpg,246,Arokya,Spoiled,"(215, 219, 205)"
photo_128.jpg,248,Arokya,Spoiled,"(215, 219, 205)"
photo_129.jpg,250,Arokya,Spoiled,"(215, 219, 205)"
photo_130.jpg,252,Arokya,Spoiled,"(215, 219, 205)"
photo_131.jpg,254,Arokya,Spoiled,"(215, 219, 205)"
photo_132.jpg,256,Arokya,Spoiled,"(215, 219, 205)"
photo_133.jpg,258,Arokya,Spoiled,"(215, 219, 205)"
photo_134.jpg,260,Arokya,Spoiled,"(215, 219, 205)"
photo_135.jpg,262,Arokya,Spoiled,"(215, 219, 205)"
photo_136.jpg,264,Arokya,Spoiled,"(215, 219, 205)"
photo_137.jpg,266,Arokya,Spoiled,"(215, 219, 205)"
photo_138.jpg,268,Arokya,Spoiled,"(215, 219, 205)"
photo_139.jpg,270,Arokya,Spoiled,"(215, 219, 205)"
photo_140.jpg,272,Arokya,Spoiled,"(215, 219, 205)"
photo_141.jpg,274,Arokya,Spoiled,"(215, 219, 205)"
photo_142.jpg,276,Arokya,Spoiled,"(215, 219, 205)"
photo_143.jpg,278,Arokya,Spoiled,"(215, 219, 205)"
photo_144.jpg,280,Arokya,Spoiled,"(215, 219, 205)"
photo_145.jpg,282,Arokya,Spoiled,"(215, 219, 205)"
photo_146.jpg,284,Arokya,Spoiled,"(215, 219, 205)"
photo_147.jpg,286,Arokya,Spoiled,"(215, 219, 205)"
photo_148.jpg,288,Arokya,Spoiled,"(215, 219, 205)"
photo_149.jpg,290,Arokya,Spoiled,"(215, 219, 205)"
photo_150.jpg,292,Arokya,Spoiled,"(215, 219, 205)"
photo_151.jpg,294,Arokya,Spoiled,"(215, 219, 204)"
photo_152.jpg,296,Arokya,Spoiled,"(215, 219, 204)"
photo_153.jpg,298,Arokya,Spoiled,"(213, 219, 205)"
photo_154.jpg,300,Arokya,Spoiled,"(214, 219, 205)"
photo_155.jpg,302,Arokya,Spoiled,"(213, 219, 205)"
photo_156.jpg,304,Arokya,Spoiled,"(213, 219, 205)"
photo_157.jpg,306,Arokya,Spoiled,"(214, 219, 205)"
photo_158.jpg,308,Arokya,Spoiled,"(213, 219, 205)"
photo_159.jpg,310,Arokya,Spoiled,"(213, 219, 205)"
photo_160.jpg,312,Arokya,Spoiled,"(213, 219, 205)"
photo_161.jpg,314,Arokya,Spoiled,"(213, 219, 205)"
photo_162.jpg,316,Arokya,Spoiled,"(213, 219, 205)"
photo_163.jpg,318,Arokya,Spoiled,"(213, 219, 205)"
photo_164.jpg,320,Arokya,Spoiled,"(213, 219, 205)"
photo_165.jpg,322,Arokya,Spoiled,"(213, 219, 205)"
photo_166.jpg,324,Arokya,Spoiled,"(213, 219, 205)"
photo_167.jpg,326,Arokya,Spoiled,"(213, 219, 205)"
photo_168.jpg,328,Arokya,Spoiled,"(213, 219, 205)"
photo_169.jpg,330,Arokya,Spoiled,"(213, 219, 205)"
photo_170.jpg,332,Arokya,Spoiled,"(213, 219, 205)"
photo_171.jpg,334,Arokya,Spoiled,"(213, 219, 205)"
photo_172.jpg,336,Arokya,Spoiled,"(213, 219, 205)"
photo_173.jpg,338,Arokya,Spoiled,"(213, 219, 205)"
photo_174.jpg,340,Arokya,Spoiled,"(213, 219, 205)"
photo_175.jpg,342,Arokya,Spoiled,"(213, 219, 205)"
photo_176.jpg,344,Arokya,Spoiled,"(213, 219, 205)"
photo_177.jpg,346,Arokya,Spoiled,"(213, 219, 205)"
photo_178.jpg,348,Arokya,Spoiled,"(213, 219, 205)"
photo_179.jpg,350,Arokya,Spoiled,"(213, 219, 205)"
photo_180.jpg,352,Arokya,Spoiled,"(213, 219, 205)"
photo_181.jpg,354,Arokya,Spoiled,"(213, 219, 205)"
photo_182.jpg,356,Arokya,Spoiled,"(213, 219, 205)"
photo_183.jpg,358,Arokya,Spoiled,"(213, 219, 205)"
photo_184.jpg,360,Arokya,Spoiled,"(213, 219, 205)"
photo_185.jpg,362,Arokya,Spoiled,"(213, 219, 205)"
photo_186.jpg,364,Arokya,Spoiled,"(213, 219, 205)"
photo_187.jpg,366,Arokya,Spoiled,"(213, 219, 205)"
photo_188.jpg,368,Arokya,Spoiled,"(213, 219, 205)"
photo_189.jpg,370,Arokya,Spoiled,"(213, 219, 205)"
photo_190.jpg,372,Arokya,Spoiled,"(213, 219, 205)"
photo_191.jpg,374,Arokya,Spoiled,"(213, 219, 205)"
photo_192.jpg,376,Arokya,Spoiled,"(213, 219, 205)"
photo_193.jpg,378,Arokya,Spoiled,"(213, 218, 205)"
photo_194.jpg,380,Arokya,Spoiled,"(213, 219, 205)"
photo_195.jpg,382,Arokya,Spoiled,"(213, 219, 205)"
photo_196.jpg,384,Arokya,Spoiled,"(213, 219, 205)"
photo_197.jpg,386,Arokya,Spoiled,"(213, 218, 206)"
photo_198.jpg,388,Arokya,Spoiled,"(213, 219, 205)"
photo_199.jpg,390,Arokya,Spoiled,"(213, 218, 205)"
photo_200.jpg,392,Arokya,Spoiled,"(213, 218, 205)"
photo_201.jpg,394,Arokya,Spoiled,"(213, 218, 205)"
photo_202.jpg,396,Arokya,Spoiled,"(213, 218, 205)"
photo_203.jpg,398,Arokya,Spoiled,"(213, 218, 205)"
photo_204.jpg,400,Arokya,Spoiled,"(213, 219, 205)"
photo_205.jpg,402,Arokya,Spoiled,"(213, 218, 205)"
photo_206.jpg,404,Arokya,Spoiled,"(213, 218, 205)"
photo_207.jpg,406,Arokya,Spoiled,"(212, 218, 205)"
photo_208.jpg,408,Arokya,Spoiled,"(213, 218, 205)"
photo_209.jpg,410,Arokya,Spoiled,"(213, 218, 205)"
photo_210.jpg,412,Arokya,Spoiled,"(213, 219, 205)"
photo_211.jpg,414,Arokya,Spoiled,"(213, 218, 205)"
photo_212.jpg,416,Arokya,Spoiled,"(212, 218, 205)"
photo_213.jpg,418,Arokya,Spoiled,"(213, 218, 205)"
photo_214.jpg,420,Arokya,Spoiled,"(212, 218, 205)"
photo_215.jpg,422,Arokya,Spoiled,"(213, 218, 205)"
photo_216.jpg,424,Arokya,Spoiled,"(213, 218, 205)"
photo_217.jpg,426,Arokya,Spoiled,"(212, 218, 205)"
photo_218.jpg,428,Arokya,Spoiled,"(212, 218, 205)"
photo_5.jpg,2,Amirtha,Spoiled,"(182, 210, 219)"
photo_6.jpg,4,Amirtha,Spoiled,"(179, 204, 214)"
photo_7.jpg,6,Amirtha,Spoiled,"(177, 201, 211)"
photo_8.jpg,8,Amirtha,Spoiled,"(176, 199, 210)"
photo_9.jpg,10,Amirtha,Spoiled,"(175, 198, 210)"
photo_10.jpg,12,Amirtha,Spoiled,"(175, 197, 209)"
photo_11.jpg,14,Amirtha,Spoiled,"(175, 197, 209)"
photo_12.jpg,16,Amirtha,Spoiled,"(175, 197, 209)"
photo_13.jpg,18,Amirtha,Spoiled,"(175, 197, 209)"
photo_14.jpg,20,Amirtha,Spoiled,"(175, 197, 209)"
photo_15.jpg,22,Amirtha,Spoiled,"(175, 197, 209)"
photo_16.jpg,24,Amirtha,Spoiled,"(176, 198, 209)"
photo_17.jpg,26,Amirtha,Spoiled,"(176, 197, 209)"
photo_18.jpg,28,Amirtha,Spoiled,"(176, 198, 209)"
photo_19.jpg,30,Amirtha,Spoiled,"(176, 198, 209)"
photo_20.jpg,32,Amirtha,Spoiled,"(176, 198, 208)"
photo_21.jpg,34,Amirtha,Spoiled,"(177, 198, 208)"
photo_22.jpg,36,Amirtha,Spoiled,"(177, 198, 208)"
photo_23.jpg,38,Amirtha,Spoiled,"(178, 198, 208)"
photo_24.jpg,40,Amirtha,Spoiled,"(178, 199, 208)"
photo_25.jpg,42,Amirtha,Spoiled,"(178, 199, 208)"
photo_26.jpg,44,Amirtha,Spoiled,"(178, 199, 208)"
photo_27.jpg,46,Amirtha,Spoiled,"(178, 199, 208)"
photo_28.jpg,48,Amirtha,Spoiled,"(178, 199, 208)"
photo_29.jpg,50,Amirtha,Spoiled,"(178, 199, 208)"
photo_30.jpg,52,Amirtha,Spoiled,"(178, 199, 208)"
photo_31.jpg,54,Amirtha,Spoiled,"(179, 199, 208)"
photo_32.jpg,56,Amirtha,Spoiled,"(179, 199, 208)"
photo_33.jpg,58,Amirtha,Spoiled,"(179, 199, 208)"
photo_34.jpg,60,Amirtha,Spoiled,"(179, 199, 208)"
photo_35.jpg,62,Amirtha,Spoiled,"(180, 199, 208)"
photo_36.jpg,64,Amirtha,Spoiled,"(180, 200, 208)"
photo_37.jpg,66,Amirtha,Spoiled,"(180, 199, 208)"
photo_38.jpg,68,Amirtha,Spoiled,"(180, 200, 208)"
photo_39.jpg,70,Amirtha,Spoiled,"(180, 200, 207)"
photo_40.jpg,72,Amirtha,Spoiled,"(180, 200, 207)"
photo_41.jpg,74,Amirtha,Spoiled,"(181, 200, 207)"
photo_42.jpg,76,Amirtha,Spoiled,"(181, 200, 207)"
photo_43.jpg,78,Amirtha,Spoiled,"(181, 200, 207)"
photo_44.jpg,80,Amirtha,Spoiled,"(181, 200, 207)"
photo_45.jpg,82,Amirtha,Spoiled,"(182, 200, 207)"
photo_46.jpg,84,Amirtha,Spoiled,"(182, 201, 207)"
photo_47.jpg,86,Amirtha,Spoiled,"(182, 201, 207)"
photo_48.jpg,88,Amirtha,Spoiled,"(182, 201, 207)"
photo_49.jpg,90,Amirtha,Spoiled,"(183, 201, 207)"
photo_50.jpg,92,Amirtha,Spoiled,"(183, 201, 207)"
photo_51.jpg,94,Amirtha,Spoiled,"(183, 201, 207)"
photo_52.jpg,96,Amirtha,Spoiled,"(183, 201, 207)"
photo_53.jpg,98,Amirtha,Spoiled,"(184, 202, 207)"
photo_54.jpg,100,Amirtha,Spoiled,"(184, 202, 207)"
photo_55.jpg,102,Amirtha,Spoiled,"(185, 202, 207)"
photo_56.jpg,104,Amirtha,Spoiled,"(185, 202, 206)"
photo_57.jpg,106,Amirtha,Spoiled,"(185, 202, 206)"
photo_58.jpg,108,Amirtha,Spoiled,"(186, 202, 206)"
photo_59.jpg,110,Amirtha,Spoiled,"(186, 202, 206)"
photo_60.jpg,112,Amirtha,Spoiled,"(186, 203, 206)"
photo_61.jpg,114,Amirtha,Spoiled,"(187, 203, 206)"
photo_62.jpg,116,Amirtha,Spoiled,"(187, 203, 206)"
photo_63.jpg,118,Amirtha,Spoiled,"(187, 203, 206)"
photo_64.jpg,120,Amirtha,Spoiled,"(188, 203, 206)"
photo_65.jpg,122,Amirtha,Spoiled,"(188, 203, 205)"
photo_66.jpg,124,Amirtha,Spoiled,"(188, 204, 205)"
photo_67.jpg,126,Amirtha,Spoiled,"(189, 204, 205)"
photo_68.jpg,128,Amirtha,Spoiled,"(189, 204, 206)"
photo_69.jpg,130,Amirtha,Spoiled,"(190, 204, 206)"
photo_70.jpg,132,Amirtha,Spoiled,"(190, 204, 205)"
photo_71.jpg,134,Amirtha,Spoiled,"(191, 204, 205)"
photo_72.jpg,136,Amirtha,Spoiled,"(191, 205, 205)"
photo_73.jpg,138,Amirtha,Spoiled,"(192, 205, 205)"
photo_74.jpg,140,Amirtha,Spoiled,"(192, 205, 205)"
photo_75.jpg,142,Amirtha,Spoiled,"(193, 205, 205)"
photo_76.jpg,144,Amirtha,Spoiled,"(193, 205, 205)"
photo_77.jpg,146,Amirtha,Spoiled,"(193, 205, 205)"
photo_78.jpg,148,Amirtha,Spoiled,"(194, 206, 205)"
photo_79.jpg,150,Amirtha,Spoiled,"(194, 206, 204)"
photo_80.jpg,152,Amirtha,Spoiled,"(195, 206, 204)"
photo_81.jpg,154,Amirtha,Spoiled,"(196, 206, 205)"
photo_82.jpg,156,Amirtha,Spoiled,"(196, 206, 204)"
photo_83.jpg,158,Amirtha,Spoiled,"(196, 206, 204)"
photo_84.jpg,160,Amirtha,Spoiled,"(197, 206, 204)"
photo_85.jpg,162,Amirtha,Spoiled,"(197, 206, 204)"
photo_86.jpg,164,Amirtha,Spoiled,"(198, 206, 204)"
photo_87.jpg,166,Amirtha,Spoiled,"(198, 207, 204)"
photo_88.jpg,168,Amirtha,Spoiled,"(199, 207, 204)"
photo_89.jpg,170,Amirtha,Spoiled,"(199, 207, 204)"
photo_90.jpg,172,Amirtha,Spoiled,"(200, 207, 203)"
photo_91.jpg,174,Amirtha,Spoiled,"(200, 207, 203)"
photo_92.jpg,176,Amirtha,Spoiled,"(201, 207, 204)"
photo_93.jpg,178,Amirtha,Spoiled,"(202, 207, 203)"
photo_94.jpg,180,Amirtha,Spoiled,"(202, 207, 203)"
photo_95.jpg,182,Amirtha,Spoiled,"(202, 207, 203)"
photo_96.jpg,184,Amirtha,Spoiled,"(202, 208, 203)"
photo_97.jpg,186,Amirtha,Spoiled,"(201, 208, 203)"
photo_98.jpg,188,Amirtha,Spoiled,"(202, 208, 203)"
photo_99.jpg,190,Amirtha,Spoiled,"(202, 208, 203)"
photo_100.jpg,192,Amirtha,Spoiled,"(203, 208, 203)"
photo_101.jpg,194,Amirtha,Spoiled,"(203, 208, 202)"
photo_102.jpg,196,Amirtha,Spoiled,"(203, 208, 202)"
photo_103.jpg,198,Amirtha,Spoiled,"(203, 208, 202)"
photo_104.jpg,200,Amirtha,Spoiled,"(204, 208, 202)"
photo_105.jpg,202,Amirtha,Spoiled,"(204, 208, 202)"
photo_106.jpg,204,Amirtha,Spoiled,"(205, 208, 202)"
photo_107.jpg,206,Amirtha,Spoiled,"(205, 208, 202)"
photo_108.jpg,208,Amirtha,Spoiled,"(205, 208, 202)"
photo_109.jpg,210,Amirtha,Spoiled,"(205, 208, 202)"
photo_110.jpg,212,Amirtha,Spoiled,"(205, 208, 201)"
photo_111.jpg,214,Amirtha,Spoiled,"(205, 208, 202)"
photo_112.jpg,216,Amirtha,Spoiled,"(205, 208, 202)"
photo_113.jpg,218,Amirtha,Spoiled,"(205, 208, 202)"
photo_114.jpg,220,Amirtha,Spoiled,"(205, 208, 202)"
photo_115.jpg,222,Amirtha,Spoiled,"(205, 208, 202)"
photo_116.jpg,224,Amirtha,Spoiled,"(205, 208, 202)"
photo_117.jpg,226,Amirtha,Spoiled,"(205, 208, 202)"
photo_118.jpg,228,Amirtha,Spoiled,"(205, 208, 201)"
photo_119.jpg,230,Amirtha,Spoiled,"(206, 208, 202)"
photo_120.jpg,232,Amirtha,Spoiled,"(205, 208, 201)"
photo_121.jpg,234,Amirtha,Spoiled,"(206, 208, 201)"
photo_122.jpg,236,Amirtha,Spoiled,"(206, 208, 202)"
photo_123.jpg,238,Amirtha,Spoiled,"(206, 208, 201)"
photo_124.jpg,240,Amirtha,Spoiled,"(206, 208, 202)"
photo_125.jpg,242,Amirtha,Spoiled,"(206, 208, 201)"
photo_126.jpg,244,Amirtha,Spoiled,"(206, 208, 202)"
photo_127.jpg,246,Amirtha,Spoiled,"(206, 208, 201)"
photo_128.jpg,248,Amirtha,Spoiled,"(206, 208, 201)"
photo_129.jpg,250,Amirtha,Spoiled,"(206, 208, 201)"
photo_130.jpg,252,Amirtha,Spoiled,"(206, 208, 201)"
photo_131.jpg,254,Amirtha,Spoiled,"(206, 208, 201)"
photo_132.jpg,256,Amirtha,Spoiled,"(206, 208, 201)"
photo_133.jpg,258,Amirtha,Spoiled,"(206, 208, 201)"
photo_134.jpg,260,Amirtha,Spoiled,"(206, 208, 201)"
photo_135.jpg,262,Amirtha,Spoiled,"(206, 208, 201)"
photo_136.jpg,264,Amirtha,Spoiled,"(206, 208, 201)"
photo_137.jpg,266,Amirtha,Spoiled,"(207, 208, 201)"
photo_138.jpg,268,Amirtha,Spoiled,"(207, 208, 201)"
photo_139.jpg,270,Amirtha,Spoiled,"(206, 208, 201)"
photo_140.jpg,272,Amirtha,Spoiled,"(206, 208, 201)"
photo_141.jpg,274,Amirtha,Spoiled,"(206, 208, 201)"
photo_142.jpg,276,Amirtha,Spoiled,"(206, 209, 201)"
photo_143.jpg,278,Amirtha,Spoiled,"(206, 208, 201)"
photo_144.jpg,280,Amirtha,Spoiled,"(207, 208, 201)"
photo_145.jpg,282,Amirtha,Spoiled,"(206, 208, 201)"
photo_146.jpg,284,Amirtha,Spoiled,"(206, 208, 201)"
photo_147.jpg,286,Amirtha,Spoiled,"(207, 208, 201)"
photo_148.jpg,288,Amirtha,Spoiled,"(206, 208, 201)"
photo_149.jpg,290,Amirtha,Spoiled,"(206, 208, 201)"
photo_150.jpg,292,Amirtha,Spoiled,"(206, 208, 201)"
photo_151.jpg,294,Amirtha,Spoiled,"(206, 208, 201)"
photo_152.jpg,296,Amirtha,Spoiled,"(206, 208, 201)"
photo_153.jpg,298,Amirtha,Spoiled,"(205, 209, 201)"
photo_154.jpg,300,Amirtha,Spoiled,"(204, 209, 201)"
photo_155.jpg,302,Amirtha,Spoiled,"(205, 208, 201)"
photo_156.jpg,304,Amirtha,Spoiled,"(205, 209, 201)"
photo_157.jpg,306,Amirtha,Spoiled,"(205, 209, 202)"
photo_158.jpg,308,Amirtha,Spoiled,"(205, 209, 201)"
photo_159.jpg,310,Amirtha,Spoiled,"(205, 209, 201)"
photo_160.jpg,312,Amirtha,Spoiled,"(205, 208, 201)"
photo_161.jpg,314,Amirtha,Spoiled,"(205, 209, 201)"
photo_162.jpg,316,Amirtha,Spoiled,"(205, 208, 201)"
photo_163.jpg,318,Amirtha,Spoiled,"(205, 208, 201)"
photo_164.jpg,320,Amirtha,Spoiled,"(205, 208, 201)"
photo_165.jpg,322,Amirtha,Spoiled,"(205, 208, 201)"
photo_166.jpg,324,Amirtha,Spoiled,"(205, 209, 201)"
photo_167.jpg,326,Amirtha,Spoiled,"(205, 208, 201)"
photo_168.jpg,328,Amirtha,Spoiled,"(204, 209, 201)"
photo_169.jpg,330,Amirtha,Spoiled,"(205, 208, 201)"
photo_170.jpg,332,Amirtha,Spoiled,"(205, 208, 201)"
photo_171.jpg,334,Amirtha,Spoiled,"(205, 208, 201)"
photo_172.jpg,336,Amirtha,Spoiled,"(205, 208, 201)"
photo_173.jpg,338,Amirtha,Spoiled,"(205, 208, 201)"
photo_174.jpg,340,Amirtha,Spoiled,"(205, 209, 201)"
photo_175.jpg,342,Amirtha,Spoiled,"(205, 208, 201)"
photo_176.jpg,344,Amirtha,Spoiled,"(205, 209, 201)"
photo_177.jpg,346,Amirtha,Spoiled,"(205, 208, 201)"
photo_178.jpg,348,Amirtha,Spoiled,"(205, 208, 201)"
photo_179.jpg,350,Amirtha,Spoiled,"(205, 208, 201)"
photo_180.jpg,352,Amirtha,Spoiled,"(205, 208, 201)"
photo_181.jpg,354,Amirtha,Spoiled,"(205, 208, 201)"
photo_182.jpg,356,Amirtha,Spoiled,"(205, 208, 201)"
photo_183.jpg,358,Amirtha,Spoiled,"(205, 209, 201)"
photo_184.jpg,360,Amirtha,Spoiled,"(205, 208, 201)"
photo_185.jpg,362,Amirtha,Spoiled,"(205, 208, 201)"
photo_186.jpg,364,Amirtha,Spoiled,"(205, 208, 201)"
photo_187.jpg,366,Amirtha,Spoiled,"(205, 208, 201)"
photo_188.jpg,368,Amirtha,Spoiled,"(205, 208, 201)"
photo_189.jpg,370,Amirtha,Spoiled,"(205, 208, 201)"
photo_190.jpg,372,Amirtha,Spoiled,"(205, 208, 201)"
photo_191.jpg,374,Amirtha,Spoiled,"(205, 208, 201)"
photo_192.jpg,376,Amirtha,Spoiled,"(205, 208, 201)"
photo_193.jpg,378,Amirtha,Spoiled,"(205, 208, 201)"
photo_194.jpg,380,Amirtha,Spoiled,"(205, 208, 201)"
photo_195.jpg,382,Amirtha,Spoiled,"(205, 208, 201)"
photo_196.jpg,384,Amirtha,Spoiled,"(205, 208, 201)"
photo_197.jpg,386,Amirtha,Spoiled,"(205, 208, 201)"
photo_198.jpg,388,Amirtha,Spoiled,"(205, 208, 201)"
photo_199.jpg,390,Amirtha,Spoiled,"(204, 208, 201)"
photo_200.jpg,392,Amirtha,Spoiled,"(204, 208, 201)"
photo_201.jpg,394,Amirtha,Spoiled,"(205, 208, 201)"
photo_202.jpg,396,Amirtha,Spoiled,"(204, 208, 201)"
photo_203.jpg,398,Amirtha,Spoiled,"(205, 208, 201)"
photo_204.jpg,400,Amirtha,Spoiled,"(205, 208, 201)"
photo_205.jpg,402,Amirtha,Spoiled,"(205, 208, 201)"
photo_206.jpg,404,Amirtha,Spoiled,"(204, 208, 201)"
photo_207.jpg,406,Amirtha,Spoiled,"(204, 208, 201)"
photo_208.jpg,408,Amirtha,Spoiled,"(204, 208, 201)"
photo_209.jpg,410,Amirtha,Spoiled,"(204, 208, 201)"
photo_210.jpg,412,Amirtha,Spoiled,"(204, 208, 201)"
photo_211.jpg,414,Amirtha,Spoiled,"(204, 208, 201)"
photo_212.jpg,416,Amirtha,Spoiled,"(204, 208, 201)"
photo_213.jpg,418,Amirtha,Spoiled,"(204, 208, 201)"
photo_214.jpg,420,Amirtha,Spoiled,"(204, 208, 201)"
photo_215.jpg,422,Amirtha,Spoiled,"(204, 208, 201)"
photo_216.jpg,424,Amirtha,Spoiled,"(204, 208, 201)"
photo_217.jpg,426,Amirtha,Spoiled,"(204, 208, 201)"
photo_218.jpg,428,Amirtha,Spoiled,"(204, 208, 201)"
photo_5.jpg,2,Aavin,Mildly Spoiled,"(168, 203, 217)"
photo_6.jpg,4,Aavin,Mildly Spoiled,"(164, 196, 210)"
photo_7.jpg,6,Aavin,Mildly Spoiled,"(160, 191, 205)"
photo_8.jpg,8,Aavin,Mildly Spoiled,"(159, 188, 204)"
photo_9.jpg,10,Aavin,Mildly Spoiled,"(159, 186, 202)"
photo_10.jpg,12,Aavin,Mildly Spoiled,"(158, 186, 202)"
photo_11.jpg,14,Aavin,Mildly Spoiled,"(158, 185, 202)"
photo_12.jpg,16,Aavin,Mildly Spoiled,"(158, 185, 201)"
photo_13.jpg,18,Aavin,Mildly Spoiled,"(158, 185, 201)"
photo_14.jpg,20,Aavin,Mildly Spoiled,"(158, 185, 201)"
photo_15.jpg,22,Aavin,Mildly Spoiled,"(158, 185, 201)"
photo_16.jpg,24,Aavin,Mildly Spoiled,"(158, 185, 201)"
photo_17.jpg,26,Aavin,Mildly Spoiled,"(158, 185, 201)"
photo_18.jpg,28,Aavin,Mildly Spoiled,"(158, 185, 201)"
photo_19.jpg,30,Aavin,Mildly Spoiled,"(158, 185, 200)"
photo_20.jpg,32,Aavin,Mildly Spoiled,"(159, 185, 200)"
photo_21.jpg,34,Aavin,Mildly Spoiled,"(159, 185, 200)"
photo_22.jpg,36,Aavin,Mildly Spoiled,"(159, 186, 200)"
photo_23.jpg,38,Aavin,Mildly Spoiled,"(160, 186, 200)"
photo_24.jpg,40,Aavin,Mildly Spoiled,"(160, 186, 200)"
photo_25.jpg,42,Aavin,Mildly Spoiled,"(161, 186, 199)"
photo_26.jpg,44,Aavin,Mildly Spoiled,"(161, 186, 200)"
photo_27.jpg,46,Aavin,Mildly Spoiled,"(161, 187, 200)"
photo_28.jpg,48,Aavin,Mildly Spoiled,"(161, 186, 199)"
photo_29.jpg,50,Aavin,Mildly Spoiled,"(161, 187, 199)"
photo_30.jpg,52,Aavin,Mildly Spoiled,"(162, 186, 200)"
photo_31.jpg,54,Aavin,Mildly Spoiled,"(162, 187, 199)"
photo_32.jpg,56,Aavin,Mildly Spoiled,"(162, 187, 199)"
photo_33.jpg,58,Aavin,Mildly Spoiled,"(163, 187, 199)"
photo_34.jpg,60,Aavin,Mildly Spoiled,"(163, 187, 199)"
photo_35.jpg,62,Aavin,Mildly Spoiled,"(163, 187, 199)"
photo_36.jpg,64,Aavin,Mildly Spoiled,"(164, 188, 199)"
photo_37.jpg,66,Aavin,Mildly Spoiled,"(164, 188, 199)"
photo_38.jpg,68,Aavin,Mildly Spoiled,"(164, 188, 198)"
photo_39.jpg,70,Aavin,Mildly Spoiled,"(165, 188, 199)"
photo_40.jpg,72,Aavin,Mildly Spoiled,"(165, 188, 198)"
photo_41.jpg,74,Aavin,Mildly Spoiled,"(166, 188, 198)"
photo_42.jpg,76,Aavin,Mildly Spoiled,"(166, 189, 198)"
photo_43.jpg,78,Aavin,Mildly Spoiled,"(166, 189, 198)"
photo_44.jpg,80,Aavin,Mildly Spoiled,"(166, 189, 198)"
photo_45.jpg,82,Aavin,Mildly Spoiled,"(167, 189, 198)"
photo_46.jpg,84,Aavin,Mildly Spoiled,"(168, 189, 197)"
photo_47.jpg,86,Aavin,Mildly Spoiled,"(168, 189, 198)"
photo_48.jpg,88,Aavin,Mildly Spoiled,"(168, 190, 198)"
photo_49.jpg,90,Aavin,Mildly Spoiled,"(169, 190, 197)"
photo_50.jpg,92,Aavin,Mildly Spoiled,"(170, 190, 197)"
photo_51.jpg,94,Aavin,Mildly Spoiled,"(170, 190, 198)"
photo_52.jpg,96,Aavin,Mildly Spoiled,"(170, 191, 197)"
photo_53.jpg,98,Aavin,Mildly Spoiled,"(171, 191, 196)"
photo_54.jpg,100,Aavin,Mildly Spoiled,"(171, 191, 197)"
photo_55.jpg,102,Aavin,Mildly Spoiled,"(172, 191, 197)"
photo_56.jpg,104,Aavin,Mildly Spoiled,"(172, 191, 197)"
photo_57.jpg,106,Aavin,Mildly Spoiled,"(173, 191, 197)"
photo_58.jpg,108,Aavin,Mildly Spoiled,"(173, 191, 197)"
photo_59.jpg,110,Aavin,Mildly Spoiled,"(173, 192, 196)"
photo_60.jpg,112,Aavin,Mildly Spoiled,"(174, 192, 196)"
photo_61.jpg,114,Aavin,Mildly Spoiled,"(174, 192, 196)"
photo_62.jpg,116,Aavin,Mildly Spoiled,"(174, 192, 196)"
photo_63.jpg,118,Aavin,Mildly Spoiled,"(175, 193, 196)"
photo_64.jpg,120,Aavin,Mildly Spoiled,"(176, 192, 196)"
photo_65.jpg,122,Aavin,Mildly Spoiled,"(176, 193, 196)"
photo_66.jpg,124,Aavin,Mildly Spoiled,"(176, 193, 195)"
photo_67.jpg,126,Aavin,Mildly Spoiled,"(177, 193, 195)"
photo_68.jpg,128,Aavin,Mildly Spoiled,"(177, 193, 196)"
photo_69.jpg,130,Aavin,Mildly Spoiled,"(178, 194, 195)"
photo_70.jpg,132,Aavin,Mildly Spoiled,"(179, 194, 195)"
photo_71.jpg,134,Aavin,Mildly Spoiled,"(179, 194, 195)"
photo_72.jpg,136,Aavin,Mildly Spoiled,"(180, 194, 195)"
photo_73.jpg,138,Aavin,Mildly Spoiled,"(180, 195, 195)"
photo_74.jpg,140,Aavin,Mildly Spoiled,"(181, 195, 195)"
photo_75.jpg,142,Aavin,Mildly Spoiled,"(181, 195, 194)"
photo_76.jpg,144,Aavin,Mildly Spoiled,"(182, 195, 195)"
photo_77.jpg,146,Aavin,Mildly Spoiled,"(182, 195, 195)"
photo_78.jpg,148,Aavin,Mildly Spoiled,"(183, 196, 194)"
photo_79.jpg,150,Aavin,Mildly Spoiled,"(183, 196, 194)"
photo_80.jpg,152,Aavin,Mildly Spoiled,"(184, 196, 194)"
photo_81.jpg,154,Aavin,Mildly Spoiled,"(184, 196, 194)"
photo_82.jpg,156,Aavin,Mildly Spoiled,"(185, 197, 194)"
photo_83.jpg,158,Aavin,Mildly Spoiled,"(186, 196, 194)"
photo_84.jpg,160,Aavin,Mildly Spoiled,"(186, 197, 194)"
photo_85.jpg,162,Aavin,Mildly Spoiled,"(187, 197, 193)"
photo_86.jpg,164,Aavin,Mildly Spoiled,"(187, 197, 193)"
photo_87.jpg,166,Aavin,Mildly Spoiled,"(188, 197, 194)"
photo_88.jpg,168,Aavin,Mildly Spoiled,"(188, 197, 193)"
photo_89.jpg,170,Aavin,Mildly Spoiled,"(189, 197, 193)"
photo_90.jpg,172,Aavin,Mildly Spoiled,"(189, 197, 193)"
photo_91.jpg,174,Aavin,Mildly Spoiled,"(190, 198, 193)"
photo_92.jpg,176,Aavin,Mildly Spoiled,"(190, 198, 193)"
photo_93.jpg,178,Aavin,Mildly Spoiled,"(191, 198, 193)"
photo_94.jpg,180,Aavin,Mildly Spoiled,"(192, 198, 193)"
photo_95.jpg,182,Aavin,Mildly Spoiled,"(192, 198, 193)"
photo_96.jpg,184,Aavin,Mildly Spoiled,"(193, 198, 192)"
photo_97.jpg,186,Aavin,Mildly Spoiled,"(191, 198, 193)"
photo_98.jpg,188,Aavin,Mildly Spoiled,"(192, 199, 193)"
photo_99.jpg,190,Aavin,Mildly Spoiled,"(192, 199, 193)"
photo_100.jpg,192,Aavin,Mildly Spoiled,"(192, 199, 192)"
photo_101.jpg,194,Aavin,Mildly Spoiled,"(192, 199, 192)"
photo_102.jpg,196,Aavin,Mildly Spoiled,"(192, 199, 192)"
photo_103.jpg,198,Aavin,Mildly Spoiled,"(192, 199, 192)"
photo_104.jpg,200,Aavin,Mildly Spoiled,"(192, 199, 193)"
photo_105.jpg,202,Aavin,Mildly Spoiled,"(193, 199, 192)"
photo_106.jpg,204,Aavin,Mildly Spoiled,"(193, 199, 192)"
photo_107.jpg,206,Aavin,Mildly Spoiled,"(192, 199, 193)"
photo_108.jpg,208,Aavin,Mildly Spoiled,"(193, 199, 192)"
photo_109.jpg,210,Aavin,Mildly Spoiled,"(193, 199, 192)"
photo_110.jpg,212,Aavin,Mildly Spoiled,"(193, 199, 192)"
photo_111.jpg,214,Aavin,Mildly Spoiled,"(193, 199, 192)"
photo_112.jpg,216,Aavin,Mildly Spoiled,"(193, 199, 192)"
photo_113.jpg,218,Aavin,Mildly Spoiled,"(193, 199, 192)"
photo_114.jpg,220,Aavin,Mildly Spoiled,"(193, 199, 192)"
photo_115.jpg,222,Aavin,Mildly Spoiled,"(193, 198, 192)"
photo_116.jpg,224,Aavin,Mildly Spoiled,"(193, 199, 192)"
photo_117.jpg,226,Aavin,Mildly Spoiled,"(193, 198, 192)"
photo_118.jpg,228,Aavin,Mildly Spoiled,"(193, 199, 192)"
photo_119.jpg,230,Aavin,Mildly Spoiled,"(193, 199, 192)"
photo_120.jpg,232,Aavin,Mildly Spoiled,"(193, 199, 192)"
photo_121.jpg,234,Aavin,Mildly Spoiled,"(193, 199, 192)"
photo_122.jpg,236,Aavin,Mildly Spoiled,"(193, 198, 192)"
photo_123.jpg,238,Aavin,Mildly Spoiled,"(193, 199, 191)"
photo_124.jpg,240,Aavin,Mildly Spoiled,"(193, 198, 192)"
photo_125.jpg,242,Aavin,Mildly Spoiled,"(193, 198, 192)"
photo_126.jpg,244,Aavin,Mildly Spoiled,"(193, 198, 192)"
photo_127.jpg,246,Aavin,Mildly Spoiled,"(193, 198, 192)"
photo_128.jpg,248,Aavin,Mildly Spoiled,"(193, 198, 192)"
photo_129.jpg,250,Aavin,Mildly Spoiled,"(193, 199, 191)"
photo_130.jpg,252,Aavin,Mildly Spoiled,"(194, 199, 192)"
photo_131.jpg,254,Aavin,Mildly Spoiled,"(194, 199, 192)"
photo_132.jpg,256,Aavin,Mildly Spoiled,"(194, 199, 192)"
photo_133.jpg,258,Aavin,Mildly Spoiled,"(194, 199, 192)"
photo_134.jpg,260,Aavin,Mildly Spoiled,"(194, 199, 191)"
photo_135.jpg,262,Aavin,Mildly Spoiled,"(194, 199, 192)"
photo_136.jpg,264,Aavin,Mildly Spoiled,"(194, 199, 191)"
photo_137.jpg,266,Aavin,Mildly Spoiled,"(193, 199, 192)"
photo_138.jpg,268,Aavin,Mildly Spoiled,"(194, 199, 192)"
photo_139.jpg,270,Aavin,Mildly Spoiled,"(193, 199, 192)"
photo_140.jpg,272,Aavin,Mildly Spoiled,"(193, 199, 191)"
photo_141.jpg,274,Aavin,Mildly Spoiled,"(194, 199, 192)"
photo_142.jpg,276,Aavin,Mildly Spoiled,"(194, 199, 191)"
photo_143.jpg,278,Aavin,Mildly Spoiled,"(194, 199, 191)"
photo_144.jpg,280,Aavin,Mildly Spoiled,"(194, 199, 191)"
photo_145.jpg,282,Aavin,Mildly Spoiled,"(193, 199, 191)"
photo_146.jpg,284,Aavin,Mildly Spoiled,"(193, 199, 191)"
photo_147.jpg,286,Aavin,Mildly Spoiled,"(193, 199, 191)"
photo_148.jpg,288,Aavin,Mildly Spoiled,"(193, 198, 191)"
photo_149.jpg,290,Aavin,Mildly Spoiled,"(193, 198, 191)"
photo_150.jpg,292,Aavin,Mildly Spoiled,"(193, 198, 191)"
photo_151.jpg,294,Aavin,Mildly Spoiled,"(193, 199, 191)"
photo_152.jpg,296,Aavin,Mildly Spoiled,"(193, 199, 192)"
photo_153.jpg,298,Aavin,Mildly Spoiled,"(192, 199, 192)"
photo_154.jpg,300,Aavin,Mildly Spoiled,"(191, 199, 192)"
photo_155.jpg,302,Aavin,Mildly Spoiled,"(192, 199, 192)"
photo_156.jpg,304,Aavin,Mildly Spoiled,"(191, 199, 191)"
photo_157.jpg,306,Aavin,Mildly Spoiled,"(192, 199, 192)"
photo_158.jpg,308,Aavin,Mildly Spoiled,"(191, 199, 191)"
photo_159.jpg,310,Aavin,Mildly Spoiled,"(191, 199, 191)"
photo_160.jpg,312,Aavin,Mildly Spoiled,"(192, 199, 192)"
photo_161.jpg,314,Aavin,Mildly Spoiled,"(192, 199, 192)"
photo_162.jpg,316,Aavin,Mildly Spoiled,"(192, 199, 192)"
photo_163.jpg,318,Aavin,Mildly Spoiled,"(191, 199, 192)"
photo_164.jpg,320,Aavin,Mildly Spoiled,"(191, 199, 191)"
photo_165.jpg,322,Aavin,Mildly Spoiled,"(191, 199, 192)"
photo_166.jpg,324,Aavin,Mildly Spoiled,"(191, 199, 192)"
photo_167.jpg,326,Aavin,Mildly Spoiled,"(191, 199, 191)"
photo_168.jpg,328,Aavin,Mildly Spoiled,"(191, 199, 191)"
photo_169.jpg,330,Aavin,Mildly Spoiled,"(191, 198, 192)"
photo_170.jpg,332,Aavin,Mildly Spoiled,"(191, 199, 192)"
photo_171.jpg,334,Aavin,Mildly Spoiled,"(191, 199, 192)"
photo_172.jpg,336,Aavin,Mildly Spoiled,"(191, 199, 192)"
photo_173.jpg,338,Aavin,Mildly Spoiled,"(191, 199, 191)"
photo_174.jpg,340,Aavin,Mildly Spoiled,"(191, 199, 192)"
photo_175.jpg,342,Aavin,Mildly Spoiled,"(191, 199, 191)"
photo_176.jpg,344,Aavin,Mildly Spoiled,"(191, 199, 192)"
photo_177.jpg,346,Aavin,Mildly Spoiled,"(191, 199, 192)"
photo_178.jpg,348,Aavin,Mildly Spoiled,"(191, 198, 191)"
photo_179.jpg,350,Aavin,Mildly Spoiled,"(191, 199, 191)"
photo_180.jpg,352,Aavin,Mildly Spoiled,"(191, 199, 191)"
photo_181.jpg,354,Aavin,Mildly Spoiled,"(191, 199, 192)"
photo_182.jpg,356,Aavin,Mildly Spoiled,"(191, 198, 191)"
photo_183.jpg,358,Aavin,Mildly Spoiled,"(191, 199, 192)"
photo_184.jpg,360,Aavin,Mildly Spoiled,"(191, 198, 191)"
photo_185.jpg,362,Aavin,Mildly Spoiled,"(191, 199, 191)"
photo_186.jpg,364,Aavin,Mildly Spoiled,"(191, 198, 192)"
photo_187.jpg,366,Aavin,Mildly Spoiled,"(191, 199, 192)"
photo_188.jpg,368,Aavin,Mildly Spoiled,"(191, 198, 191)"
photo_189.jpg,370,Aavin,Mildly Spoiled,"(191, 198, 192)"
photo_190.jpg,372,Aavin,Mildly Spoiled,"(191, 198, 192)"
photo_191.jpg,374,Aavin,Mildly Spoiled,"(191, 199, 192)"
photo_192.jpg,376,Aavin,Mildly Spoiled,"(191, 199, 191)"
photo_193.jpg,378,Aavin,Mildly Spoiled,"(191, 198, 191)"
photo_194.jpg,380,Aavin,Mildly Spoiled,"(191, 198, 192)"
photo_195.jpg,382,Aavin,Mildly Spoiled,"(191, 198, 191)"
photo_196.jpg,384,Aavin,Mildly Spoiled,"(191, 198, 192)"
photo_197.jpg,386,Aavin,Mildly Spoiled,"(191, 198, 192)"
photo_198.jpg,388,Aavin,Mildly Spoiled,"(190, 198, 191)"
photo_199.jpg,390,Aavin,Mildly Spoiled,"(190, 198, 192)"
photo_200.jpg,392,Aavin,Mildly Spoiled,"(191, 198, 191)"
photo_201.jpg,394,Aavin,Mildly Spoiled,"(191, 198, 192)"
photo_202.jpg,396,Aavin,Mildly Spoiled,"(190, 198, 191)"
photo_203.jpg,398,Aavin,Mildly Spoiled,"(190, 198, 192)"
photo_204.jpg,400,Aavin,Mildly Spoiled,"(190, 198, 192)"
photo_205.jpg,402,Aavin,Mildly Spoiled,"(190, 198, 192)"
photo_206.jpg,404,Aavin,Mildly Spoiled,"(190, 198, 191)"
photo_207.jpg,406,Aavin,Mildly Spoiled,"(191, 198, 191)"
photo_208.jpg,408,Aavin,Mildly Spoiled,"(190, 198, 192)"
photo_209.jpg,410,Aavin,Mildly Spoiled,"(190, 198, 192)"
photo_210.jpg,412,Aavin,Mildly Spoiled,"(190, 198, 192)"
photo_211.jpg,414,Aavin,Mildly Spoiled,"(191, 198, 192)"
photo_212.jpg,416,Aavin,Mildly Spoiled,"(190, 198, 192)"
photo_213.jpg,418,Aavin,Mildly Spoiled,"(190, 198, 191)"
photo_214.jpg,420,Aavin,Mildly Spoiled,"(190, 198, 191)"
photo_215.jpg,422,Aavin,Mildly Spoiled,"(190, 198, 192)"
photo_216.jpg,424,Aavin,Mildly Spoiled,"(190, 198, 192)"
photo_217.jpg,426,Aavin,Mildly Spoiled,"(190, 198, 191)"
photo_218.jpg,428,Aavin,Mildly Spoiled,"(190, 198, 192)"
