Image,Time(in mins),Sample Name,Milk Type,Gamma Avg RGB
photo_4.jpg,2,Goat 1,Fresh,"(188, 216, 225)"
photo_5.jpg,4,Goat 1,Fresh,"(186, 214, 224)"
photo_6.jpg,6,Goat 1,Fresh,"(185, 213, 224)"
photo_7.jpg,8,Goat 1,Fresh,"(184, 211, 222)"
photo_8.jpg,10,Goat 1,Fresh,"(184, 213, 225)"
photo_9.jpg,12,Goat 1,Fresh,"(184, 214, 223)"
photo_10.jpg,14,Goat 1,Fresh,"(184, 213, 224)"
photo_11.jpg,16,Goat 1,Fresh,"(183, 214, 223)"
photo_12.jpg,18,Goat 1,Fresh,"(183, 213, 223)"
photo_13.jpg,20,Goat 1,Fresh,"(183, 213, 224)"
photo_14.jpg,22,Goat 1,Fresh,"(183, 213, 223)"
photo_15.jpg,24,Goat 1,Fresh,"(183, 213, 223)"
photo_16.jpg,26,Goat 1,Fresh,"(182, 213, 224)"
photo_17.jpg,28,Goat 1,Fresh,"(183, 213, 224)"
photo_18.jpg,30,Goat 1,Fresh,"(183, 213, 223)"
photo_19.jpg,32,Goat 1,Fresh,"(183, 213, 224)"
photo_20.jpg,34,Goat 1,Fresh,"(183, 213, 224)"
photo_21.jpg,36,Goat 1,Fresh,"(183, 213, 224)"
photo_22.jpg,38,Goat 1,Fresh,"(183, 213, 224)"
photo_23.jpg,40,Goat 1,Fresh,"(183, 213, 224)"
photo_24.jpg,42,Goat 1,Fresh,"(183, 213, 224)"
photo_25.jpg,44,Goat 1,Fresh,"(183, 213, 225)"
photo_26.jpg,46,Goat 1,Fresh,"(183, 214, 225)"
photo_27.jpg,48,Goat 1,Fresh,"(183, 214, 225)"
photo_28.jpg,50,Goat 1,Fresh,"(183, 214, 225)"
photo_29.jpg,52,Goat 1,Fresh,"(183, 214, 225)"
photo_30.jpg,54,Goat 1,Fresh,"(184, 215, 226)"
photo_31.jpg,56,Goat 1,Fresh,"(184, 215, 226)"
photo_32.jpg,58,Goat 1,Fresh,"(184, 215, 226)"
photo_33.jpg,60,Goat 1,Fresh,"(184, 215, 226)"
photo_34.jpg,62,Goat 1,Fresh,"(184, 215, 227)"
photo_35.jpg,64,Goat 1,Fresh,"(184, 215, 227)"
photo_36.jpg,66,Goat 1,Fresh,"(184, 215, 227)"
photo_37.jpg,68,Goat 1,Fresh,"(184, 216, 227)"
photo_38.jpg,70,Goat 1,Fresh,"(184, 216, 227)"
photo_39.jpg,72,Goat 1,Fresh,"(185, 216, 228)"
photo_40.jpg,74,Goat 1,Fresh,"(185, 217, 228)"
photo_41.jpg,76,Goat 1,Fresh,"(185, 217, 229)"
photo_42.jpg,78,Goat 1,Fresh,"(185, 217, 229)"
photo_43.jpg,80,Goat 1,Fresh,"(185, 217, 229)"
photo_44.jpg,82,Goat 1,Fresh,"(186, 217, 229)"
photo_45.jpg,84,Goat 1,Fresh,"(185, 217, 229)"
photo_46.jpg,86,Goat 1,Fresh,"(186, 218, 229)"
photo_47.jpg,88,Goat 1,Fresh,"(186, 218, 230)"
photo_48.jpg,90,Goat 1,Fresh,"(186, 218, 230)"
photo_49.jpg,92,Goat 1,Fresh,"(186, 218, 230)"
photo_50.jpg,94,Goat 1,Fresh,"(186, 218, 230)"
photo_51.jpg,96,Goat 1,Fresh,"(186, 219, 230)"
photo_52.jpg,98,Goat 1,Fresh,"(187, 219, 231)"
photo_53.jpg,100,Goat 1,Fresh,"(187, 219, 231)"
photo_54.jpg,102,Goat 1,Fresh,"(187, 219, 231)"
photo_55.jpg,104,Goat 1,Fresh,"(187, 219, 231)"
photo_56.jpg,106,Goat 1,Fresh,"(187, 220, 232)"
photo_57.jpg,108,Goat 1,Fresh,"(187, 220, 232)"
photo_58.jpg,110,Goat 1,Fresh,"(187, 220, 232)"
photo_59.jpg,112,Goat 1,Fresh,"(188, 220, 232)"
photo_60.jpg,114,Goat 1,Fresh,"(188, 221, 232)"
photo_61.jpg,116,Goat 1,Fresh,"(188, 221, 232)"
photo_62.jpg,118,Goat 1,Fresh,"(188, 221, 233)"
photo_63.jpg,120,Goat 1,Fresh,"(188, 221, 233)"
photo_64.jpg,122,Goat 1,Fresh,"(188, 221, 233)"
photo_65.jpg,124,Goat 1,Fresh,"(188, 221, 233)"
photo_66.jpg,126,Goat 1,Fresh,"(188, 222, 233)"
photo_67.jpg,128,Goat 1,Fresh,"(189, 222, 234)"
photo_68.jpg,130,Goat 1,Fresh,"(189, 222, 234)"
photo_69.jpg,132,Goat 1,Fresh,"(189, 222, 234)"
photo_70.jpg,134,Goat 1,Fresh,"(189, 222, 234)"
photo_71.jpg,136,Goat 1,Fresh,"(189, 223, 234)"
photo_72.jpg,138,Goat 1,Fresh,"(190, 223, 235)"
photo_73.jpg,140,Goat 1,Fresh,"(189, 223, 235)"
photo_74.jpg,142,Goat 1,Fresh,"(190, 223, 235)"
photo_75.jpg,144,Goat 1,Fresh,"(190, 223, 235)"
photo_76.jpg,146,Goat 1,Fresh,"(190, 224, 235)"
photo_77.jpg,148,Goat 1,Fresh,"(190, 224, 235)"
photo_78.jpg,150,Goat 1,Fresh,"(190, 224, 236)"
photo_79.jpg,152,Goat 1,Fresh,"(191, 224, 236)"
photo_80.jpg,154,Goat 1,Fresh,"(191, 224, 236)"
photo_81.jpg,156,Goat 1,Fresh,"(191, 225, 236)"
photo_82.jpg,158,Goat 1,Fresh,"(191, 225, 236)"
photo_83.jpg,160,Goat 1,Fresh,"(191, 225, 237)"
photo_84.jpg,162,Goat 1,Fresh,"(191, 225, 236)"
photo_85.jpg,164,Goat 1,Fresh,"(191, 226, 237)"
photo_86.jpg,166,Goat 1,Fresh,"(191, 226, 237)"
photo_87.jpg,168,Goat 1,Fresh,"(192, 226, 237)"
photo_88.jpg,170,Goat 1,Fresh,"(192, 226, 237)"
photo_89.jpg,172,Goat 1,Fresh,"(192, 226, 237)"
photo_90.jpg,174,Goat 1,Fresh,"(192, 227, 237)"
photo_91.jpg,176,Goat 1,Fresh,"(192, 227, 237)"
photo_92.jpg,178,Goat 1,Fresh,"(192, 227, 238)"
photo_93.jpg,180,Goat 1,Fresh,"(192, 227, 238)"
photo_94.jpg,182,Goat 1,Fresh,"(192, 227, 238)"
photo_95.jpg,184,Goat 1,Fresh,"(193, 228, 238)"
photo_96.jpg,186,Goat 1,Fresh,"(193, 228, 238)"
photo_97.jpg,188,Goat 1,Fresh,"(193, 228, 239)"
photo_98.jpg,190,Goat 1,Fresh,"(193, 228, 239)"
photo_99.jpg,192,Goat 1,Fresh,"(193, 229, 239)"
photo_100.jpg,194,Goat 1,Fresh,"(193, 229, 239)"
photo_101.jpg,196,Goat 1,Fresh,"(193, 229, 239)"
photo_102.jpg,198,Goat 1,Fresh,"(194, 229, 239)"
photo_103.jpg,200,Goat 1,Fresh,"(194, 229, 239)"
photo_104.jpg,202,Goat 1,Fresh,"(194, 229, 239)"
photo_105.jpg,204,Goat 1,Fresh,"(194, 230, 240)"
photo_106.jpg,206,Goat 1,Fresh,"(194, 230, 240)"
photo_107.jpg,208,Goat 1,Fresh,"(194, 230, 240)"
photo_108.jpg,210,Goat 1,Fresh,"(195, 230, 240)"
photo_109.jpg,212,Goat 1,Fresh,"(194, 230, 240)"
photo_110.jpg,214,Goat 1,Fresh,"(195, 231, 240)"
photo_111.jpg,216,Goat 1,Fresh,"(195, 231, 240)"
photo_112.jpg,218,Goat 1,Fresh,"(195, 231, 240)"
photo_113.jpg,220,Goat 1,Fresh,"(195, 231, 240)"
photo_114.jpg,222,Goat 1,Fresh,"(195, 231, 241)"
photo_115.jpg,224,Goat 1,Fresh,"(195, 231, 241)"
photo_116.jpg,226,Goat 1,Fresh,"(195, 232, 241)"
photo_117.jpg,228,Goat 1,Fresh,"(196, 232, 241)"
photo_118.jpg,230,Goat 1,Fresh,"(196, 232, 241)"
photo_119.jpg,232,Goat 1,Fresh,"(196, 232, 241)"
photo_120.jpg,234,Goat 1,Fresh,"(196, 232, 241)"
photo_121.jpg,236,Goat 1,Fresh,"(196, 232, 241)"
photo_122.jpg,238,Goat 1,Fresh,"(196, 233, 241)"
photo_123.jpg,240,Goat 1,Fresh,"(196, 233, 241)"
photo_124.jpg,242,Goat 1,Fresh,"(196, 233, 241)"
photo_125.jpg,244,Goat 1,Fresh,"(196, 233, 241)"
photo_126.jpg,246,Goat 1,Fresh,"(196, 233, 242)"
photo_127.jpg,248,Goat 1,Fresh,"(196, 233, 241)"
photo_128.jpg,250,Goat 1,Fresh,"(197, 233, 242)"
photo_129.jpg,252,Goat 1,Fresh,"(197, 233, 242)"
photo_130.jpg,254,Goat 1,Fresh,"(197, 233, 242)"
photo_131.jpg,256,Goat 1,Fresh,"(197, 233, 242)"
photo_132.jpg,258,Goat 1,Fresh,"(197, 234, 242)"
photo_133.jpg,260,Goat 1,Fresh,"(197, 234, 242)"
photo_134.jpg,262,Goat 1,Fresh,"(197, 234, 242)"
photo_135.jpg,264,Goat 1,Fresh,"(197, 234, 242)"
photo_136.jpg,266,Goat 1,Fresh,"(197, 234, 242)"
photo_137.jpg,268,Goat 1,Fresh,"(197, 234, 242)"
photo_138.jpg,270,Goat 1,Fresh,"(197, 234, 242)"
photo_139.jpg,272,Goat 1,Fresh,"(197, 234, 242)"
photo_140.jpg,274,Goat 1,Fresh,"(197, 234, 242)"
photo_141.jpg,276,Goat 1,Fresh,"(197, 234, 242)"
photo_142.jpg,278,Goat 1,Fresh,"(197, 234, 242)"
photo_143.jpg,280,Goat 1,Fresh,"(197, 235, 242)"
photo_144.jpg,282,Goat 1,Fresh,"(197, 235, 242)"
photo_145.jpg,284,Goat 1,Fresh,"(198, 235, 242)"
photo_146.jpg,286,Goat 1,Fresh,"(198, 235, 242)"
photo_147.jpg,288,Goat 1,Fresh,"(197, 235, 242)"
photo_148.jpg,290,Goat 1,Fresh,"(198, 235, 242)"
photo_149.jpg,292,Goat 1,Fresh,"(198, 235, 242)"
photo_150.jpg,294,Goat 1,Fresh,"(198, 235, 242)"
photo_151.jpg,296,Goat 1,Fresh,"(198, 235, 243)"
photo_152.jpg,298,Goat 1,Fresh,"(198, 235, 242)"
photo_153.jpg,300,Goat 1,Fresh,"(198, 235, 243)"
photo_154.jpg,302,Goat 1,Fresh,"(198, 235, 242)"
photo_155.jpg,304,Goat 1,Fresh,"(198, 235, 243)"
photo_156.jpg,306,Goat 1,Fresh,"(198, 235, 242)"
photo_157.jpg,308,Goat 1,Fresh,"(198, 236, 242)"
photo_158.jpg,310,Goat 1,Fresh,"(198, 236, 243)"
photo_159.jpg,312,Goat 1,Fresh,"(198, 236, 243)"
photo_160.jpg,314,Goat 1,Fresh,"(198, 235, 243)"
photo_161.jpg,316,Goat 1,Fresh,"(198, 236, 242)"
photo_162.jpg,318,Goat 1,Fresh,"(198, 236, 243)"
photo_163.jpg,320,Goat 1,Fresh,"(198, 236, 243)"
photo_164.jpg,322,Goat 1,Fresh,"(198, 236, 243)"
photo_165.jpg,324,Goat 1,Fresh,"(198, 236, 243)"
photo_166.jpg,326,Goat 1,Fresh,"(198, 236, 243)"
photo_167.jpg,328,Goat 1,Fresh,"(198, 236, 243)"
photo_168.jpg,330,Goat 1,Fresh,"(198, 236, 243)"
photo_169.jpg,332,Goat 1,Fresh,"(198, 236, 243)"
photo_170.jpg,334,Goat 1,Fresh,"(198, 236, 243)"
photo_171.jpg,336,Goat 1,Fresh,"(198, 236, 243)"
photo_172.jpg,338,Goat 1,Fresh,"(198, 236, 242)"
photo_173.jpg,340,Goat 1,Fresh,"(198, 236, 242)"
photo_174.jpg,342,Goat 1,Fresh,"(198, 236, 243)"
photo_175.jpg,344,Goat 1,Fresh,"(198, 236, 242)"
photo_176.jpg,346,Goat 1,Fresh,"(198, 236, 242)"
photo_177.jpg,348,Goat 1,Fresh,"(198, 236, 242)"
photo_178.jpg,350,Goat 1,Fresh,"(198, 236, 242)"
photo_179.jpg,352,Goat 1,Fresh,"(198, 235, 242)"
photo_180.jpg,354,Goat 1,Fresh,"(198, 235, 242)"
photo_181.jpg,356,Goat 1,Fresh,"(198, 235, 242)"
photo_182.jpg,358,Goat 1,Fresh,"(198, 235, 242)"
photo_183.jpg,360,Goat 1,Fresh,"(198, 235, 242)"
photo_184.jpg,362,Goat 1,Fresh,"(197, 235, 242)"
photo_185.jpg,364,Goat 1,Fresh,"(198, 235, 242)"
photo_186.jpg,366,Goat 1,Fresh,"(198, 235, 242)"
photo_187.jpg,368,Goat 1,Fresh,"(197, 235, 242)"
photo_188.jpg,370,Goat 1,Fresh,"(198, 235, 242)"
photo_189.jpg,372,Goat 1,Fresh,"(197, 235, 242)"
photo_190.jpg,374,Goat 1,Fresh,"(197, 235, 242)"
photo_191.jpg,376,Goat 1,Fresh,"(197, 235, 242)"
photo_192.jpg,378,Goat 1,Fresh,"(197, 235, 242)"
photo_193.jpg,380,Goat 1,Fresh,"(197, 235, 241)"
photo_194.jpg,382,Goat 1,Fresh,"(197, 235, 241)"
photo_195.jpg,384,Goat 1,Fresh,"(197, 235, 241)"
photo_196.jpg,386,Goat 1,Fresh,"(197, 235, 241)"
photo_197.jpg,388,Goat 1,Fresh,"(197, 235, 241)"
photo_198.jpg,390,Goat 1,Fresh,"(197, 234, 241)"
photo_199.jpg,392,Goat 1,Fresh,"(197, 234, 241)"
photo_200.jpg,394,Goat 1,Fresh,"(197, 234, 241)"
photo_201.jpg,396,Goat 1,Fresh,"(197, 234, 241)"
photo_202.jpg,398,Goat 1,Fresh,"(197, 234, 241)"
photo_203.jpg,400,Goat 1,Fresh,"(197, 234, 241)"
photo_204.jpg,402,Goat 1,Fresh,"(196, 234, 241)"
photo_205.jpg,404,Goat 1,Fresh,"(197, 234, 241)"
photo_206.jpg,406,Goat 1,Fresh,"(197, 234, 240)"
photo_207.jpg,408,Goat 1,Fresh,"(197, 234, 240)"
photo_208.jpg,410,Goat 1,Fresh,"(196, 234, 240)"
photo_209.jpg,412,Goat 1,Fresh,"(197, 234, 240)"
photo_210.jpg,414,Goat 1,Fresh,"(197, 234, 240)"
photo_211.jpg,416,Goat 1,Fresh,"(196, 234, 240)"
photo_212.jpg,418,Goat 1,Fresh,"(196, 234, 240)"
photo_213.jpg,420,Goat 1,Fresh,"(196, 234, 240)"
photo_214.jpg,422,Goat 1,Fresh,"(196, 233, 240)"
photo_215.jpg,424,Goat 1,Fresh,"(196, 233, 240)"
photo_216.jpg,426,Goat 1,Fresh,"(196, 233, 240)"
photo_217.jpg,428,Goat 1,Fresh,"(196, 233, 240)"
photo_218.jpg,430,Goat 1,Fresh,"(196, 233, 240)"
photo_219.jpg,432,Goat 1,Fresh,"(196, 233, 240)"
photo_220.jpg,434,Goat 1,Fresh,"(196, 233, 240)"
photo_221.jpg,436,Goat 1,Fresh,"(196, 233, 240)"
photo_222.jpg,438,Goat 1,Fresh,"(196, 233, 239)"
photo_223.jpg,440,Goat 1,Fresh,"(196, 233, 239)"
photo_224.jpg,442,Goat 1,Fresh,"(196, 233, 239)"
photo_225.jpg,444,Goat 1,Fresh,"(196, 233, 239)"
photo_226.jpg,446,Goat 1,Fresh,"(196, 233, 239)"
photo_227.jpg,448,Goat 1,Fresh,"(196, 233, 239)"
photo_228.jpg,450,Goat 1,Fresh,"(196, 233, 239)"
photo_229.jpg,452,Goat 1,Fresh,"(196, 233, 239)"
photo_230.jpg,454,Goat 1,Fresh,"(196, 233, 239)"
photo_231.jpg,456,Goat 1,Fresh,"(196, 233, 239)"
photo_232.jpg,458,Goat 1,Fresh,"(196, 233, 239)"
photo_233.jpg,460,Goat 1,Fresh,"(196, 232, 239)"
photo_234.jpg,462,Goat 1,Fresh,"(196, 233, 239)"
photo_235.jpg,464,Goat 1,Fresh,"(195, 233, 239)"
photo_236.jpg,466,Goat 1,Fresh,"(196, 232, 239)"
photo_237.jpg,468,Goat 1,Fresh,"(196, 233, 239)"
photo_238.jpg,470,Goat 1,Fresh,"(195, 232, 239)"
photo_239.jpg,472,Goat 1,Fresh,"(195, 232, 239)"
photo_4.jpg,2,Goat 2,Spoiled,"(181, 215, 224)"
photo_5.jpg,4,Goat 2,Spoiled,"(180, 214, 223)"
photo_6.jpg,6,Goat 2,Spoiled,"(178, 213, 223)"
photo_7.jpg,8,Goat 2,Spoiled,"(176, 211, 221)"
photo_8.jpg,10,Goat 2,Spoiled,"(177, 213, 224)"
photo_9.jpg,12,Goat 2,Spoiled,"(178, 214, 223)"
photo_10.jpg,14,Goat 2,Spoiled,"(178, 214, 223)"
photo_11.jpg,16,Goat 2,Spoiled,"(177, 214, 223)"
photo_12.jpg,18,Goat 2,Spoiled,"(177, 214, 223)"
photo_13.jpg,20,Goat 2,Spoiled,"(177, 214, 223)"
photo_14.jpg,22,Goat 2,Spoiled,"(177, 214, 223)"
photo_15.jpg,24,Goat 2,Spoiled,"(177, 214, 223)"
photo_16.jpg,26,Goat 2,Spoiled,"(177, 214, 223)"
photo_17.jpg,28,Goat 2,Spoiled,"(177, 214, 223)"
photo_18.jpg,30,Goat 2,Spoiled,"(177, 214, 223)"
photo_19.jpg,32,Goat 2,Spoiled,"(177, 214, 224)"
photo_20.jpg,34,Goat 2,Spoiled,"(177, 214, 224)"
photo_21.jpg,36,Goat 2,Spoiled,"(177, 214, 224)"
photo_22.jpg,38,Goat 2,Spoiled,"(177, 214, 224)"
photo_23.jpg,40,Goat 2,Spoiled,"(177, 214, 224)"
photo_24.jpg,42,Goat 2,Spoiled,"(177, 214, 224)"
photo_25.jpg,44,Goat 2,Spoiled,"(177, 214, 224)"
photo_26.jpg,46,Goat 2,Spoiled,"(177, 214, 225)"
photo_27.jpg,48,Goat 2,Spoiled,"(178, 214, 225)"
photo_28.jpg,50,Goat 2,Spoiled,"(178, 214, 225)"
photo_29.jpg,52,Goat 2,Spoiled,"(178, 215, 225)"
photo_30.jpg,54,Goat 2,Spoiled,"(178, 215, 226)"
photo_31.jpg,56,Goat 2,Spoiled,"(179, 215, 226)"
photo_32.jpg,58,Goat 2,Spoiled,"(179, 216, 226)"
photo_33.jpg,60,Goat 2,Spoiled,"(178, 216, 226)"
photo_34.jpg,62,Goat 2,Spoiled,"(179, 216, 226)"
photo_35.jpg,64,Goat 2,Spoiled,"(179, 216, 226)"
photo_36.jpg,66,Goat 2,Spoiled,"(179, 216, 227)"
photo_37.jpg,68,Goat 2,Spoiled,"(179, 216, 226)"
photo_38.jpg,70,Goat 2,Spoiled,"(180, 216, 227)"
photo_39.jpg,72,Goat 2,Spoiled,"(180, 217, 227)"
photo_40.jpg,74,Goat 2,Spoiled,"(180, 217, 227)"
photo_41.jpg,76,Goat 2,Spoiled,"(180, 217, 228)"
photo_42.jpg,78,Goat 2,Spoiled,"(180, 217, 228)"
photo_43.jpg,80,Goat 2,Spoiled,"(181, 218, 228)"
photo_44.jpg,82,Goat 2,Spoiled,"(181, 218, 228)"
photo_45.jpg,84,Goat 2,Spoiled,"(181, 218, 228)"
photo_46.jpg,86,Goat 2,Spoiled,"(181, 218, 228)"
photo_47.jpg,88,Goat 2,Spoiled,"(181, 218, 228)"
photo_48.jpg,90,Goat 2,Spoiled,"(181, 219, 229)"
photo_49.jpg,92,Goat 2,Spoiled,"(182, 219, 229)"
photo_50.jpg,94,Goat 2,Spoiled,"(182, 219, 229)"
photo_51.jpg,96,Goat 2,Spoiled,"(182, 219, 229)"
photo_52.jpg,98,Goat 2,Spoiled,"(182, 219, 230)"
photo_53.jpg,100,Goat 2,Spoiled,"(183, 219, 230)"
photo_54.jpg,102,Goat 2,Spoiled,"(183, 220, 230)"
photo_55.jpg,104,Goat 2,Spoiled,"(183, 220, 230)"
photo_56.jpg,106,Goat 2,Spoiled,"(183, 220, 230)"
photo_57.jpg,108,Goat 2,Spoiled,"(183, 220, 231)"
photo_58.jpg,110,Goat 2,Spoiled,"(183, 221, 231)"
photo_59.jpg,112,Goat 2,Spoiled,"(184, 221, 231)"
photo_60.jpg,114,Goat 2,Spoiled,"(184, 221, 231)"
photo_61.jpg,116,Goat 2,Spoiled,"(184, 221, 231)"
photo_62.jpg,118,Goat 2,Spoiled,"(184, 221, 231)"
photo_63.jpg,120,Goat 2,Spoiled,"(184, 222, 232)"
photo_64.jpg,122,Goat 2,Spoiled,"(184, 222, 232)"
photo_65.jpg,124,Goat 2,Spoiled,"(184, 222, 232)"
photo_66.jpg,126,Goat 2,Spoiled,"(185, 222, 232)"
photo_67.jpg,128,Goat 2,Spoiled,"(185, 222, 232)"
photo_68.jpg,130,Goat 2,Spoiled,"(185, 223, 232)"
photo_69.jpg,132,Goat 2,Spoiled,"(185, 223, 233)"
photo_70.jpg,134,Goat 2,Spoiled,"(185, 223, 233)"
photo_71.jpg,136,Goat 2,Spoiled,"(185, 223, 233)"
photo_72.jpg,138,Goat 2,Spoiled,"(186, 223, 233)"
photo_73.jpg,140,Goat 2,Spoiled,"(186, 224, 233)"
photo_74.jpg,142,Goat 2,Spoiled,"(186, 224, 234)"
photo_75.jpg,144,Goat 2,Spoiled,"(186, 224, 234)"
photo_76.jpg,146,Goat 2,Spoiled,"(186, 224, 234)"
photo_77.jpg,148,Goat 2,Spoiled,"(186, 224, 234)"
photo_78.jpg,150,Goat 2,Spoiled,"(187, 225, 234)"
photo_79.jpg,152,Goat 2,Spoiled,"(187, 225, 234)"
photo_80.jpg,154,Goat 2,Spoiled,"(187, 225, 235)"
photo_81.jpg,156,Goat 2,Spoiled,"(187, 225, 235)"
photo_82.jpg,158,Goat 2,Spoiled,"(187, 226, 235)"
photo_83.jpg,160,Goat 2,Spoiled,"(187, 226, 235)"
photo_84.jpg,162,Goat 2,Spoiled,"(187, 226, 235)"
photo_85.jpg,164,Goat 2,Spoiled,"(188, 226, 235)"
photo_86.jpg,166,Goat 2,Spoiled,"(188, 226, 235)"
photo_87.jpg,168,Goat 2,Spoiled,"(188, 227, 235)"
photo_88.jpg,170,Goat 2,Spoiled,"(188, 227, 236)"
photo_89.jpg,172,Goat 2,Spoiled,"(188, 227, 236)"
photo_90.jpg,174,Goat 2,Spoiled,"(188, 227, 236)"
photo_91.jpg,176,Goat 2,Spoiled,"(189, 227, 236)"
photo_92.jpg,178,Goat 2,Spoiled,"(189, 228, 236)"
photo_93.jpg,180,Goat 2,Spoiled,"(189, 228, 236)"
photo_94.jpg,182,Goat 2,Spoiled,"(189, 228, 236)"
photo_95.jpg,184,Goat 2,Spoiled,"(189, 228, 236)"
photo_96.jpg,186,Goat 2,Spoiled,"(189, 228, 237)"
photo_97.jpg,188,Goat 2,Spoiled,"(190, 228, 237)"
photo_98.jpg,190,Goat 2,Spoiled,"(190, 229, 237)"
photo_99.jpg,192,Goat 2,Spoiled,"(190, 229, 237)"
photo_100.jpg,194,Goat 2,Spoiled,"(190, 229, 237)"
photo_101.jpg,196,Goat 2,Spoiled,"(190, 229, 237)"
photo_102.jpg,198,Goat 2,Spoiled,"(190, 230, 237)"
photo_103.jpg,200,Goat 2,Spoiled,"(190, 230, 237)"
photo_104.jpg,202,Goat 2,Spoiled,"(190, 230, 238)"
photo_105.jpg,204,Goat 2,Spoiled,"(191, 230, 238)"
photo_106.jpg,206,Goat 2,Spoiled,"(191, 230, 238)"
photo_107.jpg,208,Goat 2,Spoiled,"(191, 230, 238)"
photo_108.jpg,210,Goat 2,Spoiled,"(191, 231, 238)"
photo_109.jpg,212,Goat 2,Spoiled,"(191, 231, 238)"
photo_110.jpg,214,Goat 2,Spoiled,"(191, 231, 238)"
photo_111.jpg,216,Goat 2,Spoiled,"(191, 231, 238)"
photo_112.jpg,218,Goat 2,Spoiled,"(191, 231, 239)"
photo_113.jpg,220,Goat 2,Spoiled,"(192, 231, 239)"
photo_114.jpg,222,Goat 2,Spoiled,"(191, 232, 239)"
photo_115.jpg,224,Goat 2,Spoiled,"(192, 232, 239)"
photo_116.jpg,226,Goat 2,Spoiled,"(192, 232, 239)"
photo_117.jpg,228,Goat 2,Spoiled,"(192, 232, 239)"
photo_118.jpg,230,Goat 2,Spoiled,"(192, 232, 239)"
photo_119.jpg,232,Goat 2,Spoiled,"(192, 232, 239)"
photo_120.jpg,234,Goat 2,Spoiled,"(192, 233, 239)"
photo_121.jpg,236,Goat 2,Spoiled,"(192, 233, 239)"
photo_122.jpg,238,Goat 2,Spoiled,"(192, 233, 239)"
photo_123.jpg,240,Goat 2,Spoiled,"(193, 233, 239)"
photo_124.jpg,242,Goat 2,Spoiled,"(193, 233, 239)"
photo_125.jpg,244,Goat 2,Spoiled,"(192, 233, 239)"
photo_126.jpg,246,Goat 2,Spoiled,"(193, 233, 239)"
photo_127.jpg,248,Goat 2,Spoiled,"(193, 233, 239)"
photo_128.jpg,250,Goat 2,Spoiled,"(193, 233, 240)"
photo_129.jpg,252,Goat 2,Spoiled,"(193, 233, 240)"
photo_130.jpg,254,Goat 2,Spoiled,"(193, 234, 240)"
photo_131.jpg,256,Goat 2,Spoiled,"(193, 234, 240)"
photo_132.jpg,258,Goat 2,Spoiled,"(193, 234, 240)"
photo_133.jpg,260,Goat 2,Spoiled,"(193, 234, 240)"
photo_134.jpg,262,Goat 2,Spoiled,"(193, 234, 240)"
photo_135.jpg,264,Goat 2,Spoiled,"(193, 234, 240)"
photo_136.jpg,266,Goat 2,Spoiled,"(193, 234, 240)"
photo_137.jpg,268,Goat 2,Spoiled,"(193, 234, 240)"
photo_138.jpg,270,Goat 2,Spoiled,"(193, 234, 240)"
photo_139.jpg,272,Goat 2,Spoiled,"(193, 234, 240)"
photo_140.jpg,274,Goat 2,Spoiled,"(193, 234, 240)"
photo_141.jpg,276,Goat 2,Spoiled,"(193, 234, 240)"
photo_142.jpg,278,Goat 2,Spoiled,"(193, 234, 240)"
photo_143.jpg,280,Goat 2,Spoiled,"(193, 235, 240)"
photo_144.jpg,282,Goat 2,Spoiled,"(194, 234, 240)"
photo_145.jpg,284,Goat 2,Spoiled,"(194, 235, 240)"
photo_146.jpg,286,Goat 2,Spoiled,"(194, 235, 240)"
photo_147.jpg,288,Goat 2,Spoiled,"(194, 235, 240)"
photo_148.jpg,290,Goat 2,Spoiled,"(194, 235, 240)"
photo_149.jpg,292,Goat 2,Spoiled,"(194, 235, 240)"
photo_150.jpg,294,Goat 2,Spoiled,"(194, 235, 240)"
photo_151.jpg,296,Goat 2,Spoiled,"(194, 235, 240)"
photo_152.jpg,298,Goat 2,Spoiled,"(194, 235, 240)"
photo_153.jpg,300,Goat 2,Spoiled,"(194, 235, 240)"
photo_154.jpg,302,Goat 2,Spoiled,"(194, 235, 240)"
photo_155.jpg,304,Goat 2,Spoiled,"(194, 235, 240)"
photo_156.jpg,306,Goat 2,Spoiled,"(194, 235, 240)"
photo_157.jpg,308,Goat 2,Spoiled,"(194, 235, 241)"
photo_158.jpg,310,Goat 2,Spoiled,"(194, 235, 240)"
photo_159.jpg,312,Goat 2,Spoiled,"(194, 235, 240)"
photo_160.jpg,314,Goat 2,Spoiled,"(194, 235, 241)"
photo_161.jpg,316,Goat 2,Spoiled,"(194, 235, 240)"
photo_162.jpg,318,Goat 2,Spoiled,"(194, 235, 241)"
photo_163.jpg,320,Goat 2,Spoiled,"(194, 235, 240)"
photo_164.jpg,322,Goat 2,Spoiled,"(194, 235, 240)"
photo_165.jpg,324,Goat 2,Spoiled,"(194, 235, 240)"
photo_166.jpg,326,Goat 2,Spoiled,"(194, 235, 240)"
photo_167.jpg,328,Goat 2,Spoiled,"(194, 235, 240)"
photo_168.jpg,330,Goat 2,Spoiled,"(194, 235, 240)"
photo_169.jpg,332,Goat 2,Spoiled,"(194, 235, 240)"
photo_170.jpg,334,Goat 2,Spoiled,"(194, 235, 240)"
photo_171.jpg,336,Goat 2,Spoiled,"(194, 235, 240)"
photo_172.jpg,338,Goat 2,Spoiled,"(194, 235, 241)"
photo_173.jpg,340,Goat 2,Spoiled,"(194, 235, 240)"
photo_174.jpg,342,Goat 2,Spoiled,"(194, 235, 240)"
photo_175.jpg,344,Goat 2,Spoiled,"(193, 235, 240)"
photo_176.jpg,346,Goat 2,Spoiled,"(193, 235, 240)"
photo_177.jpg,348,Goat 2,Spoiled,"(193, 235, 240)"
photo_178.jpg,350,Goat 2,Spoiled,"(193, 235, 240)"
photo_179.jpg,352,Goat 2,Spoiled,"(193, 235, 240)"
photo_180.jpg,354,Goat 2,Spoiled,"(193, 235, 240)"
photo_181.jpg,356,Goat 2,Spoiled,"(193, 235, 240)"
photo_182.jpg,358,Goat 2,Spoiled,"(193, 235, 240)"
photo_183.jpg,360,Goat 2,Spoiled,"(193, 235, 240)"
photo_184.jpg,362,Goat 2,Spoiled,"(193, 235, 240)"
photo_185.jpg,364,Goat 2,Spoiled,"(193, 234, 240)"
photo_186.jpg,366,Goat 2,Spoiled,"(193, 234, 239)"
photo_187.jpg,368,Goat 2,Spoiled,"(193, 234, 239)"
photo_188.jpg,370,Goat 2,Spoiled,"(193, 234, 239)"
photo_189.jpg,372,Goat 2,Spoiled,"(192, 234, 239)"
photo_190.jpg,374,Goat 2,Spoiled,"(193, 234, 239)"
photo_191.jpg,376,Goat 2,Spoiled,"(193, 234, 239)"
photo_192.jpg,378,Goat 2,Spoiled,"(192, 234, 239)"
photo_193.jpg,380,Goat 2,Spoiled,"(192, 234, 239)"
photo_194.jpg,382,Goat 2,Spoiled,"(192, 234, 239)"
photo_195.jpg,384,Goat 2,Spoiled,"(192, 234, 239)"
photo_196.jpg,386,Goat 2,Spoiled,"(192, 234, 239)"
photo_197.jpg,388,Goat 2,Spoiled,"(192, 234, 239)"
photo_198.jpg,390,Goat 2,Spoiled,"(192, 234, 238)"
photo_199.jpg,392,Goat 2,Spoiled,"(192, 234, 238)"
photo_200.jpg,394,Goat 2,Spoiled,"(192, 234, 238)"
photo_201.jpg,396,Goat 2,Spoiled,"(192, 233, 238)"
photo_202.jpg,398,Goat 2,Spoiled,"(192, 233, 238)"
photo_203.jpg,400,Goat 2,Spoiled,"(192, 233, 238)"
photo_204.jpg,402,Goat 2,Spoiled,"(192, 233, 238)"
photo_205.jpg,404,Goat 2,Spoiled,"(192, 233, 238)"
photo_206.jpg,406,Goat 2,Spoiled,"(192, 233, 238)"
photo_207.jpg,408,Goat 2,Spoiled,"(192, 233, 238)"
photo_208.jpg,410,Goat 2,Spoiled,"(192, 233, 238)"
photo_209.jpg,412,Goat 2,Spoiled,"(192, 233, 238)"
photo_210.jpg,414,Goat 2,Spoiled,"(192, 233, 238)"
photo_211.jpg,416,Goat 2,Spoiled,"(192, 233, 238)"
photo_212.jpg,418,Goat 2,Spoiled,"(192, 233, 238)"
photo_213.jpg,420,Goat 2,Spoiled,"(192, 233, 237)"
photo_214.jpg,422,Goat 2,Spoiled,"(192, 233, 237)"
photo_215.jpg,424,Goat 2,Spoiled,"(192, 233, 237)"
photo_216.jpg,426,Goat 2,Spoiled,"(192, 233, 237)"
photo_217.jpg,428,Goat 2,Spoiled,"(192, 233, 237)"
photo_218.jpg,430,Goat 2,Spoiled,"(192, 232, 237)"
photo_219.jpg,432,Goat 2,Spoiled,"(191, 233, 237)"
photo_220.jpg,434,Goat 2,Spoiled,"(192, 232, 237)"
photo_221.jpg,436,Goat 2,Spoiled,"(192, 232, 237)"
photo_222.jpg,438,Goat 2,Spoiled,"(192, 232, 237)"
photo_223.jpg,440,Goat 2,Spoiled,"(191, 232, 237)"
photo_224.jpg,442,Goat 2,Spoiled,"(192, 232, 237)"
photo_225.jpg,444,Goat 2,Spoiled,"(191, 232, 237)"
photo_226.jpg,446,Goat 2,Spoiled,"(192, 232, 237)"
photo_227.jpg,448,Goat 2,Spoiled,"(192, 232, 237)"
photo_228.jpg,450,Goat 2,Spoiled,"(191, 232, 236)"
photo_229.jpg,452,Goat 2,Spoiled,"(192, 232, 236)"
photo_230.jpg,454,Goat 2,Spoiled,"(191, 232, 236)"
photo_231.jpg,456,Goat 2,Spoiled,"(191, 232, 236)"
photo_232.jpg,458,Goat 2,Spoiled,"(191, 232, 236)"
photo_233.jpg,460,Goat 2,Spoiled,"(192, 232, 236)"
photo_234.jpg,462,Goat 2,Spoiled,"(191, 232, 236)"
photo_235.jpg,464,Goat 2,Spoiled,"(191, 232, 236)"
photo_236.jpg,466,Goat 2,Spoiled,"(191, 232, 236)"
photo_237.jpg,468,Goat 2,Spoiled,"(191, 232, 236)"
photo_238.jpg,470,Goat 2,Spoiled,"(192, 232, 236)"
photo_239.jpg,472,Goat 2,Spoiled,"(192, 231, 236)"
photo_4.jpg,2,Goat 3,Spoiled,"(163, 199, 210)"
photo_5.jpg,4,Goat 3,Spoiled,"(164, 199, 211)"
photo_6.jpg,6,Goat 3,Spoiled,"(163, 199, 210)"
photo_7.jpg,8,Goat 3,Spoiled,"(162, 197, 209)"
photo_8.jpg,10,Goat 3,Spoiled,"(163, 199, 212)"
photo_9.jpg,12,Goat 3,Spoiled,"(164, 200, 210)"
photo_10.jpg,14,Goat 3,Spoiled,"(164, 200, 211)"
photo_11.jpg,16,Goat 3,Spoiled,"(164, 200, 211)"
photo_12.jpg,18,Goat 3,Spoiled,"(163, 200, 211)"
photo_13.jpg,20,Goat 3,Spoiled,"(163, 200, 211)"
photo_14.jpg,22,Goat 3,Spoiled,"(163, 200, 211)"
photo_15.jpg,24,Goat 3,Spoiled,"(163, 200, 211)"
photo_16.jpg,26,Goat 3,Spoiled,"(163, 200, 211)"
photo_17.jpg,28,Goat 3,Spoiled,"(163, 200, 211)"
photo_18.jpg,30,Goat 3,Spoiled,"(163, 200, 211)"
photo_19.jpg,32,Goat 3,Spoiled,"(163, 200, 211)"
photo_20.jpg,34,Goat 3,Spoiled,"(163, 200, 211)"
photo_21.jpg,36,Goat 3,Spoiled,"(163, 200, 211)"
photo_22.jpg,38,Goat 3,Spoiled,"(163, 200, 211)"
photo_23.jpg,40,Goat 3,Spoiled,"(163, 200, 212)"
photo_24.jpg,42,Goat 3,Spoiled,"(163, 200, 212)"
photo_25.jpg,44,Goat 3,Spoiled,"(163, 200, 212)"
photo_26.jpg,46,Goat 3,Spoiled,"(163, 200, 212)"
photo_27.jpg,48,Goat 3,Spoiled,"(163, 200, 212)"
photo_28.jpg,50,Goat 3,Spoiled,"(163, 201, 212)"
photo_29.jpg,52,Goat 3,Spoiled,"(163, 200, 212)"
photo_30.jpg,54,Goat 3,Spoiled,"(164, 201, 213)"
photo_31.jpg,56,Goat 3,Spoiled,"(164, 201, 213)"
photo_32.jpg,58,Goat 3,Spoiled,"(164, 201, 213)"
photo_33.jpg,60,Goat 3,Spoiled,"(164, 201, 213)"
photo_34.jpg,62,Goat 3,Spoiled,"(164, 201, 214)"
photo_35.jpg,64,Goat 3,Spoiled,"(164, 202, 213)"
photo_36.jpg,66,Goat 3,Spoiled,"(164, 202, 214)"
photo_37.jpg,68,Goat 3,Spoiled,"(165, 202, 214)"
photo_38.jpg,70,Goat 3,Spoiled,"(164, 202, 214)"
photo_39.jpg,72,Goat 3,Spoiled,"(165, 202, 214)"
photo_40.jpg,74,Goat 3,Spoiled,"(165, 202, 214)"
photo_41.jpg,76,Goat 3,Spoiled,"(165, 203, 214)"
photo_42.jpg,78,Goat 3,Spoiled,"(165, 203, 215)"
photo_43.jpg,80,Goat 3,Spoiled,"(165, 203, 215)"
photo_44.jpg,82,Goat 3,Spoiled,"(166, 203, 215)"
photo_45.jpg,84,Goat 3,Spoiled,"(166, 203, 215)"
photo_46.jpg,86,Goat 3,Spoiled,"(166, 203, 215)"
photo_47.jpg,88,Goat 3,Spoiled,"(166, 203, 215)"
photo_48.jpg,90,Goat 3,Spoiled,"(166, 203, 215)"
photo_49.jpg,92,Goat 3,Spoiled,"(166, 203, 215)"
photo_50.jpg,94,Goat 3,Spoiled,"(167, 204, 216)"
photo_51.jpg,96,Goat 3,Spoiled,"(167, 204, 216)"
photo_52.jpg,98,Goat 3,Spoiled,"(167, 204, 216)"
photo_53.jpg,100,Goat 3,Spoiled,"(167, 204, 216)"
photo_54.jpg,102,Goat 3,Spoiled,"(168, 204, 216)"
photo_55.jpg,104,Goat 3,Spoiled,"(168, 204, 216)"
photo_56.jpg,106,Goat 3,Spoiled,"(167, 205, 217)"
photo_57.jpg,108,Goat 3,Spoiled,"(168, 205, 216)"
photo_58.jpg,110,Goat 3,Spoiled,"(168, 205, 217)"
photo_59.jpg,112,Goat 3,Spoiled,"(168, 205, 217)"
photo_60.jpg,114,Goat 3,Spoiled,"(168, 205, 217)"
photo_61.jpg,116,Goat 3,Spoiled,"(168, 206, 217)"
photo_62.jpg,118,Goat 3,Spoiled,"(168, 206, 217)"
photo_63.jpg,120,Goat 3,Spoiled,"(169, 206, 218)"
photo_64.jpg,122,Goat 3,Spoiled,"(169, 206, 218)"
photo_65.jpg,124,Goat 3,Spoiled,"(169, 206, 218)"
photo_66.jpg,126,Goat 3,Spoiled,"(169, 207, 218)"
photo_67.jpg,128,Goat 3,Spoiled,"(169, 207, 218)"
photo_68.jpg,130,Goat 3,Spoiled,"(170, 207, 218)"
photo_69.jpg,132,Goat 3,Spoiled,"(170, 207, 218)"
photo_70.jpg,134,Goat 3,Spoiled,"(170, 207, 219)"
photo_71.jpg,136,Goat 3,Spoiled,"(170, 207, 219)"
photo_72.jpg,138,Goat 3,Spoiled,"(170, 207, 219)"
photo_73.jpg,140,Goat 3,Spoiled,"(171, 208, 219)"
photo_74.jpg,142,Goat 3,Spoiled,"(171, 208, 219)"
photo_75.jpg,144,Goat 3,Spoiled,"(171, 208, 219)"
photo_76.jpg,146,Goat 3,Spoiled,"(171, 208, 219)"
photo_77.jpg,148,Goat 3,Spoiled,"(171, 208, 220)"
photo_78.jpg,150,Goat 3,Spoiled,"(171, 208, 220)"
photo_79.jpg,152,Goat 3,Spoiled,"(171, 209, 220)"
photo_80.jpg,154,Goat 3,Spoiled,"(172, 209, 220)"
photo_81.jpg,156,Goat 3,Spoiled,"(171, 209, 220)"
photo_82.jpg,158,Goat 3,Spoiled,"(172, 209, 220)"
photo_83.jpg,160,Goat 3,Spoiled,"(172, 209, 221)"
photo_84.jpg,162,Goat 3,Spoiled,"(172, 210, 221)"
photo_85.jpg,164,Goat 3,Spoiled,"(172, 210, 221)"
photo_86.jpg,166,Goat 3,Spoiled,"(173, 210, 221)"
photo_87.jpg,168,Goat 3,Spoiled,"(173, 210, 221)"
photo_88.jpg,170,Goat 3,Spoiled,"(173, 210, 221)"
photo_89.jpg,172,Goat 3,Spoiled,"(173, 211, 221)"
photo_90.jpg,174,Goat 3,Spoiled,"(173, 211, 221)"
photo_91.jpg,176,Goat 3,Spoiled,"(173, 211, 221)"
photo_92.jpg,178,Goat 3,Spoiled,"(174, 211, 222)"
photo_93.jpg,180,Goat 3,Spoiled,"(174, 211, 222)"
photo_94.jpg,182,Goat 3,Spoiled,"(174, 212, 222)"
photo_95.jpg,184,Goat 3,Spoiled,"(174, 212, 222)"
photo_96.jpg,186,Goat 3,Spoiled,"(174, 212, 222)"
photo_97.jpg,188,Goat 3,Spoiled,"(174, 212, 222)"
photo_98.jpg,190,Goat 3,Spoiled,"(174, 212, 222)"
photo_99.jpg,192,Goat 3,Spoiled,"(175, 212, 222)"
photo_100.jpg,194,Goat 3,Spoiled,"(175, 213, 222)"
photo_101.jpg,196,Goat 3,Spoiled,"(175, 213, 222)"
photo_102.jpg,198,Goat 3,Spoiled,"(175, 213, 223)"
photo_103.jpg,200,Goat 3,Spoiled,"(175, 213, 223)"
photo_104.jpg,202,Goat 3,Spoiled,"(175, 213, 223)"
photo_105.jpg,204,Goat 3,Spoiled,"(175, 213, 223)"
photo_106.jpg,206,Goat 3,Spoiled,"(175, 214, 223)"
photo_107.jpg,208,Goat 3,Spoiled,"(176, 214, 223)"
photo_108.jpg,210,Goat 3,Spoiled,"(176, 214, 223)"
photo_109.jpg,212,Goat 3,Spoiled,"(176, 214, 223)"
photo_110.jpg,214,Goat 3,Spoiled,"(176, 214, 223)"
photo_111.jpg,216,Goat 3,Spoiled,"(176, 214, 223)"
photo_112.jpg,218,Goat 3,Spoiled,"(176, 214, 224)"
photo_113.jpg,220,Goat 3,Spoiled,"(177, 214, 224)"
photo_114.jpg,222,Goat 3,Spoiled,"(177, 215, 224)"
photo_115.jpg,224,Goat 3,Spoiled,"(176, 215, 224)"
photo_116.jpg,226,Goat 3,Spoiled,"(176, 215, 224)"
photo_117.jpg,228,Goat 3,Spoiled,"(177, 215, 224)"
photo_118.jpg,230,Goat 3,Spoiled,"(177, 215, 224)"
photo_119.jpg,232,Goat 3,Spoiled,"(177, 215, 224)"
photo_120.jpg,234,Goat 3,Spoiled,"(177, 216, 224)"
photo_121.jpg,236,Goat 3,Spoiled,"(177, 216, 224)"
photo_122.jpg,238,Goat 3,Spoiled,"(177, 216, 224)"
photo_123.jpg,240,Goat 3,Spoiled,"(177, 216, 224)"
photo_124.jpg,242,Goat 3,Spoiled,"(177, 216, 224)"
photo_125.jpg,244,Goat 3,Spoiled,"(177, 216, 224)"
photo_126.jpg,246,Goat 3,Spoiled,"(177, 216, 224)"
photo_127.jpg,248,Goat 3,Spoiled,"(178, 216, 224)"
photo_128.jpg,250,Goat 3,Spoiled,"(178, 216, 225)"
photo_129.jpg,252,Goat 3,Spoiled,"(178, 216, 224)"
photo_130.jpg,254,Goat 3,Spoiled,"(178, 216, 225)"
photo_131.jpg,256,Goat 3,Spoiled,"(178, 216, 225)"
photo_132.jpg,258,Goat 3,Spoiled,"(178, 217, 225)"
photo_133.jpg,260,Goat 3,Spoiled,"(178, 217, 225)"
photo_134.jpg,262,Goat 3,Spoiled,"(178, 217, 225)"
photo_135.jpg,264,Goat 3,Spoiled,"(178, 217, 225)"
photo_136.jpg,266,Goat 3,Spoiled,"(178, 217, 225)"
photo_137.jpg,268,Goat 3,Spoiled,"(178, 217, 225)"
photo_138.jpg,270,Goat 3,Spoiled,"(178, 217, 225)"
photo_139.jpg,272,Goat 3,Spoiled,"(178, 217, 225)"
photo_140.jpg,274,Goat 3,Spoiled,"(178, 217, 225)"
photo_141.jpg,276,Goat 3,Spoiled,"(178, 217, 225)"
photo_142.jpg,278,Goat 3,Spoiled,"(178, 217, 225)"
photo_143.jpg,280,Goat 3,Spoiled,"(178, 217, 225)"
photo_144.jpg,282,Goat 3,Spoiled,"(178, 217, 225)"
photo_145.jpg,284,Goat 3,Spoiled,"(179, 217, 225)"
photo_146.jpg,286,Goat 3,Spoiled,"(179, 217, 225)"
photo_147.jpg,288,Goat 3,Spoiled,"(179, 217, 225)"
photo_148.jpg,290,Goat 3,Spoiled,"(178, 218, 225)"
photo_149.jpg,292,Goat 3,Spoiled,"(179, 217, 225)"
photo_150.jpg,294,Goat 3,Spoiled,"(179, 217, 225)"
photo_151.jpg,296,Goat 3,Spoiled,"(179, 217, 225)"
photo_152.jpg,298,Goat 3,Spoiled,"(179, 218, 225)"
photo_153.jpg,300,Goat 3,Spoiled,"(179, 217, 225)"
photo_154.jpg,302,Goat 3,Spoiled,"(179, 218, 225)"
photo_155.jpg,304,Goat 3,Spoiled,"(179, 218, 225)"
photo_156.jpg,306,Goat 3,Spoiled,"(179, 218, 225)"
photo_157.jpg,308,Goat 3,Spoiled,"(179, 218, 225)"
photo_158.jpg,310,Goat 3,Spoiled,"(178, 218, 225)"
photo_159.jpg,312,Goat 3,Spoiled,"(179, 218, 225)"
photo_160.jpg,314,Goat 3,Spoiled,"(179, 218, 225)"
photo_161.jpg,316,Goat 3,Spoiled,"(179, 218, 225)"
photo_162.jpg,318,Goat 3,Spoiled,"(179, 218, 225)"
photo_163.jpg,320,Goat 3,Spoiled,"(179, 218, 225)"
photo_164.jpg,322,Goat 3,Spoiled,"(179, 218, 225)"
photo_165.jpg,324,Goat 3,Spoiled,"(179, 218, 225)"
photo_166.jpg,326,Goat 3,Spoiled,"(179, 218, 225)"
photo_167.jpg,328,Goat 3,Spoiled,"(179, 218, 225)"
photo_168.jpg,330,Goat 3,Spoiled,"(179, 218, 225)"
photo_169.jpg,332,Goat 3,Spoiled,"(178, 218, 225)"
photo_170.jpg,334,Goat 3,Spoiled,"(178, 218, 225)"
photo_171.jpg,336,Goat 3,Spoiled,"(179, 218, 225)"
photo_172.jpg,338,Goat 3,Spoiled,"(178, 218, 225)"
photo_173.jpg,340,Goat 3,Spoiled,"(178, 218, 225)"
photo_174.jpg,342,Goat 3,Spoiled,"(178, 217, 225)"
photo_175.jpg,344,Goat 3,Spoiled,"(178, 217, 225)"
photo_176.jpg,346,Goat 3,Spoiled,"(178, 217, 225)"
photo_177.jpg,348,Goat 3,Spoiled,"(178, 217, 225)"
photo_178.jpg,350,Goat 3,Spoiled,"(178, 217, 224)"
photo_179.jpg,352,Goat 3,Spoiled,"(178, 217, 224)"
photo_180.jpg,354,Goat 3,Spoiled,"(178, 217, 224)"
photo_181.jpg,356,Goat 3,Spoiled,"(178, 217, 224)"
photo_182.jpg,358,Goat 3,Spoiled,"(177, 217, 224)"
photo_183.jpg,360,Goat 3,Spoiled,"(178, 217, 224)"
photo_184.jpg,362,Goat 3,Spoiled,"(177, 217, 224)"
photo_185.jpg,364,Goat 3,Spoiled,"(177, 217, 224)"
photo_186.jpg,366,Goat 3,Spoiled,"(177, 217, 224)"
photo_187.jpg,368,Goat 3,Spoiled,"(177, 217, 224)"
photo_188.jpg,370,Goat 3,Spoiled,"(177, 217, 224)"
photo_189.jpg,372,Goat 3,Spoiled,"(177, 216, 224)"
photo_190.jpg,374,Goat 3,Spoiled,"(177, 217, 224)"
photo_191.jpg,376,Goat 3,Spoiled,"(177, 216, 223)"
photo_192.jpg,378,Goat 3,Spoiled,"(177, 216, 223)"
photo_193.jpg,380,Goat 3,Spoiled,"(177, 216, 223)"
photo_194.jpg,382,Goat 3,Spoiled,"(177, 216, 223)"
photo_195.jpg,384,Goat 3,Spoiled,"(177, 216, 223)"
photo_196.jpg,386,Goat 3,Spoiled,"(177, 216, 223)"
photo_197.jpg,388,Goat 3,Spoiled,"(177, 216, 223)"
photo_198.jpg,390,Goat 3,Spoiled,"(177, 216, 223)"
photo_199.jpg,392,Goat 3,Spoiled,"(177, 216, 223)"
photo_200.jpg,394,Goat 3,Spoiled,"(176, 216, 223)"
photo_201.jpg,396,Goat 3,Spoiled,"(177, 216, 223)"
photo_202.jpg,398,Goat 3,Spoiled,"(177, 216, 223)"
photo_203.jpg,400,Goat 3,Spoiled,"(177, 216, 223)"
photo_204.jpg,402,Goat 3,Spoiled,"(176, 216, 223)"
photo_205.jpg,404,Goat 3,Spoiled,"(177, 216, 223)"
photo_206.jpg,406,Goat 3,Spoiled,"(176, 216, 222)"
photo_207.jpg,408,Goat 3,Spoiled,"(176, 216, 222)"
photo_208.jpg,410,Goat 3,Spoiled,"(176, 215, 222)"
photo_209.jpg,412,Goat 3,Spoiled,"(176, 215, 222)"
photo_210.jpg,414,Goat 3,Spoiled,"(177, 215, 222)"
photo_211.jpg,416,Goat 3,Spoiled,"(176, 215, 222)"
photo_212.jpg,418,Goat 3,Spoiled,"(176, 215, 222)"
photo_213.jpg,420,Goat 3,Spoiled,"(176, 215, 222)"
photo_214.jpg,422,Goat 3,Spoiled,"(176, 215, 221)"
photo_215.jpg,424,Goat 3,Spoiled,"(176, 215, 222)"
photo_216.jpg,426,Goat 3,Spoiled,"(176, 215, 222)"
photo_217.jpg,428,Goat 3,Spoiled,"(176, 215, 222)"
photo_218.jpg,430,Goat 3,Spoiled,"(176, 215, 222)"
photo_219.jpg,432,Goat 3,Spoiled,"(176, 215, 221)"
photo_220.jpg,434,Goat 3,Spoiled,"(176, 215, 221)"
photo_221.jpg,436,Goat 3,Spoiled,"(176, 215, 221)"
photo_222.jpg,438,Goat 3,Spoiled,"(176, 215, 221)"
photo_223.jpg,440,Goat 3,Spoiled,"(176, 215, 221)"
photo_224.jpg,442,Goat 3,Spoiled,"(176, 215, 221)"
photo_225.jpg,444,Goat 3,Spoiled,"(176, 215, 221)"
photo_226.jpg,446,Goat 3,Spoiled,"(176, 215, 221)"
photo_227.jpg,448,Goat 3,Spoiled,"(175, 214, 221)"
photo_228.jpg,450,Goat 3,Spoiled,"(176, 214, 221)"
photo_229.jpg,452,Goat 3,Spoiled,"(176, 214, 221)"
photo_230.jpg,454,Goat 3,Spoiled,"(176, 214, 220)"
photo_231.jpg,456,Goat 3,Spoiled,"(176, 214, 220)"
photo_232.jpg,458,Goat 3,Spoiled,"(176, 214, 220)"
photo_233.jpg,460,Goat 3,Spoiled,"(176, 214, 220)"
photo_234.jpg,462,Goat 3,Spoiled,"(176, 214, 220)"
photo_235.jpg,464,Goat 3,Spoiled,"(176, 214, 220)"
photo_236.jpg,466,Goat 3,Spoiled,"(176, 214, 220)"
photo_237.jpg,468,Goat 3,Spoiled,"(176, 214, 220)"
photo_238.jpg,470,Goat 3,Spoiled,"(176, 214, 220)"
photo_239.jpg,472,Goat 3,Spoiled,"(176, 214, 220)"
photo_3.jpg,2,Goat 3,Mildly Spoiled,"(167, 215, 239)"
photo_4.jpg,4,Goat 3,Mildly Spoiled,"(167, 216, 240)"
photo_5.jpg,6,Goat 3,Mildly Spoiled,"(167, 216, 240)"
photo_6.jpg,8,Goat 3,Mildly Spoiled,"(168, 216, 240)"
photo_7.jpg,10,Goat 3,Mildly Spoiled,"(168, 216, 239)"
photo_8.jpg,12,Goat 3,Mildly Spoiled,"(169, 216, 239)"
photo_9.jpg,14,Goat 3,Mildly Spoiled,"(169, 216, 238)"
photo_10.jpg,16,Goat 3,Mildly Spoiled,"(169, 216, 237)"
photo_11.jpg,18,Goat 3,Mildly Spoiled,"(170, 215, 237)"
photo_12.jpg,20,Goat 3,Mildly Spoiled,"(170, 215, 236)"
photo_13.jpg,22,Goat 3,Mildly Spoiled,"(170, 215, 236)"
photo_14.jpg,24,Goat 3,Mildly Spoiled,"(171, 215, 235)"
photo_15.jpg,26,Goat 3,Mildly Spoiled,"(171, 215, 235)"
photo_16.jpg,28,Goat 3,Mildly Spoiled,"(171, 215, 234)"
photo_17.jpg,30,Goat 3,Mildly Spoiled,"(171, 215, 234)"
photo_18.jpg,32,Goat 3,Mildly Spoiled,"(171, 215, 234)"
photo_19.jpg,34,Goat 3,Mildly Spoiled,"(171, 215, 233)"
photo_20.jpg,36,Goat 3,Mildly Spoiled,"(171, 215, 233)"
photo_21.jpg,38,Goat 3,Mildly Spoiled,"(172, 215, 233)"
photo_22.jpg,40,Goat 3,Mildly Spoiled,"(172, 215, 233)"
photo_23.jpg,42,Goat 3,Mildly Spoiled,"(172, 215, 232)"
photo_24.jpg,44,Goat 3,Mildly Spoiled,"(172, 215, 232)"
photo_25.jpg,46,Goat 3,Mildly Spoiled,"(172, 215, 231)"
photo_26.jpg,48,Goat 3,Mildly Spoiled,"(172, 214, 232)"
photo_27.jpg,50,Goat 3,Mildly Spoiled,"(173, 214, 232)"
photo_28.jpg,52,Goat 3,Mildly Spoiled,"(172, 214, 231)"
photo_29.jpg,54,Goat 3,Mildly Spoiled,"(172, 214, 231)"
photo_30.jpg,56,Goat 3,Mildly Spoiled,"(172, 214, 231)"
photo_31.jpg,58,Goat 3,Mildly Spoiled,"(173, 214, 231)"
photo_32.jpg,60,Goat 3,Mildly Spoiled,"(172, 214, 230)"
photo_33.jpg,62,Goat 3,Mildly Spoiled,"(173, 214, 230)"
photo_34.jpg,64,Goat 3,Mildly Spoiled,"(173, 214, 230)"
photo_35.jpg,66,Goat 3,Mildly Spoiled,"(173, 214, 230)"
photo_36.jpg,68,Goat 3,Mildly Spoiled,"(173, 214, 230)"
photo_37.jpg,70,Goat 3,Mildly Spoiled,"(173, 214, 230)"
photo_38.jpg,72,Goat 3,Mildly Spoiled,"(173, 214, 229)"
photo_39.jpg,74,Goat 3,Mildly Spoiled,"(173, 214, 230)"
photo_40.jpg,76,Goat 3,Mildly Spoiled,"(173, 214, 229)"
photo_41.jpg,78,Goat 3,Mildly Spoiled,"(173, 214, 229)"
photo_42.jpg,80,Goat 3,Mildly Spoiled,"(173, 214, 229)"
photo_43.jpg,82,Goat 3,Mildly Spoiled,"(173, 214, 229)"
photo_44.jpg,84,Goat 3,Mildly Spoiled,"(174, 214, 229)"
photo_45.jpg,86,Goat 3,Mildly Spoiled,"(173, 214, 229)"
photo_46.jpg,88,Goat 3,Mildly Spoiled,"(173, 214, 229)"
photo_47.jpg,90,Goat 3,Mildly Spoiled,"(173, 213, 229)"
photo_48.jpg,92,Goat 3,Mildly Spoiled,"(173, 214, 229)"
photo_49.jpg,94,Goat 3,Mildly Spoiled,"(173, 213, 229)"
photo_50.jpg,96,Goat 3,Mildly Spoiled,"(173, 213, 229)"
photo_51.jpg,98,Goat 3,Mildly Spoiled,"(173, 213, 229)"
photo_52.jpg,100,Goat 3,Mildly Spoiled,"(173, 213, 229)"
photo_53.jpg,102,Goat 3,Mildly Spoiled,"(174, 214, 229)"
photo_54.jpg,104,Goat 3,Mildly Spoiled,"(173, 214, 229)"
photo_55.jpg,106,Goat 3,Mildly Spoiled,"(174, 214, 229)"
photo_56.jpg,108,Goat 3,Mildly Spoiled,"(174, 214, 229)"
photo_57.jpg,110,Goat 3,Mildly Spoiled,"(173, 214, 229)"
photo_58.jpg,112,Goat 3,Mildly Spoiled,"(174, 214, 229)"
photo_59.jpg,114,Goat 3,Mildly Spoiled,"(173, 214, 229)"
photo_60.jpg,116,Goat 3,Mildly Spoiled,"(174, 213, 229)"
photo_61.jpg,118,Goat 3,Mildly Spoiled,"(174, 214, 229)"
photo_62.jpg,120,Goat 3,Mildly Spoiled,"(174, 213, 229)"
photo_63.jpg,122,Goat 3,Mildly Spoiled,"(174, 214, 229)"
photo_64.jpg,124,Goat 3,Mildly Spoiled,"(174, 213, 229)"
photo_65.jpg,126,Goat 3,Mildly Spoiled,"(174, 214, 229)"
photo_66.jpg,128,Goat 3,Mildly Spoiled,"(174, 213, 229)"
photo_67.jpg,130,Goat 3,Mildly Spoiled,"(174, 213, 229)"
photo_68.jpg,132,Goat 3,Mildly Spoiled,"(174, 214, 228)"
photo_69.jpg,134,Goat 3,Mildly Spoiled,"(174, 214, 228)"
photo_70.jpg,136,Goat 3,Mildly Spoiled,"(175, 213, 228)"
photo_71.jpg,138,Goat 3,Mildly Spoiled,"(174, 213, 228)"
photo_72.jpg,140,Goat 3,Mildly Spoiled,"(174, 214, 228)"
photo_73.jpg,142,Goat 3,Mildly Spoiled,"(174, 213, 228)"
photo_74.jpg,144,Goat 3,Mildly Spoiled,"(174, 214, 228)"
photo_75.jpg,146,Goat 3,Mildly Spoiled,"(174, 214, 228)"
photo_76.jpg,148,Goat 3,Mildly Spoiled,"(174, 213, 228)"
photo_77.jpg,150,Goat 3,Mildly Spoiled,"(174, 213, 228)"
photo_78.jpg,152,Goat 3,Mildly Spoiled,"(174, 214, 228)"
photo_79.jpg,154,Goat 3,Mildly Spoiled,"(175, 214, 228)"
photo_80.jpg,156,Goat 3,Mildly Spoiled,"(175, 214, 228)"
photo_81.jpg,158,Goat 3,Mildly Spoiled,"(175, 214, 228)"
photo_82.jpg,160,Goat 3,Mildly Spoiled,"(175, 214, 228)"
photo_83.jpg,162,Goat 3,Mildly Spoiled,"(175, 214, 228)"
photo_84.jpg,164,Goat 3,Mildly Spoiled,"(174, 214, 228)"
photo_85.jpg,166,Goat 3,Mildly Spoiled,"(174, 214, 228)"
photo_86.jpg,168,Goat 3,Mildly Spoiled,"(175, 214, 228)"
photo_87.jpg,170,Goat 3,Mildly Spoiled,"(175, 214, 228)"
photo_88.jpg,172,Goat 3,Mildly Spoiled,"(175, 214, 228)"
photo_89.jpg,174,Goat 3,Mildly Spoiled,"(175, 214, 228)"
photo_90.jpg,176,Goat 3,Mildly Spoiled,"(175, 214, 228)"
photo_91.jpg,178,Goat 3,Mildly Spoiled,"(175, 214, 228)"
photo_92.jpg,180,Goat 3,Mildly Spoiled,"(175, 214, 228)"
photo_93.jpg,182,Goat 3,Mildly Spoiled,"(176, 214, 227)"
photo_94.jpg,184,Goat 3,Mildly Spoiled,"(175, 214, 228)"
photo_95.jpg,186,Goat 3,Mildly Spoiled,"(175, 214, 228)"
photo_96.jpg,188,Goat 3,Mildly Spoiled,"(175, 214, 228)"
photo_97.jpg,190,Goat 3,Mildly Spoiled,"(176, 214, 228)"
photo_98.jpg,192,Goat 3,Mildly Spoiled,"(175, 214, 228)"
photo_99.jpg,194,Goat 3,Mildly Spoiled,"(176, 214, 228)"
photo_100.jpg,196,Goat 3,Mildly Spoiled,"(176, 214, 227)"
photo_101.jpg,198,Goat 3,Mildly Spoiled,"(176, 214, 228)"
photo_102.jpg,200,Goat 3,Mildly Spoiled,"(176, 214, 227)"
photo_103.jpg,202,Goat 3,Mildly Spoiled,"(176, 214, 228)"
photo_104.jpg,204,Goat 3,Mildly Spoiled,"(176, 214, 227)"
photo_105.jpg,206,Goat 3,Mildly Spoiled,"(176, 214, 227)"
photo_106.jpg,208,Goat 3,Mildly Spoiled,"(176, 214, 227)"
photo_107.jpg,210,Goat 3,Mildly Spoiled,"(176, 214, 227)"
photo_108.jpg,212,Goat 3,Mildly Spoiled,"(176, 214, 227)"
photo_109.jpg,214,Goat 3,Mildly Spoiled,"(176, 214, 227)"
photo_110.jpg,216,Goat 3,Mildly Spoiled,"(176, 214, 227)"
photo_111.jpg,218,Goat 3,Mildly Spoiled,"(176, 214, 227)"
photo_112.jpg,220,Goat 3,Mildly Spoiled,"(177, 214, 227)"
photo_113.jpg,222,Goat 3,Mildly Spoiled,"(177, 214, 227)"
photo_114.jpg,224,Goat 3,Mildly Spoiled,"(177, 214, 227)"
photo_115.jpg,226,Goat 3,Mildly Spoiled,"(177, 215, 227)"
photo_116.jpg,228,Goat 3,Mildly Spoiled,"(176, 215, 227)"
photo_117.jpg,230,Goat 3,Mildly Spoiled,"(177, 215, 227)"
photo_118.jpg,232,Goat 3,Mildly Spoiled,"(177, 215, 227)"
photo_119.jpg,234,Goat 3,Mildly Spoiled,"(177, 215, 227)"
photo_120.jpg,236,Goat 3,Mildly Spoiled,"(177, 215, 227)"
photo_121.jpg,238,Goat 3,Mildly Spoiled,"(177, 215, 227)"
photo_122.jpg,240,Goat 3,Mildly Spoiled,"(177, 215, 227)"
photo_123.jpg,242,Goat 3,Mildly Spoiled,"(178, 215, 227)"
photo_124.jpg,244,Goat 3,Mildly Spoiled,"(177, 215, 227)"
photo_125.jpg,246,Goat 3,Mildly Spoiled,"(178, 215, 227)"
photo_126.jpg,248,Goat 3,Mildly Spoiled,"(178, 215, 227)"
photo_127.jpg,250,Goat 3,Mildly Spoiled,"(178, 215, 227)"
photo_128.jpg,252,Goat 3,Mildly Spoiled,"(178, 215, 227)"
photo_129.jpg,254,Goat 3,Mildly Spoiled,"(178, 215, 227)"
photo_130.jpg,256,Goat 3,Mildly Spoiled,"(178, 216, 227)"
photo_131.jpg,258,Goat 3,Mildly Spoiled,"(178, 216, 227)"
photo_132.jpg,260,Goat 3,Mildly Spoiled,"(178, 216, 227)"
photo_133.jpg,262,Goat 3,Mildly Spoiled,"(178, 216, 227)"
photo_134.jpg,264,Goat 3,Mildly Spoiled,"(179, 216, 227)"
photo_135.jpg,266,Goat 3,Mildly Spoiled,"(179, 216, 227)"
photo_136.jpg,268,Goat 3,Mildly Spoiled,"(179, 216, 227)"
photo_137.jpg,270,Goat 3,Mildly Spoiled,"(180, 216, 227)"
photo_138.jpg,272,Goat 3,Mildly Spoiled,"(179, 216, 227)"
photo_139.jpg,274,Goat 3,Mildly Spoiled,"(180, 216, 227)"
photo_140.jpg,276,Goat 3,Mildly Spoiled,"(180, 217, 227)"
photo_141.jpg,278,Goat 3,Mildly Spoiled,"(180, 217, 227)"
photo_142.jpg,280,Goat 3,Mildly Spoiled,"(180, 217, 227)"
photo_143.jpg,282,Goat 3,Mildly Spoiled,"(181, 217, 227)"
photo_144.jpg,284,Goat 3,Mildly Spoiled,"(180, 217, 227)"
photo_145.jpg,286,Goat 3,Mildly Spoiled,"(181, 217, 227)"
photo_146.jpg,288,Goat 3,Mildly Spoiled,"(181, 217, 227)"
photo_147.jpg,290,Goat 3,Mildly Spoiled,"(181, 217, 227)"
photo_148.jpg,292,Goat 3,Mildly Spoiled,"(181, 217, 227)"
photo_149.jpg,294,Goat 3,Mildly Spoiled,"(181, 217, 227)"
photo_150.jpg,296,Goat 3,Mildly Spoiled,"(182, 217, 227)"
photo_151.jpg,298,Goat 3,Mildly Spoiled,"(182, 218, 227)"
photo_152.jpg,300,Goat 3,Mildly Spoiled,"(182, 218, 227)"
photo_153.jpg,302,Goat 3,Mildly Spoiled,"(182, 218, 227)"
photo_154.jpg,304,Goat 3,Mildly Spoiled,"(182, 218, 227)"
photo_155.jpg,306,Goat 3,Mildly Spoiled,"(183, 218, 227)"
photo_156.jpg,308,Goat 3,Mildly Spoiled,"(183, 218, 227)"
photo_157.jpg,310,Goat 3,Mildly Spoiled,"(183, 218, 227)"
photo_158.jpg,312,Goat 3,Mildly Spoiled,"(183, 219, 227)"
photo_159.jpg,314,Goat 3,Mildly Spoiled,"(183, 219, 227)"
photo_160.jpg,316,Goat 3,Mildly Spoiled,"(183, 219, 227)"
photo_161.jpg,318,Goat 3,Mildly Spoiled,"(183, 219, 227)"
photo_162.jpg,320,Goat 3,Mildly Spoiled,"(183, 219, 227)"
photo_163.jpg,322,Goat 3,Mildly Spoiled,"(184, 219, 227)"
photo_164.jpg,324,Goat 3,Mildly Spoiled,"(184, 220, 227)"
photo_165.jpg,326,Goat 3,Mildly Spoiled,"(184, 220, 227)"
photo_166.jpg,328,Goat 3,Mildly Spoiled,"(185, 220, 227)"
photo_167.jpg,330,Goat 3,Mildly Spoiled,"(184, 220, 226)"
photo_168.jpg,332,Goat 3,Mildly Spoiled,"(186, 220, 226)"
photo_169.jpg,334,Goat 3,Mildly Spoiled,"(186, 220, 227)"
photo_170.jpg,336,Goat 3,Mildly Spoiled,"(185, 221, 227)"
photo_171.jpg,338,Goat 3,Mildly Spoiled,"(186, 221, 226)"
photo_172.jpg,340,Goat 3,Mildly Spoiled,"(187, 221, 227)"
photo_173.jpg,342,Goat 3,Mildly Spoiled,"(186, 222, 226)"
photo_174.jpg,344,Goat 3,Mildly Spoiled,"(187, 222, 226)"
photo_175.jpg,346,Goat 3,Mildly Spoiled,"(187, 222, 227)"
photo_176.jpg,348,Goat 3,Mildly Spoiled,"(188, 222, 226)"
photo_177.jpg,350,Goat 3,Mildly Spoiled,"(188, 222, 227)"
photo_178.jpg,352,Goat 3,Mildly Spoiled,"(188, 223, 226)"
photo_179.jpg,354,Goat 3,Mildly Spoiled,"(188, 223, 227)"
photo_180.jpg,356,Goat 3,Mildly Spoiled,"(189, 223, 226)"
photo_181.jpg,358,Goat 3,Mildly Spoiled,"(189, 223, 226)"
photo_182.jpg,360,Goat 3,Mildly Spoiled,"(190, 223, 226)"
photo_183.jpg,362,Goat 3,Mildly Spoiled,"(190, 224, 226)"
photo_184.jpg,364,Goat 3,Mildly Spoiled,"(190, 224, 226)"
photo_185.jpg,366,Goat 3,Mildly Spoiled,"(190, 224, 226)"
photo_186.jpg,368,Goat 3,Mildly Spoiled,"(191, 225, 226)"
photo_187.jpg,370,Goat 3,Mildly Spoiled,"(191, 225, 226)"
photo_188.jpg,372,Goat 3,Mildly Spoiled,"(191, 225, 226)"
photo_189.jpg,374,Goat 3,Mildly Spoiled,"(192, 225, 226)"
photo_190.jpg,376,Goat 3,Mildly Spoiled,"(192, 225, 226)"
photo_191.jpg,378,Goat 3,Mildly Spoiled,"(193, 226, 226)"
photo_192.jpg,380,Goat 3,Mildly Spoiled,"(193, 226, 226)"
photo_193.jpg,382,Goat 3,Mildly Spoiled,"(193, 226, 226)"
photo_194.jpg,384,Goat 3,Mildly Spoiled,"(194, 227, 226)"
photo_195.jpg,386,Goat 3,Mildly Spoiled,"(194, 227, 226)"
photo_196.jpg,388,Goat 3,Mildly Spoiled,"(194, 227, 226)"
photo_197.jpg,390,Goat 3,Mildly Spoiled,"(195, 227, 226)"
photo_198.jpg,392,Goat 3,Mildly Spoiled,"(196, 228, 226)"
photo_199.jpg,394,Goat 3,Mildly Spoiled,"(196, 228, 226)"
photo_200.jpg,396,Goat 3,Mildly Spoiled,"(196, 228, 226)"
photo_201.jpg,398,Goat 3,Mildly Spoiled,"(197, 228, 225)"
photo_202.jpg,400,Goat 3,Mildly Spoiled,"(197, 228, 226)"
photo_203.jpg,402,Goat 3,Mildly Spoiled,"(197, 229, 225)"
photo_204.jpg,404,Goat 3,Mildly Spoiled,"(198, 229, 226)"
photo_205.jpg,406,Goat 3,Mildly Spoiled,"(198, 229, 225)"
photo_206.jpg,408,Goat 3,Mildly Spoiled,"(198, 229, 225)"
photo_207.jpg,410,Goat 3,Mildly Spoiled,"(199, 230, 225)"
photo_208.jpg,412,Goat 3,Mildly Spoiled,"(200, 230, 225)"
photo_209.jpg,414,Goat 3,Mildly Spoiled,"(200, 230, 225)"
photo_210.jpg,416,Goat 3,Mildly Spoiled,"(201, 231, 225)"
photo_211.jpg,418,Goat 3,Mildly Spoiled,"(201, 231, 225)"
photo_212.jpg,420,Goat 3,Mildly Spoiled,"(202, 231, 225)"
photo_213.jpg,422,Goat 3,Mildly Spoiled,"(203, 231, 225)"
photo_214.jpg,424,Goat 3,Mildly Spoiled,"(203, 232, 225)"
photo_215.jpg,426,Goat 3,Mildly Spoiled,"(204, 232, 225)"
photo_216.jpg,428,Goat 3,Mildly Spoiled,"(204, 232, 225)"
photo_217.jpg,430,Goat 3,Mildly Spoiled,"(204, 232, 225)"
photo_218.jpg,432,Goat 3,Mildly Spoiled,"(206, 233, 225)"
photo_219.jpg,434,Goat 3,Mildly Spoiled,"(206, 233, 224)"
photo_220.jpg,436,Goat 3,Mildly Spoiled,"(207, 233, 224)"
photo_221.jpg,438,Goat 3,Mildly Spoiled,"(207, 233, 225)"
photo_222.jpg,440,Goat 3,Mildly Spoiled,"(208, 233, 224)"
photo_223.jpg,442,Goat 3,Mildly Spoiled,"(209, 233, 224)"
photo_224.jpg,444,Goat 3,Mildly Spoiled,"(209, 234, 224)"
photo_225.jpg,446,Goat 3,Mildly Spoiled,"(210, 234, 224)"
photo_226.jpg,448,Goat 3,Mildly Spoiled,"(211, 234, 224)"
photo_227.jpg,450,Goat 3,Mildly Spoiled,"(211, 234, 224)"
photo_228.jpg,452,Goat 3,Mildly Spoiled,"(212, 234, 224)"
photo_229.jpg,454,Goat 3,Mildly Spoiled,"(213, 235, 224)"
photo_230.jpg,456,Goat 3,Mildly Spoiled,"(213, 235, 224)"
photo_231.jpg,458,Goat 3,Mildly Spoiled,"(214, 235, 223)"
photo_232.jpg,460,Goat 3,Mildly Spoiled,"(215, 235, 223)"
photo_233.jpg,462,Goat 3,Mildly Spoiled,"(210, 230, 221)"
photo_234.jpg,464,Goat 3,Mildly Spoiled,"(210, 230, 222)"
photo_235.jpg,466,Goat 3,Mildly Spoiled,"(210, 230, 222)"
photo_236.jpg,468,Goat 3,Mildly Spoiled,"(210, 230, 222)"
photo_237.jpg,470,Goat 3,Mildly Spoiled,"(211, 230, 222)"
photo_238.jpg,472,Goat 3,Mildly Spoiled,"(211, 230, 222)"
photo_239.jpg,474,Goat 3,Mildly Spoiled,"(212, 230, 222)"
photo_240.jpg,476,Goat 3,Mildly Spoiled,"(212, 230, 222)"
photo_241.jpg,478,Goat 3,Mildly Spoiled,"(212, 230, 222)"
photo_242.jpg,480,Goat 3,Mildly Spoiled,"(213, 230, 222)"
photo_3.jpg,2,Goat 3,Fresh,"(161, 210, 241)"
photo_4.jpg,4,Goat 3,Fresh,"(159, 208, 238)"
photo_5.jpg,6,Goat 3,Fresh,"(159, 209, 240)"
photo_6.jpg,8,Goat 3,Fresh,"(160, 210, 241)"
photo_7.jpg,10,Goat 3,Fresh,"(161, 210, 242)"
photo_8.jpg,12,Goat 3,Fresh,"(161, 210, 242)"
photo_9.jpg,14,Goat 3,Fresh,"(160, 210, 242)"
photo_10.jpg,16,Goat 3,Fresh,"(161, 210, 242)"
photo_11.jpg,18,Goat 3,Fresh,"(161, 210, 242)"
photo_12.jpg,20,Goat 3,Fresh,"(161, 210, 242)"
photo_13.jpg,22,Goat 3,Fresh,"(161, 210, 242)"
photo_14.jpg,24,Goat 3,Fresh,"(161, 210, 242)"
photo_15.jpg,26,Goat 3,Fresh,"(162, 210, 242)"
photo_16.jpg,28,Goat 3,Fresh,"(161, 210, 242)"
photo_17.jpg,30,Goat 3,Fresh,"(162, 210, 242)"
photo_18.jpg,32,Goat 3,Fresh,"(161, 210, 242)"
photo_19.jpg,34,Goat 3,Fresh,"(161, 210, 242)"
photo_20.jpg,36,Goat 3,Fresh,"(161, 210, 242)"
photo_21.jpg,38,Goat 3,Fresh,"(162, 210, 242)"
photo_22.jpg,40,Goat 3,Fresh,"(162, 210, 242)"
photo_23.jpg,42,Goat 3,Fresh,"(162, 210, 242)"
photo_24.jpg,44,Goat 3,Fresh,"(161, 210, 242)"
photo_25.jpg,46,Goat 3,Fresh,"(162, 210, 241)"
photo_26.jpg,48,Goat 3,Fresh,"(162, 210, 241)"
photo_27.jpg,50,Goat 3,Fresh,"(162, 210, 241)"
photo_28.jpg,52,Goat 3,Fresh,"(162, 210, 241)"
photo_29.jpg,54,Goat 3,Fresh,"(162, 210, 241)"
photo_30.jpg,56,Goat 3,Fresh,"(162, 210, 241)"
photo_31.jpg,58,Goat 3,Fresh,"(162, 210, 241)"
photo_32.jpg,60,Goat 3,Fresh,"(162, 210, 241)"
photo_33.jpg,62,Goat 3,Fresh,"(163, 210, 241)"
photo_34.jpg,64,Goat 3,Fresh,"(162, 210, 241)"
photo_35.jpg,66,Goat 3,Fresh,"(162, 210, 241)"
photo_36.jpg,68,Goat 3,Fresh,"(162, 210, 241)"
photo_37.jpg,70,Goat 3,Fresh,"(163, 210, 241)"
photo_38.jpg,72,Goat 3,Fresh,"(163, 210, 241)"
photo_39.jpg,74,Goat 3,Fresh,"(163, 210, 240)"
photo_40.jpg,76,Goat 3,Fresh,"(163, 210, 240)"
photo_41.jpg,78,Goat 3,Fresh,"(163, 210, 240)"
photo_42.jpg,80,Goat 3,Fresh,"(163, 210, 240)"
photo_43.jpg,82,Goat 3,Fresh,"(163, 210, 240)"
photo_44.jpg,84,Goat 3,Fresh,"(163, 210, 240)"
photo_45.jpg,86,Goat 3,Fresh,"(163, 210, 240)"
photo_46.jpg,88,Goat 3,Fresh,"(164, 210, 240)"
photo_47.jpg,90,Goat 3,Fresh,"(164, 210, 240)"
photo_48.jpg,92,Goat 3,Fresh,"(164, 210, 240)"
photo_49.jpg,94,Goat 3,Fresh,"(164, 210, 240)"
photo_50.jpg,96,Goat 3,Fresh,"(163, 210, 240)"
photo_51.jpg,98,Goat 3,Fresh,"(164, 210, 239)"
photo_52.jpg,100,Goat 3,Fresh,"(163, 210, 240)"
photo_53.jpg,102,Goat 3,Fresh,"(164, 210, 240)"
photo_54.jpg,104,Goat 3,Fresh,"(164, 210, 240)"
photo_55.jpg,106,Goat 3,Fresh,"(164, 210, 240)"
photo_56.jpg,108,Goat 3,Fresh,"(164, 210, 240)"
photo_57.jpg,110,Goat 3,Fresh,"(164, 210, 240)"
photo_58.jpg,112,Goat 3,Fresh,"(163, 210, 240)"
photo_59.jpg,114,Goat 3,Fresh,"(164, 210, 240)"
photo_60.jpg,116,Goat 3,Fresh,"(164, 210, 240)"
photo_61.jpg,118,Goat 3,Fresh,"(164, 210, 240)"
photo_62.jpg,120,Goat 3,Fresh,"(164, 210, 239)"
photo_63.jpg,122,Goat 3,Fresh,"(164, 210, 240)"
photo_64.jpg,124,Goat 3,Fresh,"(165, 210, 239)"
photo_65.jpg,126,Goat 3,Fresh,"(164, 210, 239)"
photo_66.jpg,128,Goat 3,Fresh,"(164, 210, 239)"
photo_67.jpg,130,Goat 3,Fresh,"(165, 210, 239)"
photo_68.jpg,132,Goat 3,Fresh,"(164, 210, 239)"
photo_69.jpg,134,Goat 3,Fresh,"(164, 210, 239)"
photo_70.jpg,136,Goat 3,Fresh,"(164, 210, 239)"
photo_71.jpg,138,Goat 3,Fresh,"(165, 210, 239)"
photo_72.jpg,140,Goat 3,Fresh,"(164, 210, 239)"
photo_73.jpg,142,Goat 3,Fresh,"(165, 209, 239)"
photo_74.jpg,144,Goat 3,Fresh,"(164, 210, 239)"
photo_75.jpg,146,Goat 3,Fresh,"(165, 210, 239)"
photo_76.jpg,148,Goat 3,Fresh,"(164, 210, 239)"
photo_77.jpg,150,Goat 3,Fresh,"(164, 210, 239)"
photo_78.jpg,152,Goat 3,Fresh,"(165, 210, 239)"
photo_79.jpg,154,Goat 3,Fresh,"(164, 210, 239)"
photo_80.jpg,156,Goat 3,Fresh,"(164, 210, 239)"
photo_81.jpg,158,Goat 3,Fresh,"(165, 210, 239)"
photo_82.jpg,160,Goat 3,Fresh,"(164, 210, 239)"
photo_83.jpg,162,Goat 3,Fresh,"(165, 209, 239)"
photo_84.jpg,164,Goat 3,Fresh,"(164, 210, 239)"
photo_85.jpg,166,Goat 3,Fresh,"(165, 209, 239)"
photo_86.jpg,168,Goat 3,Fresh,"(165, 209, 238)"
photo_87.jpg,170,Goat 3,Fresh,"(164, 210, 239)"
photo_88.jpg,172,Goat 3,Fresh,"(165, 210, 238)"
photo_89.jpg,174,Goat 3,Fresh,"(165, 210, 238)"
photo_90.jpg,176,Goat 3,Fresh,"(165, 209, 238)"
photo_91.jpg,178,Goat 3,Fresh,"(165, 209, 239)"
photo_92.jpg,180,Goat 3,Fresh,"(165, 209, 238)"
photo_93.jpg,182,Goat 3,Fresh,"(165, 209, 238)"
photo_94.jpg,184,Goat 3,Fresh,"(165, 209, 238)"
photo_95.jpg,186,Goat 3,Fresh,"(165, 209, 238)"
photo_96.jpg,188,Goat 3,Fresh,"(165, 209, 238)"
photo_97.jpg,190,Goat 3,Fresh,"(166, 209, 238)"
photo_98.jpg,192,Goat 3,Fresh,"(165, 209, 238)"
photo_99.jpg,194,Goat 3,Fresh,"(166, 209, 238)"
photo_100.jpg,196,Goat 3,Fresh,"(165, 210, 238)"
photo_101.jpg,198,Goat 3,Fresh,"(165, 209, 238)"
photo_102.jpg,200,Goat 3,Fresh,"(165, 210, 238)"
photo_103.jpg,202,Goat 3,Fresh,"(166, 209, 238)"
photo_104.jpg,204,Goat 3,Fresh,"(166, 209, 238)"
photo_105.jpg,206,Goat 3,Fresh,"(165, 209, 238)"
photo_106.jpg,208,Goat 3,Fresh,"(165, 209, 238)"
photo_107.jpg,210,Goat 3,Fresh,"(165, 209, 238)"
photo_108.jpg,212,Goat 3,Fresh,"(166, 209, 238)"
photo_109.jpg,214,Goat 3,Fresh,"(165, 209, 238)"
photo_110.jpg,216,Goat 3,Fresh,"(166, 209, 238)"
photo_111.jpg,218,Goat 3,Fresh,"(166, 209, 238)"
photo_112.jpg,220,Goat 3,Fresh,"(166, 209, 238)"
photo_113.jpg,222,Goat 3,Fresh,"(165, 210, 238)"
photo_114.jpg,224,Goat 3,Fresh,"(166, 210, 238)"
photo_115.jpg,226,Goat 3,Fresh,"(166, 210, 238)"
photo_116.jpg,228,Goat 3,Fresh,"(166, 210, 238)"
photo_117.jpg,230,Goat 3,Fresh,"(166, 209, 238)"
photo_118.jpg,232,Goat 3,Fresh,"(166, 210, 238)"
photo_119.jpg,234,Goat 3,Fresh,"(165, 209, 238)"
photo_120.jpg,236,Goat 3,Fresh,"(166, 210, 238)"
photo_121.jpg,238,Goat 3,Fresh,"(166, 210, 237)"
photo_122.jpg,240,Goat 3,Fresh,"(166, 210, 238)"
photo_123.jpg,242,Goat 3,Fresh,"(166, 210, 238)"
photo_124.jpg,244,Goat 3,Fresh,"(166, 210, 238)"
photo_125.jpg,246,Goat 3,Fresh,"(166, 210, 238)"
photo_126.jpg,248,Goat 3,Fresh,"(167, 210, 238)"
photo_127.jpg,250,Goat 3,Fresh,"(167, 210, 238)"
photo_128.jpg,252,Goat 3,Fresh,"(167, 210, 238)"
photo_129.jpg,254,Goat 3,Fresh,"(166, 210, 238)"
photo_130.jpg,256,Goat 3,Fresh,"(166, 210, 238)"
photo_131.jpg,258,Goat 3,Fresh,"(167, 210, 238)"
photo_132.jpg,260,Goat 3,Fresh,"(167, 210, 238)"
photo_133.jpg,262,Goat 3,Fresh,"(167, 210, 238)"
photo_134.jpg,264,Goat 3,Fresh,"(167, 210, 238)"
photo_135.jpg,266,Goat 3,Fresh,"(168, 210, 238)"
photo_136.jpg,268,Goat 3,Fresh,"(167, 210, 238)"
photo_137.jpg,270,Goat 3,Fresh,"(168, 210, 238)"
photo_138.jpg,272,Goat 3,Fresh,"(167, 211, 238)"
photo_139.jpg,274,Goat 3,Fresh,"(168, 211, 238)"
photo_140.jpg,276,Goat 3,Fresh,"(168, 211, 238)"
photo_141.jpg,278,Goat 3,Fresh,"(168, 211, 238)"
photo_142.jpg,280,Goat 3,Fresh,"(169, 211, 238)"
photo_143.jpg,282,Goat 3,Fresh,"(169, 211, 238)"
photo_144.jpg,284,Goat 3,Fresh,"(169, 211, 238)"
photo_145.jpg,286,Goat 3,Fresh,"(169, 212, 238)"
photo_146.jpg,288,Goat 3,Fresh,"(169, 211, 238)"
photo_147.jpg,290,Goat 3,Fresh,"(170, 211, 238)"
photo_148.jpg,292,Goat 3,Fresh,"(169, 212, 238)"
photo_149.jpg,294,Goat 3,Fresh,"(169, 212, 238)"
photo_150.jpg,296,Goat 3,Fresh,"(170, 212, 238)"
photo_151.jpg,298,Goat 3,Fresh,"(170, 212, 238)"
photo_152.jpg,300,Goat 3,Fresh,"(170, 212, 238)"
photo_153.jpg,302,Goat 3,Fresh,"(170, 212, 238)"
photo_154.jpg,304,Goat 3,Fresh,"(170, 212, 238)"
photo_155.jpg,306,Goat 3,Fresh,"(170, 212, 238)"
photo_156.jpg,308,Goat 3,Fresh,"(170, 213, 238)"
photo_157.jpg,310,Goat 3,Fresh,"(171, 213, 238)"
photo_158.jpg,312,Goat 3,Fresh,"(171, 213, 238)"
photo_159.jpg,314,Goat 3,Fresh,"(171, 213, 238)"
photo_160.jpg,316,Goat 3,Fresh,"(171, 213, 238)"
photo_161.jpg,318,Goat 3,Fresh,"(171, 213, 238)"
photo_162.jpg,320,Goat 3,Fresh,"(172, 213, 238)"
photo_163.jpg,322,Goat 3,Fresh,"(172, 213, 238)"
photo_164.jpg,324,Goat 3,Fresh,"(172, 214, 238)"
photo_165.jpg,326,Goat 3,Fresh,"(173, 214, 238)"
photo_166.jpg,328,Goat 3,Fresh,"(172, 214, 238)"
photo_167.jpg,330,Goat 3,Fresh,"(172, 214, 238)"
photo_168.jpg,332,Goat 3,Fresh,"(173, 214, 238)"
photo_169.jpg,334,Goat 3,Fresh,"(173, 214, 238)"
photo_170.jpg,336,Goat 3,Fresh,"(173, 215, 238)"
photo_171.jpg,338,Goat 3,Fresh,"(173, 215, 238)"
photo_172.jpg,340,Goat 3,Fresh,"(173, 215, 238)"
photo_173.jpg,342,Goat 3,Fresh,"(174, 215, 238)"
photo_174.jpg,344,Goat 3,Fresh,"(174, 215, 238)"
photo_175.jpg,346,Goat 3,Fresh,"(174, 215, 238)"
photo_176.jpg,348,Goat 3,Fresh,"(175, 215, 238)"
photo_177.jpg,350,Goat 3,Fresh,"(175, 216, 238)"
photo_178.jpg,352,Goat 3,Fresh,"(175, 216, 238)"
photo_179.jpg,354,Goat 3,Fresh,"(175, 216, 238)"
photo_180.jpg,356,Goat 3,Fresh,"(175, 216, 238)"
photo_181.jpg,358,Goat 3,Fresh,"(176, 216, 238)"
photo_182.jpg,360,Goat 3,Fresh,"(176, 217, 238)"
photo_183.jpg,362,Goat 3,Fresh,"(176, 217, 238)"
photo_184.jpg,364,Goat 3,Fresh,"(177, 217, 238)"
photo_185.jpg,366,Goat 3,Fresh,"(177, 217, 238)"
photo_186.jpg,368,Goat 3,Fresh,"(177, 218, 238)"
photo_187.jpg,370,Goat 3,Fresh,"(177, 218, 238)"
photo_188.jpg,372,Goat 3,Fresh,"(177, 218, 238)"
photo_189.jpg,374,Goat 3,Fresh,"(178, 218, 238)"
photo_190.jpg,376,Goat 3,Fresh,"(178, 218, 238)"
photo_191.jpg,378,Goat 3,Fresh,"(178, 219, 238)"
photo_192.jpg,380,Goat 3,Fresh,"(179, 219, 238)"
photo_193.jpg,382,Goat 3,Fresh,"(179, 219, 238)"
photo_194.jpg,384,Goat 3,Fresh,"(180, 220, 238)"
photo_195.jpg,386,Goat 3,Fresh,"(180, 220, 238)"
photo_196.jpg,388,Goat 3,Fresh,"(180, 220, 238)"
photo_197.jpg,390,Goat 3,Fresh,"(180, 221, 238)"
photo_198.jpg,392,Goat 3,Fresh,"(181, 221, 238)"
photo_199.jpg,394,Goat 3,Fresh,"(181, 221, 238)"
photo_200.jpg,396,Goat 3,Fresh,"(181, 222, 238)"
photo_201.jpg,398,Goat 3,Fresh,"(182, 222, 238)"
photo_202.jpg,400,Goat 3,Fresh,"(182, 222, 238)"
photo_203.jpg,402,Goat 3,Fresh,"(183, 222, 238)"
photo_204.jpg,404,Goat 3,Fresh,"(183, 223, 238)"
photo_205.jpg,406,Goat 3,Fresh,"(183, 223, 238)"
photo_206.jpg,408,Goat 3,Fresh,"(184, 223, 238)"
photo_207.jpg,410,Goat 3,Fresh,"(185, 223, 238)"
photo_208.jpg,412,Goat 3,Fresh,"(185, 224, 238)"
photo_209.jpg,414,Goat 3,Fresh,"(185, 224, 238)"
photo_210.jpg,416,Goat 3,Fresh,"(185, 225, 238)"
photo_211.jpg,418,Goat 3,Fresh,"(186, 225, 238)"
photo_212.jpg,420,Goat 3,Fresh,"(187, 225, 238)"
photo_213.jpg,422,Goat 3,Fresh,"(187, 225, 238)"
photo_214.jpg,424,Goat 3,Fresh,"(187, 226, 238)"
photo_215.jpg,426,Goat 3,Fresh,"(188, 226, 238)"
photo_216.jpg,428,Goat 3,Fresh,"(188, 226, 238)"
photo_217.jpg,430,Goat 3,Fresh,"(189, 227, 238)"
photo_218.jpg,432,Goat 3,Fresh,"(189, 227, 238)"
photo_219.jpg,434,Goat 3,Fresh,"(190, 227, 238)"
photo_220.jpg,436,Goat 3,Fresh,"(190, 227, 238)"
photo_221.jpg,438,Goat 3,Fresh,"(190, 228, 238)"
photo_222.jpg,440,Goat 3,Fresh,"(191, 228, 238)"
photo_223.jpg,442,Goat 3,Fresh,"(192, 229, 238)"
photo_224.jpg,444,Goat 3,Fresh,"(192, 229, 238)"
photo_225.jpg,446,Goat 3,Fresh,"(193, 229, 238)"
photo_226.jpg,448,Goat 3,Fresh,"(193, 230, 238)"
photo_227.jpg,450,Goat 3,Fresh,"(194, 230, 238)"
photo_228.jpg,452,Goat 3,Fresh,"(195, 230, 238)"
photo_229.jpg,454,Goat 3,Fresh,"(195, 231, 238)"
photo_230.jpg,456,Goat 3,Fresh,"(195, 231, 238)"
photo_231.jpg,458,Goat 3,Fresh,"(196, 231, 238)"
photo_232.jpg,460,Goat 3,Fresh,"(197, 232, 238)"
photo_233.jpg,462,Goat 3,Fresh,"(195, 230, 236)"
photo_234.jpg,464,Goat 3,Fresh,"(195, 230, 237)"
photo_235.jpg,466,Goat 3,Fresh,"(195, 230, 237)"
photo_236.jpg,468,Goat 3,Fresh,"(196, 230, 237)"
photo_237.jpg,470,Goat 3,Fresh,"(196, 230, 237)"
photo_238.jpg,472,Goat 3,Fresh,"(196, 231, 237)"
photo_239.jpg,474,Goat 3,Fresh,"(196, 231, 237)"
photo_240.jpg,476,Goat 3,Fresh,"(197, 231, 237)"
photo_241.jpg,478,Goat 3,Fresh,"(198, 231, 237)"
photo_242.jpg,480,Goat 3,Fresh,"(198, 232, 237)"
photo_3.jpg,2,Goat 3,Fresh,"(157, 210, 238)"
photo_4.jpg,4,Goat 3,Fresh,"(156, 208, 237)"
photo_5.jpg,6,Goat 3,Fresh,"(156, 208, 237)"
photo_6.jpg,8,Goat 3,Fresh,"(155, 208, 236)"
photo_7.jpg,10,Goat 3,Fresh,"(155, 208, 236)"
photo_8.jpg,12,Goat 3,Fresh,"(155, 208, 236)"
photo_9.jpg,14,Goat 3,Fresh,"(155, 208, 236)"
photo_10.jpg,16,Goat 3,Fresh,"(155, 208, 236)"
photo_11.jpg,18,Goat 3,Fresh,"(156, 208, 236)"
photo_12.jpg,20,Goat 3,Fresh,"(156, 208, 236)"
photo_13.jpg,22,Goat 3,Fresh,"(155, 208, 236)"
photo_14.jpg,24,Goat 3,Fresh,"(156, 209, 236)"
photo_15.jpg,26,Goat 3,Fresh,"(156, 209, 236)"
photo_16.jpg,28,Goat 3,Fresh,"(156, 209, 236)"
photo_17.jpg,30,Goat 3,Fresh,"(157, 208, 236)"
photo_18.jpg,32,Goat 3,Fresh,"(157, 209, 236)"
photo_19.jpg,34,Goat 3,Fresh,"(157, 209, 236)"
photo_20.jpg,36,Goat 3,Fresh,"(157, 209, 236)"
photo_21.jpg,38,Goat 3,Fresh,"(157, 209, 236)"
photo_22.jpg,40,Goat 3,Fresh,"(157, 209, 236)"
photo_23.jpg,42,Goat 3,Fresh,"(157, 209, 235)"
photo_24.jpg,44,Goat 3,Fresh,"(158, 209, 236)"
photo_25.jpg,46,Goat 3,Fresh,"(158, 209, 235)"
photo_26.jpg,48,Goat 3,Fresh,"(157, 209, 236)"
photo_27.jpg,50,Goat 3,Fresh,"(158, 209, 235)"
photo_28.jpg,52,Goat 3,Fresh,"(158, 209, 235)"
photo_29.jpg,54,Goat 3,Fresh,"(158, 209, 235)"
photo_30.jpg,56,Goat 3,Fresh,"(159, 209, 235)"
photo_31.jpg,58,Goat 3,Fresh,"(158, 209, 235)"
photo_32.jpg,60,Goat 3,Fresh,"(159, 209, 235)"
photo_33.jpg,62,Goat 3,Fresh,"(160, 209, 235)"
photo_34.jpg,64,Goat 3,Fresh,"(159, 209, 235)"
photo_35.jpg,66,Goat 3,Fresh,"(160, 209, 234)"
photo_36.jpg,68,Goat 3,Fresh,"(159, 209, 235)"
photo_37.jpg,70,Goat 3,Fresh,"(159, 209, 234)"
photo_38.jpg,72,Goat 3,Fresh,"(160, 209, 234)"
photo_39.jpg,74,Goat 3,Fresh,"(160, 209, 235)"
photo_40.jpg,76,Goat 3,Fresh,"(159, 209, 234)"
photo_41.jpg,78,Goat 3,Fresh,"(160, 209, 234)"
photo_42.jpg,80,Goat 3,Fresh,"(160, 209, 234)"
photo_43.jpg,82,Goat 3,Fresh,"(161, 209, 234)"
photo_44.jpg,84,Goat 3,Fresh,"(160, 209, 234)"
photo_45.jpg,86,Goat 3,Fresh,"(160, 209, 234)"
photo_46.jpg,88,Goat 3,Fresh,"(160, 209, 234)"
photo_47.jpg,90,Goat 3,Fresh,"(160, 209, 234)"
photo_48.jpg,92,Goat 3,Fresh,"(161, 209, 234)"
photo_49.jpg,94,Goat 3,Fresh,"(161, 209, 234)"
photo_50.jpg,96,Goat 3,Fresh,"(161, 209, 234)"
photo_51.jpg,98,Goat 3,Fresh,"(161, 209, 234)"
photo_52.jpg,100,Goat 3,Fresh,"(161, 209, 233)"
photo_53.jpg,102,Goat 3,Fresh,"(161, 210, 234)"
photo_54.jpg,104,Goat 3,Fresh,"(161, 209, 234)"
photo_55.jpg,106,Goat 3,Fresh,"(161, 210, 234)"
photo_56.jpg,108,Goat 3,Fresh,"(161, 210, 234)"
photo_57.jpg,110,Goat 3,Fresh,"(161, 210, 234)"
photo_58.jpg,112,Goat 3,Fresh,"(161, 210, 234)"
photo_59.jpg,114,Goat 3,Fresh,"(161, 210, 234)"
photo_60.jpg,116,Goat 3,Fresh,"(161, 210, 234)"
photo_61.jpg,118,Goat 3,Fresh,"(162, 210, 234)"
photo_62.jpg,120,Goat 3,Fresh,"(162, 210, 234)"
photo_63.jpg,122,Goat 3,Fresh,"(162, 210, 234)"
photo_64.jpg,124,Goat 3,Fresh,"(162, 210, 234)"
photo_65.jpg,126,Goat 3,Fresh,"(161, 210, 234)"
photo_66.jpg,128,Goat 3,Fresh,"(162, 210, 234)"
photo_67.jpg,130,Goat 3,Fresh,"(161, 210, 234)"
photo_68.jpg,132,Goat 3,Fresh,"(161, 210, 234)"
photo_69.jpg,134,Goat 3,Fresh,"(162, 209, 234)"
photo_70.jpg,136,Goat 3,Fresh,"(162, 210, 234)"
photo_71.jpg,138,Goat 3,Fresh,"(162, 210, 234)"
photo_72.jpg,140,Goat 3,Fresh,"(162, 210, 234)"
photo_73.jpg,142,Goat 3,Fresh,"(162, 210, 234)"
photo_74.jpg,144,Goat 3,Fresh,"(162, 210, 234)"
photo_75.jpg,146,Goat 3,Fresh,"(162, 210, 234)"
photo_76.jpg,148,Goat 3,Fresh,"(162, 210, 234)"
photo_77.jpg,150,Goat 3,Fresh,"(162, 210, 234)"
photo_78.jpg,152,Goat 3,Fresh,"(163, 210, 234)"
photo_79.jpg,154,Goat 3,Fresh,"(162, 210, 234)"
photo_80.jpg,156,Goat 3,Fresh,"(163, 209, 234)"
photo_81.jpg,158,Goat 3,Fresh,"(163, 210, 234)"
photo_82.jpg,160,Goat 3,Fresh,"(162, 210, 233)"
photo_83.jpg,162,Goat 3,Fresh,"(162, 210, 233)"
photo_84.jpg,164,Goat 3,Fresh,"(162, 210, 233)"
photo_85.jpg,166,Goat 3,Fresh,"(163, 209, 233)"
photo_86.jpg,168,Goat 3,Fresh,"(162, 210, 233)"
photo_87.jpg,170,Goat 3,Fresh,"(163, 210, 233)"
photo_88.jpg,172,Goat 3,Fresh,"(163, 210, 233)"
photo_89.jpg,174,Goat 3,Fresh,"(163, 210, 233)"
photo_90.jpg,176,Goat 3,Fresh,"(163, 210, 233)"
photo_91.jpg,178,Goat 3,Fresh,"(163, 210, 233)"
photo_92.jpg,180,Goat 3,Fresh,"(163, 210, 233)"
photo_93.jpg,182,Goat 3,Fresh,"(163, 210, 233)"
photo_94.jpg,184,Goat 3,Fresh,"(163, 210, 233)"
photo_95.jpg,186,Goat 3,Fresh,"(162, 210, 233)"
photo_96.jpg,188,Goat 3,Fresh,"(163, 210, 233)"
photo_97.jpg,190,Goat 3,Fresh,"(163, 210, 233)"
photo_98.jpg,192,Goat 3,Fresh,"(163, 210, 233)"
photo_99.jpg,194,Goat 3,Fresh,"(163, 210, 233)"
photo_100.jpg,196,Goat 3,Fresh,"(164, 209, 233)"
photo_101.jpg,198,Goat 3,Fresh,"(163, 210, 233)"
photo_102.jpg,200,Goat 3,Fresh,"(163, 210, 233)"
photo_103.jpg,202,Goat 3,Fresh,"(163, 210, 233)"
photo_104.jpg,204,Goat 3,Fresh,"(164, 210, 233)"
photo_105.jpg,206,Goat 3,Fresh,"(164, 210, 233)"
photo_106.jpg,208,Goat 3,Fresh,"(164, 210, 233)"
photo_107.jpg,210,Goat 3,Fresh,"(164, 209, 233)"
photo_108.jpg,212,Goat 3,Fresh,"(164, 210, 233)"
photo_109.jpg,214,Goat 3,Fresh,"(164, 210, 233)"
photo_110.jpg,216,Goat 3,Fresh,"(164, 210, 233)"
photo_111.jpg,218,Goat 3,Fresh,"(164, 209, 233)"
photo_112.jpg,220,Goat 3,Fresh,"(164, 210, 233)"
photo_113.jpg,222,Goat 3,Fresh,"(164, 210, 233)"
photo_114.jpg,224,Goat 3,Fresh,"(164, 210, 233)"
photo_115.jpg,226,Goat 3,Fresh,"(164, 210, 233)"
photo_116.jpg,228,Goat 3,Fresh,"(163, 210, 233)"
photo_117.jpg,230,Goat 3,Fresh,"(164, 210, 232)"
photo_118.jpg,232,Goat 3,Fresh,"(164, 210, 233)"
photo_119.jpg,234,Goat 3,Fresh,"(164, 210, 233)"
photo_120.jpg,236,Goat 3,Fresh,"(164, 210, 232)"
photo_121.jpg,238,Goat 3,Fresh,"(163, 210, 232)"
photo_122.jpg,240,Goat 3,Fresh,"(164, 210, 232)"
photo_123.jpg,242,Goat 3,Fresh,"(164, 210, 232)"
photo_124.jpg,244,Goat 3,Fresh,"(164, 210, 232)"
photo_125.jpg,246,Goat 3,Fresh,"(164, 210, 232)"
photo_126.jpg,248,Goat 3,Fresh,"(164, 210, 233)"
photo_127.jpg,250,Goat 3,Fresh,"(164, 210, 232)"
photo_128.jpg,252,Goat 3,Fresh,"(164, 210, 232)"
photo_129.jpg,254,Goat 3,Fresh,"(164, 210, 232)"
photo_130.jpg,256,Goat 3,Fresh,"(164, 210, 232)"
photo_131.jpg,258,Goat 3,Fresh,"(164, 210, 232)"
photo_132.jpg,260,Goat 3,Fresh,"(165, 210, 232)"
photo_133.jpg,262,Goat 3,Fresh,"(164, 210, 232)"
photo_134.jpg,264,Goat 3,Fresh,"(165, 210, 232)"
photo_135.jpg,266,Goat 3,Fresh,"(165, 210, 232)"
photo_136.jpg,268,Goat 3,Fresh,"(165, 210, 232)"
photo_137.jpg,270,Goat 3,Fresh,"(165, 210, 232)"
photo_138.jpg,272,Goat 3,Fresh,"(165, 210, 232)"
photo_139.jpg,274,Goat 3,Fresh,"(165, 210, 232)"
photo_140.jpg,276,Goat 3,Fresh,"(165, 210, 232)"
photo_141.jpg,278,Goat 3,Fresh,"(166, 210, 232)"
photo_142.jpg,280,Goat 3,Fresh,"(165, 210, 232)"
photo_143.jpg,282,Goat 3,Fresh,"(165, 210, 232)"
photo_144.jpg,284,Goat 3,Fresh,"(166, 210, 232)"
photo_145.jpg,286,Goat 3,Fresh,"(166, 211, 232)"
photo_146.jpg,288,Goat 3,Fresh,"(166, 211, 232)"
photo_147.jpg,290,Goat 3,Fresh,"(167, 211, 232)"
photo_148.jpg,292,Goat 3,Fresh,"(167, 211, 232)"
photo_149.jpg,294,Goat 3,Fresh,"(167, 211, 232)"
photo_150.jpg,296,Goat 3,Fresh,"(168, 211, 232)"
photo_151.jpg,298,Goat 3,Fresh,"(167, 211, 232)"
photo_152.jpg,300,Goat 3,Fresh,"(168, 211, 232)"
photo_153.jpg,302,Goat 3,Fresh,"(168, 212, 232)"
photo_154.jpg,304,Goat 3,Fresh,"(168, 212, 232)"
photo_155.jpg,306,Goat 3,Fresh,"(168, 212, 232)"
photo_156.jpg,308,Goat 3,Fresh,"(169, 212, 232)"
photo_157.jpg,310,Goat 3,Fresh,"(169, 212, 232)"
photo_158.jpg,312,Goat 3,Fresh,"(169, 212, 232)"
photo_159.jpg,314,Goat 3,Fresh,"(170, 213, 232)"
photo_160.jpg,316,Goat 3,Fresh,"(170, 213, 231)"
photo_161.jpg,318,Goat 3,Fresh,"(170, 213, 232)"
photo_162.jpg,320,Goat 3,Fresh,"(171, 213, 232)"
photo_163.jpg,322,Goat 3,Fresh,"(171, 213, 232)"
photo_164.jpg,324,Goat 3,Fresh,"(171, 213, 232)"
photo_165.jpg,326,Goat 3,Fresh,"(171, 214, 232)"
photo_166.jpg,328,Goat 3,Fresh,"(172, 214, 231)"
photo_167.jpg,330,Goat 3,Fresh,"(172, 214, 231)"
photo_168.jpg,332,Goat 3,Fresh,"(173, 214, 231)"
photo_169.jpg,334,Goat 3,Fresh,"(173, 214, 231)"
photo_170.jpg,336,Goat 3,Fresh,"(173, 214, 231)"
photo_171.jpg,338,Goat 3,Fresh,"(173, 214, 232)"
photo_172.jpg,340,Goat 3,Fresh,"(174, 215, 231)"
photo_173.jpg,342,Goat 3,Fresh,"(174, 215, 231)"
photo_174.jpg,344,Goat 3,Fresh,"(174, 215, 231)"
photo_175.jpg,346,Goat 3,Fresh,"(175, 215, 231)"
photo_176.jpg,348,Goat 3,Fresh,"(175, 215, 231)"
photo_177.jpg,350,Goat 3,Fresh,"(175, 216, 231)"
photo_178.jpg,352,Goat 3,Fresh,"(176, 215, 231)"
photo_179.jpg,354,Goat 3,Fresh,"(176, 216, 231)"
photo_180.jpg,356,Goat 3,Fresh,"(176, 216, 231)"
photo_181.jpg,358,Goat 3,Fresh,"(177, 216, 231)"
photo_182.jpg,360,Goat 3,Fresh,"(177, 216, 231)"
photo_183.jpg,362,Goat 3,Fresh,"(177, 216, 231)"
photo_184.jpg,364,Goat 3,Fresh,"(177, 216, 231)"
photo_185.jpg,366,Goat 3,Fresh,"(177, 217, 231)"
photo_186.jpg,368,Goat 3,Fresh,"(178, 217, 231)"
photo_187.jpg,370,Goat 3,Fresh,"(178, 217, 231)"
photo_188.jpg,372,Goat 3,Fresh,"(178, 217, 231)"
photo_189.jpg,374,Goat 3,Fresh,"(179, 217, 231)"
photo_190.jpg,376,Goat 3,Fresh,"(179, 218, 231)"
photo_191.jpg,378,Goat 3,Fresh,"(180, 218, 231)"
photo_192.jpg,380,Goat 3,Fresh,"(180, 218, 231)"
photo_193.jpg,382,Goat 3,Fresh,"(180, 218, 231)"
photo_194.jpg,384,Goat 3,Fresh,"(181, 219, 231)"
photo_195.jpg,386,Goat 3,Fresh,"(181, 219, 231)"
photo_196.jpg,388,Goat 3,Fresh,"(181, 219, 230)"
photo_197.jpg,390,Goat 3,Fresh,"(181, 219, 231)"
photo_198.jpg,392,Goat 3,Fresh,"(182, 220, 231)"
photo_199.jpg,394,Goat 3,Fresh,"(183, 220, 231)"
photo_200.jpg,396,Goat 3,Fresh,"(183, 220, 231)"
photo_201.jpg,398,Goat 3,Fresh,"(183, 220, 230)"
photo_202.jpg,400,Goat 3,Fresh,"(183, 221, 230)"
photo_203.jpg,402,Goat 3,Fresh,"(184, 221, 230)"
photo_204.jpg,404,Goat 3,Fresh,"(184, 221, 230)"
photo_205.jpg,406,Goat 3,Fresh,"(185, 221, 230)"
photo_206.jpg,408,Goat 3,Fresh,"(185, 222, 230)"
photo_207.jpg,410,Goat 3,Fresh,"(185, 222, 230)"
photo_208.jpg,412,Goat 3,Fresh,"(186, 222, 230)"
photo_209.jpg,414,Goat 3,Fresh,"(186, 222, 230)"
photo_210.jpg,416,Goat 3,Fresh,"(187, 223, 230)"
photo_211.jpg,418,Goat 3,Fresh,"(187, 223, 230)"
photo_212.jpg,420,Goat 3,Fresh,"(188, 223, 230)"
photo_213.jpg,422,Goat 3,Fresh,"(188, 223, 230)"
photo_214.jpg,424,Goat 3,Fresh,"(189, 224, 230)"
photo_215.jpg,426,Goat 3,Fresh,"(189, 224, 230)"
photo_216.jpg,428,Goat 3,Fresh,"(190, 225, 230)"
photo_217.jpg,430,Goat 3,Fresh,"(191, 225, 230)"
photo_218.jpg,432,Goat 3,Fresh,"(191, 225, 230)"
photo_219.jpg,434,Goat 3,Fresh,"(192, 225, 230)"
photo_220.jpg,436,Goat 3,Fresh,"(192, 226, 230)"
photo_221.jpg,438,Goat 3,Fresh,"(193, 226, 230)"
photo_222.jpg,440,Goat 3,Fresh,"(194, 226, 230)"
photo_223.jpg,442,Goat 3,Fresh,"(195, 227, 230)"
photo_224.jpg,444,Goat 3,Fresh,"(195, 227, 229)"
photo_225.jpg,446,Goat 3,Fresh,"(195, 228, 229)"
photo_226.jpg,448,Goat 3,Fresh,"(197, 228, 229)"
photo_227.jpg,450,Goat 3,Fresh,"(197, 228, 229)"
photo_228.jpg,452,Goat 3,Fresh,"(198, 228, 229)"
photo_229.jpg,454,Goat 3,Fresh,"(199, 228, 229)"
photo_230.jpg,456,Goat 3,Fresh,"(199, 229, 229)"
photo_231.jpg,458,Goat 3,Fresh,"(200, 229, 229)"
photo_232.jpg,460,Goat 3,Fresh,"(201, 229, 229)"
photo_233.jpg,462,Goat 3,Fresh,"(199, 227, 228)"
photo_234.jpg,464,Goat 3,Fresh,"(199, 227, 228)"
photo_235.jpg,466,Goat 3,Fresh,"(200, 227, 228)"
photo_236.jpg,468,Goat 3,Fresh,"(200, 227, 228)"
photo_237.jpg,470,Goat 3,Fresh,"(200, 227, 228)"
photo_238.jpg,472,Goat 3,Fresh,"(201, 227, 228)"
photo_239.jpg,474,Goat 3,Fresh,"(201, 227, 228)"
photo_240.jpg,476,Goat 3,Fresh,"(202, 228, 228)"
photo_241.jpg,478,Goat 3,Fresh,"(203, 228, 228)"
photo_242.jpg,480,Goat 3,Fresh,"(203, 228, 227)"
photo_4.jpg,8,Goat 3,Mildly Spoiled,"(192, 233, 244)"
photo_5.jpg,10,Goat 3,Mildly Spoiled,"(194, 234, 245)"
photo_6.jpg,12,Goat 3,Mildly Spoiled,"(195, 234, 244)"
photo_7.jpg,14,Goat 3,Mildly Spoiled,"(196, 235, 243)"
photo_8.jpg,16,Goat 3,Mildly Spoiled,"(196, 234, 242)"
photo_9.jpg,18,Goat 3,Mildly Spoiled,"(197, 234, 242)"
photo_10.jpg,20,Goat 3,Mildly Spoiled,"(197, 234, 241)"
photo_11.jpg,22,Goat 3,Mildly Spoiled,"(198, 234, 240)"
photo_12.jpg,24,Goat 3,Mildly Spoiled,"(199, 234, 240)"
photo_13.jpg,26,Goat 3,Mildly Spoiled,"(199, 234, 239)"
photo_14.jpg,28,Goat 3,Mildly Spoiled,"(200, 234, 239)"
photo_15.jpg,30,Goat 3,Mildly Spoiled,"(200, 235, 239)"
photo_16.jpg,32,Goat 3,Mildly Spoiled,"(200, 235, 239)"
photo_17.jpg,34,Goat 3,Mildly Spoiled,"(201, 235, 238)"
photo_18.jpg,36,Goat 3,Mildly Spoiled,"(202, 235, 238)"
photo_19.jpg,38,Goat 3,Mildly Spoiled,"(202, 235, 238)"
photo_20.jpg,40,Goat 3,Mildly Spoiled,"(203, 235, 238)"
photo_21.jpg,42,Goat 3,Mildly Spoiled,"(203, 235, 238)"
photo_22.jpg,44,Goat 3,Mildly Spoiled,"(203, 235, 237)"
photo_23.jpg,46,Goat 3,Mildly Spoiled,"(204, 235, 237)"
photo_24.jpg,48,Goat 3,Mildly Spoiled,"(204, 235, 236)"
photo_25.jpg,50,Goat 3,Mildly Spoiled,"(205, 236, 236)"
photo_26.jpg,52,Goat 3,Mildly Spoiled,"(205, 236, 236)"
photo_27.jpg,54,Goat 3,Mildly Spoiled,"(206, 236, 236)"
photo_28.jpg,56,Goat 3,Mildly Spoiled,"(207, 236, 235)"
photo_29.jpg,58,Goat 3,Mildly Spoiled,"(207, 236, 235)"
photo_30.jpg,60,Goat 3,Mildly Spoiled,"(208, 236, 235)"
photo_31.jpg,62,Goat 3,Mildly Spoiled,"(209, 237, 235)"
photo_32.jpg,64,Goat 3,Mildly Spoiled,"(210, 237, 234)"
photo_33.jpg,66,Goat 3,Mildly Spoiled,"(210, 237, 234)"
photo_34.jpg,68,Goat 3,Mildly Spoiled,"(211, 237, 234)"
photo_35.jpg,70,Goat 3,Mildly Spoiled,"(212, 237, 233)"
photo_36.jpg,72,Goat 3,Mildly Spoiled,"(212, 237, 233)"
photo_37.jpg,74,Goat 3,Mildly Spoiled,"(213, 237, 233)"
photo_38.jpg,76,Goat 3,Mildly Spoiled,"(213, 237, 232)"
photo_39.jpg,78,Goat 3,Mildly Spoiled,"(214, 237, 232)"
photo_40.jpg,80,Goat 3,Mildly Spoiled,"(215, 237, 232)"
photo_41.jpg,82,Goat 3,Mildly Spoiled,"(216, 237, 232)"
photo_42.jpg,84,Goat 3,Mildly Spoiled,"(216, 237, 231)"
photo_43.jpg,86,Goat 3,Mildly Spoiled,"(217, 237, 231)"
photo_44.jpg,88,Goat 3,Mildly Spoiled,"(218, 237, 231)"
photo_45.jpg,90,Goat 3,Mildly Spoiled,"(218, 237, 231)"
photo_46.jpg,92,Goat 3,Mildly Spoiled,"(218, 237, 230)"
photo_47.jpg,94,Goat 3,Mildly Spoiled,"(219, 237, 230)"
photo_48.jpg,96,Goat 3,Mildly Spoiled,"(219, 237, 230)"
photo_49.jpg,98,Goat 3,Mildly Spoiled,"(220, 237, 230)"
photo_50.jpg,100,Goat 3,Mildly Spoiled,"(219, 237, 229)"
photo_51.jpg,102,Goat 3,Mildly Spoiled,"(220, 237, 229)"
photo_52.jpg,104,Goat 3,Mildly Spoiled,"(220, 237, 229)"
photo_53.jpg,106,Goat 3,Mildly Spoiled,"(220, 237, 229)"
photo_54.jpg,108,Goat 3,Mildly Spoiled,"(220, 237, 229)"
photo_55.jpg,110,Goat 3,Mildly Spoiled,"(220, 237, 229)"
photo_56.jpg,112,Goat 3,Mildly Spoiled,"(220, 237, 229)"
photo_57.jpg,114,Goat 3,Mildly Spoiled,"(221, 237, 229)"
photo_58.jpg,116,Goat 3,Mildly Spoiled,"(221, 237, 228)"
photo_59.jpg,118,Goat 3,Mildly Spoiled,"(221, 237, 228)"
photo_60.jpg,120,Goat 3,Mildly Spoiled,"(221, 237, 228)"
photo_61.jpg,122,Goat 3,Mildly Spoiled,"(221, 237, 228)"
photo_62.jpg,124,Goat 3,Mildly Spoiled,"(221, 237, 228)"
photo_63.jpg,126,Goat 3,Mildly Spoiled,"(221, 237, 227)"
photo_64.jpg,128,Goat 3,Mildly Spoiled,"(221, 237, 227)"
photo_65.jpg,130,Goat 3,Mildly Spoiled,"(221, 237, 227)"
photo_66.jpg,132,Goat 3,Mildly Spoiled,"(221, 237, 227)"
photo_67.jpg,134,Goat 3,Mildly Spoiled,"(221, 237, 226)"
photo_68.jpg,136,Goat 3,Mildly Spoiled,"(221, 237, 226)"
photo_69.jpg,138,Goat 3,Mildly Spoiled,"(221, 237, 226)"
photo_70.jpg,140,Goat 3,Mildly Spoiled,"(221, 237, 226)"
photo_71.jpg,142,Goat 3,Mildly Spoiled,"(221, 236, 226)"
photo_72.jpg,144,Goat 3,Mildly Spoiled,"(221, 236, 225)"
photo_73.jpg,146,Goat 3,Mildly Spoiled,"(221, 236, 225)"
photo_74.jpg,148,Goat 3,Mildly Spoiled,"(221, 236, 224)"
photo_75.jpg,150,Goat 3,Mildly Spoiled,"(221, 236, 224)"
photo_76.jpg,152,Goat 3,Mildly Spoiled,"(221, 236, 224)"
photo_77.jpg,154,Goat 3,Mildly Spoiled,"(221, 236, 224)"
photo_78.jpg,156,Goat 3,Mildly Spoiled,"(221, 236, 224)"
photo_79.jpg,158,Goat 3,Mildly Spoiled,"(221, 236, 223)"
photo_80.jpg,160,Goat 3,Mildly Spoiled,"(221, 236, 223)"
photo_81.jpg,162,Goat 3,Mildly Spoiled,"(221, 236, 223)"
photo_82.jpg,164,Goat 3,Mildly Spoiled,"(221, 236, 222)"
photo_83.jpg,166,Goat 3,Mildly Spoiled,"(221, 236, 222)"
photo_84.jpg,168,Goat 3,Mildly Spoiled,"(220, 235, 222)"
photo_85.jpg,170,Goat 3,Mildly Spoiled,"(221, 236, 221)"
photo_86.jpg,172,Goat 3,Mildly Spoiled,"(221, 235, 221)"
photo_87.jpg,174,Goat 3,Mildly Spoiled,"(221, 235, 221)"
photo_88.jpg,176,Goat 3,Mildly Spoiled,"(220, 235, 220)"
photo_89.jpg,178,Goat 3,Mildly Spoiled,"(220, 235, 224)"
photo_90.jpg,180,Goat 3,Mildly Spoiled,"(220, 234, 223)"
photo_91.jpg,182,Goat 3,Mildly Spoiled,"(220, 234, 223)"
photo_92.jpg,184,Goat 3,Mildly Spoiled,"(220, 234, 222)"
photo_93.jpg,186,Goat 3,Mildly Spoiled,"(220, 234, 222)"
photo_94.jpg,188,Goat 3,Mildly Spoiled,"(220, 234, 221)"
photo_95.jpg,190,Goat 3,Mildly Spoiled,"(220, 234, 222)"
photo_96.jpg,192,Goat 3,Mildly Spoiled,"(220, 234, 221)"
photo_97.jpg,194,Goat 3,Mildly Spoiled,"(220, 234, 221)"
photo_98.jpg,196,Goat 3,Mildly Spoiled,"(220, 234, 220)"
photo_99.jpg,198,Goat 3,Mildly Spoiled,"(220, 234, 220)"
photo_100.jpg,200,Goat 3,Mildly Spoiled,"(220, 233, 220)"
photo_101.jpg,202,Goat 3,Mildly Spoiled,"(220, 233, 219)"
photo_102.jpg,204,Goat 3,Mildly Spoiled,"(220, 233, 219)"
photo_103.jpg,206,Goat 3,Mildly Spoiled,"(219, 233, 219)"
photo_104.jpg,208,Goat 3,Mildly Spoiled,"(220, 233, 218)"
photo_105.jpg,210,Goat 3,Mildly Spoiled,"(219, 233, 218)"
photo_106.jpg,212,Goat 3,Mildly Spoiled,"(219, 233, 218)"
photo_107.jpg,214,Goat 3,Mildly Spoiled,"(219, 232, 218)"
photo_108.jpg,216,Goat 3,Mildly Spoiled,"(219, 232, 217)"
photo_109.jpg,218,Goat 3,Mildly Spoiled,"(219, 232, 217)"
photo_110.jpg,220,Goat 3,Mildly Spoiled,"(219, 232, 217)"
photo_111.jpg,222,Goat 3,Mildly Spoiled,"(219, 232, 217)"
photo_112.jpg,224,Goat 3,Mildly Spoiled,"(219, 232, 216)"
photo_113.jpg,226,Goat 3,Mildly Spoiled,"(219, 232, 216)"
photo_114.jpg,228,Goat 3,Mildly Spoiled,"(218, 231, 216)"
photo_115.jpg,230,Goat 3,Mildly Spoiled,"(218, 231, 216)"
photo_116.jpg,232,Goat 3,Mildly Spoiled,"(218, 231, 216)"
photo_117.jpg,234,Goat 3,Mildly Spoiled,"(218, 231, 215)"
photo_118.jpg,236,Goat 3,Mildly Spoiled,"(218, 231, 215)"
photo_119.jpg,238,Goat 3,Mildly Spoiled,"(218, 231, 215)"
photo_120.jpg,240,Goat 3,Mildly Spoiled,"(217, 231, 215)"
photo_121.jpg,242,Goat 3,Mildly Spoiled,"(217, 230, 215)"
photo_122.jpg,244,Goat 3,Mildly Spoiled,"(217, 230, 214)"
photo_123.jpg,246,Goat 3,Mildly Spoiled,"(217, 230, 215)"
photo_124.jpg,248,Goat 3,Mildly Spoiled,"(217, 230, 214)"
photo_125.jpg,250,Goat 3,Mildly Spoiled,"(216, 230, 214)"
photo_126.jpg,252,Goat 3,Mildly Spoiled,"(217, 229, 214)"
photo_127.jpg,254,Goat 3,Mildly Spoiled,"(216, 229, 214)"
photo_128.jpg,256,Goat 3,Mildly Spoiled,"(216, 229, 213)"
photo_129.jpg,258,Goat 3,Mildly Spoiled,"(216, 229, 213)"
photo_130.jpg,260,Goat 3,Mildly Spoiled,"(216, 229, 213)"
photo_131.jpg,262,Goat 3,Mildly Spoiled,"(216, 229, 213)"
photo_132.jpg,264,Goat 3,Mildly Spoiled,"(216, 229, 213)"
photo_133.jpg,266,Goat 3,Mildly Spoiled,"(216, 229, 213)"
photo_134.jpg,268,Goat 3,Mildly Spoiled,"(216, 228, 212)"
photo_135.jpg,270,Goat 3,Mildly Spoiled,"(215, 229, 213)"
photo_136.jpg,272,Goat 3,Mildly Spoiled,"(215, 229, 213)"
photo_137.jpg,274,Goat 3,Mildly Spoiled,"(215, 228, 213)"
photo_138.jpg,276,Goat 3,Mildly Spoiled,"(215, 228, 212)"
photo_139.jpg,278,Goat 3,Mildly Spoiled,"(215, 228, 212)"
photo_140.jpg,280,Goat 3,Mildly Spoiled,"(215, 228, 212)"
photo_141.jpg,282,Goat 3,Mildly Spoiled,"(215, 228, 213)"
photo_142.jpg,284,Goat 3,Mildly Spoiled,"(215, 228, 212)"
photo_143.jpg,286,Goat 3,Mildly Spoiled,"(215, 228, 212)"
photo_144.jpg,288,Goat 3,Mildly Spoiled,"(214, 228, 212)"
photo_145.jpg,290,Goat 3,Mildly Spoiled,"(214, 228, 212)"
photo_146.jpg,292,Goat 3,Mildly Spoiled,"(214, 228, 212)"
photo_147.jpg,294,Goat 3,Mildly Spoiled,"(214, 228, 212)"
photo_148.jpg,296,Goat 3,Mildly Spoiled,"(214, 228, 212)"
photo_149.jpg,298,Goat 3,Mildly Spoiled,"(214, 228, 212)"
photo_150.jpg,300,Goat 3,Mildly Spoiled,"(214, 228, 212)"
photo_151.jpg,302,Goat 3,Mildly Spoiled,"(214, 228, 212)"
photo_152.jpg,304,Goat 3,Mildly Spoiled,"(214, 227, 212)"
photo_153.jpg,306,Goat 3,Mildly Spoiled,"(213, 228, 212)"
photo_154.jpg,308,Goat 3,Mildly Spoiled,"(213, 228, 213)"
photo_155.jpg,310,Goat 3,Mildly Spoiled,"(213, 228, 212)"
photo_156.jpg,312,Goat 3,Mildly Spoiled,"(213, 227, 213)"
photo_157.jpg,314,Goat 3,Mildly Spoiled,"(213, 227, 212)"
photo_158.jpg,316,Goat 3,Mildly Spoiled,"(213, 227, 213)"
photo_159.jpg,318,Goat 3,Mildly Spoiled,"(213, 227, 213)"
photo_160.jpg,320,Goat 3,Mildly Spoiled,"(212, 227, 213)"
photo_161.jpg,322,Goat 3,Mildly Spoiled,"(212, 227, 213)"
photo_162.jpg,324,Goat 3,Mildly Spoiled,"(212, 227, 213)"
photo_163.jpg,326,Goat 3,Mildly Spoiled,"(212, 227, 213)"
photo_164.jpg,328,Goat 3,Mildly Spoiled,"(212, 227, 213)"
photo_165.jpg,330,Goat 3,Mildly Spoiled,"(212, 227, 213)"
photo_166.jpg,332,Goat 3,Mildly Spoiled,"(212, 227, 213)"
photo_167.jpg,334,Goat 3,Mildly Spoiled,"(212, 227, 213)"
photo_168.jpg,336,Goat 3,Mildly Spoiled,"(211, 227, 213)"
photo_169.jpg,338,Goat 3,Mildly Spoiled,"(211, 227, 213)"
photo_170.jpg,340,Goat 3,Mildly Spoiled,"(211, 227, 213)"
photo_171.jpg,342,Goat 3,Mildly Spoiled,"(211, 227, 213)"
photo_172.jpg,344,Goat 3,Mildly Spoiled,"(211, 227, 213)"
photo_173.jpg,346,Goat 3,Mildly Spoiled,"(211, 227, 213)"
photo_174.jpg,348,Goat 3,Mildly Spoiled,"(211, 227, 213)"
photo_175.jpg,350,Goat 3,Mildly Spoiled,"(210, 227, 213)"
photo_176.jpg,352,Goat 3,Mildly Spoiled,"(211, 227, 213)"
photo_177.jpg,354,Goat 3,Mildly Spoiled,"(210, 226, 213)"
photo_178.jpg,356,Goat 3,Mildly Spoiled,"(210, 226, 213)"
photo_179.jpg,358,Goat 3,Mildly Spoiled,"(210, 226, 213)"
photo_180.jpg,360,Goat 3,Mildly Spoiled,"(210, 226, 214)"
photo_181.jpg,362,Goat 3,Mildly Spoiled,"(210, 226, 213)"
photo_182.jpg,364,Goat 3,Mildly Spoiled,"(210, 226, 213)"
photo_183.jpg,366,Goat 3,Mildly Spoiled,"(210, 226, 214)"
photo_184.jpg,368,Goat 3,Mildly Spoiled,"(209, 226, 214)"
photo_185.jpg,370,Goat 3,Mildly Spoiled,"(209, 226, 214)"
photo_186.jpg,372,Goat 3,Mildly Spoiled,"(209, 226, 214)"
photo_187.jpg,374,Goat 3,Mildly Spoiled,"(209, 226, 213)"
photo_188.jpg,376,Goat 3,Mildly Spoiled,"(209, 226, 213)"
photo_189.jpg,378,Goat 3,Mildly Spoiled,"(209, 226, 214)"
photo_190.jpg,380,Goat 3,Mildly Spoiled,"(208, 226, 214)"
photo_191.jpg,382,Goat 3,Mildly Spoiled,"(209, 226, 214)"
photo_192.jpg,384,Goat 3,Mildly Spoiled,"(208, 226, 214)"
photo_193.jpg,386,Goat 3,Mildly Spoiled,"(208, 226, 214)"
photo_194.jpg,388,Goat 3,Mildly Spoiled,"(208, 226, 214)"
photo_195.jpg,390,Goat 3,Mildly Spoiled,"(208, 226, 214)"
photo_196.jpg,392,Goat 3,Mildly Spoiled,"(208, 226, 214)"
photo_197.jpg,394,Goat 3,Mildly Spoiled,"(208, 225, 214)"
photo_198.jpg,396,Goat 3,Mildly Spoiled,"(208, 225, 214)"
photo_199.jpg,398,Goat 3,Mildly Spoiled,"(207, 225, 214)"
photo_200.jpg,400,Goat 3,Mildly Spoiled,"(208, 225, 214)"
photo_201.jpg,402,Goat 3,Mildly Spoiled,"(207, 225, 214)"
photo_202.jpg,404,Goat 3,Mildly Spoiled,"(207, 225, 214)"
photo_203.jpg,406,Goat 3,Mildly Spoiled,"(207, 225, 214)"
photo_204.jpg,408,Goat 3,Mildly Spoiled,"(207, 225, 214)"
photo_205.jpg,410,Goat 3,Mildly Spoiled,"(207, 225, 214)"
photo_206.jpg,412,Goat 3,Mildly Spoiled,"(207, 225, 214)"
photo_207.jpg,414,Goat 3,Mildly Spoiled,"(207, 225, 214)"
photo_208.jpg,416,Goat 3,Mildly Spoiled,"(207, 225, 215)"
photo_209.jpg,418,Goat 3,Mildly Spoiled,"(206, 225, 214)"
photo_210.jpg,420,Goat 3,Mildly Spoiled,"(206, 225, 214)"
photo_211.jpg,422,Goat 3,Mildly Spoiled,"(206, 225, 214)"
photo_212.jpg,424,Goat 3,Mildly Spoiled,"(206, 225, 214)"
photo_213.jpg,426,Goat 3,Mildly Spoiled,"(206, 225, 214)"
photo_214.jpg,428,Goat 3,Mildly Spoiled,"(206, 224, 215)"
photo_215.jpg,430,Goat 3,Mildly Spoiled,"(206, 224, 215)"
photo_216.jpg,432,Goat 3,Mildly Spoiled,"(205, 225, 215)"
photo_217.jpg,434,Goat 3,Mildly Spoiled,"(205, 225, 215)"
photo_218.jpg,436,Goat 3,Mildly Spoiled,"(206, 224, 215)"
photo_219.jpg,438,Goat 3,Mildly Spoiled,"(205, 224, 214)"
photo_220.jpg,440,Goat 3,Mildly Spoiled,"(205, 224, 215)"
photo_221.jpg,442,Goat 3,Mildly Spoiled,"(205, 224, 214)"
photo_4.jpg,2,Goat 3,Mildly Spoiled,"(184, 227, 245)"
photo_5.jpg,4,Goat 3,Mildly Spoiled,"(185, 227, 244)"
photo_6.jpg,6,Goat 3,Mildly Spoiled,"(186, 226, 242)"
photo_7.jpg,8,Goat 3,Mildly Spoiled,"(186, 226, 240)"
photo_8.jpg,10,Goat 3,Mildly Spoiled,"(186, 225, 239)"
photo_9.jpg,12,Goat 3,Mildly Spoiled,"(186, 224, 237)"
photo_10.jpg,14,Goat 3,Mildly Spoiled,"(186, 224, 236)"
photo_11.jpg,16,Goat 3,Mildly Spoiled,"(187, 224, 236)"
photo_12.jpg,18,Goat 3,Mildly Spoiled,"(187, 224, 235)"
photo_13.jpg,20,Goat 3,Mildly Spoiled,"(187, 224, 235)"
photo_14.jpg,22,Goat 3,Mildly Spoiled,"(187, 223, 234)"
photo_15.jpg,24,Goat 3,Mildly Spoiled,"(188, 224, 234)"
photo_16.jpg,26,Goat 3,Mildly Spoiled,"(188, 223, 234)"
photo_17.jpg,28,Goat 3,Mildly Spoiled,"(188, 224, 233)"
photo_18.jpg,30,Goat 3,Mildly Spoiled,"(189, 224, 233)"
photo_19.jpg,32,Goat 3,Mildly Spoiled,"(189, 224, 233)"
photo_20.jpg,34,Goat 3,Mildly Spoiled,"(189, 224, 232)"
photo_21.jpg,36,Goat 3,Mildly Spoiled,"(189, 224, 232)"
photo_22.jpg,38,Goat 3,Mildly Spoiled,"(190, 224, 232)"
photo_23.jpg,40,Goat 3,Mildly Spoiled,"(190, 224, 232)"
photo_24.jpg,42,Goat 3,Mildly Spoiled,"(190, 224, 231)"
photo_25.jpg,44,Goat 3,Mildly Spoiled,"(191, 224, 231)"
photo_26.jpg,46,Goat 3,Mildly Spoiled,"(191, 224, 231)"
photo_27.jpg,48,Goat 3,Mildly Spoiled,"(192, 224, 231)"
photo_28.jpg,50,Goat 3,Mildly Spoiled,"(192, 225, 231)"
photo_29.jpg,52,Goat 3,Mildly Spoiled,"(192, 225, 231)"
photo_30.jpg,54,Goat 3,Mildly Spoiled,"(192, 225, 230)"
photo_31.jpg,56,Goat 3,Mildly Spoiled,"(193, 225, 230)"
photo_32.jpg,58,Goat 3,Mildly Spoiled,"(193, 225, 230)"
photo_33.jpg,60,Goat 3,Mildly Spoiled,"(194, 225, 230)"
photo_34.jpg,62,Goat 3,Mildly Spoiled,"(194, 225, 230)"
photo_35.jpg,64,Goat 3,Mildly Spoiled,"(195, 225, 230)"
photo_36.jpg,66,Goat 3,Mildly Spoiled,"(195, 226, 230)"
photo_37.jpg,68,Goat 3,Mildly Spoiled,"(195, 226, 229)"
photo_38.jpg,70,Goat 3,Mildly Spoiled,"(196, 226, 229)"
photo_39.jpg,72,Goat 3,Mildly Spoiled,"(196, 226, 229)"
photo_40.jpg,74,Goat 3,Mildly Spoiled,"(197, 227, 229)"
photo_41.jpg,76,Goat 3,Mildly Spoiled,"(197, 227, 229)"
photo_42.jpg,78,Goat 3,Mildly Spoiled,"(198, 227, 229)"
photo_43.jpg,80,Goat 3,Mildly Spoiled,"(199, 227, 229)"
photo_44.jpg,82,Goat 3,Mildly Spoiled,"(199, 227, 228)"
photo_45.jpg,84,Goat 3,Mildly Spoiled,"(200, 227, 228)"
photo_46.jpg,86,Goat 3,Mildly Spoiled,"(200, 228, 228)"
photo_47.jpg,88,Goat 3,Mildly Spoiled,"(201, 228, 228)"
photo_48.jpg,90,Goat 3,Mildly Spoiled,"(201, 228, 228)"
photo_49.jpg,92,Goat 3,Mildly Spoiled,"(202, 228, 228)"
photo_50.jpg,94,Goat 3,Mildly Spoiled,"(203, 228, 228)"
photo_51.jpg,96,Goat 3,Mildly Spoiled,"(203, 228, 227)"
photo_52.jpg,98,Goat 3,Mildly Spoiled,"(204, 229, 227)"
photo_53.jpg,100,Goat 3,Mildly Spoiled,"(204, 229, 227)"
photo_54.jpg,102,Goat 3,Mildly Spoiled,"(205, 229, 227)"
photo_55.jpg,104,Goat 3,Mildly Spoiled,"(206, 229, 227)"
photo_56.jpg,106,Goat 3,Mildly Spoiled,"(206, 229, 226)"
photo_57.jpg,108,Goat 3,Mildly Spoiled,"(207, 229, 226)"
photo_58.jpg,110,Goat 3,Mildly Spoiled,"(208, 229, 226)"
photo_59.jpg,112,Goat 3,Mildly Spoiled,"(208, 230, 226)"
photo_60.jpg,114,Goat 3,Mildly Spoiled,"(209, 230, 225)"
photo_61.jpg,116,Goat 3,Mildly Spoiled,"(210, 230, 225)"
photo_62.jpg,118,Goat 3,Mildly Spoiled,"(210, 230, 225)"
photo_63.jpg,120,Goat 3,Mildly Spoiled,"(211, 230, 225)"
photo_64.jpg,122,Goat 3,Mildly Spoiled,"(211, 230, 224)"
photo_65.jpg,124,Goat 3,Mildly Spoiled,"(212, 230, 224)"
photo_66.jpg,126,Goat 3,Mildly Spoiled,"(212, 230, 224)"
photo_67.jpg,128,Goat 3,Mildly Spoiled,"(213, 231, 223)"
photo_68.jpg,130,Goat 3,Mildly Spoiled,"(213, 230, 223)"
photo_69.jpg,132,Goat 3,Mildly Spoiled,"(214, 230, 223)"
photo_70.jpg,134,Goat 3,Mildly Spoiled,"(214, 231, 223)"
photo_71.jpg,136,Goat 3,Mildly Spoiled,"(215, 230, 223)"
photo_72.jpg,138,Goat 3,Mildly Spoiled,"(215, 230, 222)"
photo_73.jpg,140,Goat 3,Mildly Spoiled,"(215, 230, 222)"
photo_74.jpg,142,Goat 3,Mildly Spoiled,"(215, 230, 221)"
photo_75.jpg,144,Goat 3,Mildly Spoiled,"(216, 230, 221)"
photo_76.jpg,146,Goat 3,Mildly Spoiled,"(216, 230, 221)"
photo_77.jpg,148,Goat 3,Mildly Spoiled,"(216, 230, 220)"
photo_78.jpg,150,Goat 3,Mildly Spoiled,"(216, 230, 220)"
photo_79.jpg,152,Goat 3,Mildly Spoiled,"(216, 230, 220)"
photo_80.jpg,154,Goat 3,Mildly Spoiled,"(216, 230, 220)"
photo_81.jpg,156,Goat 3,Mildly Spoiled,"(216, 230, 219)"
photo_82.jpg,158,Goat 3,Mildly Spoiled,"(216, 229, 219)"
photo_83.jpg,160,Goat 3,Mildly Spoiled,"(215, 229, 219)"
photo_84.jpg,162,Goat 3,Mildly Spoiled,"(215, 229, 218)"
photo_85.jpg,164,Goat 3,Mildly Spoiled,"(215, 229, 218)"
photo_86.jpg,166,Goat 3,Mildly Spoiled,"(215, 229, 218)"
photo_87.jpg,168,Goat 3,Mildly Spoiled,"(214, 229, 218)"
photo_88.jpg,170,Goat 3,Mildly Spoiled,"(214, 228, 217)"
photo_89.jpg,172,Goat 3,Mildly Spoiled,"(214, 228, 221)"
photo_90.jpg,174,Goat 3,Mildly Spoiled,"(214, 228, 220)"
photo_91.jpg,176,Goat 3,Mildly Spoiled,"(214, 228, 220)"
photo_92.jpg,178,Goat 3,Mildly Spoiled,"(214, 227, 219)"
photo_93.jpg,180,Goat 3,Mildly Spoiled,"(213, 227, 219)"
photo_94.jpg,182,Goat 3,Mildly Spoiled,"(213, 227, 219)"
photo_95.jpg,184,Goat 3,Mildly Spoiled,"(213, 227, 219)"
photo_96.jpg,186,Goat 3,Mildly Spoiled,"(213, 227, 218)"
photo_97.jpg,188,Goat 3,Mildly Spoiled,"(213, 227, 218)"
photo_98.jpg,190,Goat 3,Mildly Spoiled,"(214, 227, 218)"
photo_99.jpg,192,Goat 3,Mildly Spoiled,"(214, 227, 217)"
photo_100.jpg,194,Goat 3,Mildly Spoiled,"(214, 227, 217)"
photo_101.jpg,196,Goat 3,Mildly Spoiled,"(214, 227, 217)"
photo_102.jpg,198,Goat 3,Mildly Spoiled,"(214, 227, 217)"
photo_103.jpg,200,Goat 3,Mildly Spoiled,"(214, 227, 217)"
photo_104.jpg,202,Goat 3,Mildly Spoiled,"(214, 227, 216)"
photo_105.jpg,204,Goat 3,Mildly Spoiled,"(215, 227, 216)"
photo_106.jpg,206,Goat 3,Mildly Spoiled,"(215, 227, 216)"
photo_107.jpg,208,Goat 3,Mildly Spoiled,"(215, 227, 216)"
photo_108.jpg,210,Goat 3,Mildly Spoiled,"(215, 227, 215)"
photo_109.jpg,212,Goat 3,Mildly Spoiled,"(215, 227, 215)"
photo_110.jpg,214,Goat 3,Mildly Spoiled,"(215, 226, 215)"
photo_111.jpg,216,Goat 3,Mildly Spoiled,"(215, 227, 214)"
photo_112.jpg,218,Goat 3,Mildly Spoiled,"(215, 226, 214)"
photo_113.jpg,220,Goat 3,Mildly Spoiled,"(215, 226, 213)"
photo_114.jpg,222,Goat 3,Mildly Spoiled,"(215, 226, 213)"
photo_115.jpg,224,Goat 3,Mildly Spoiled,"(215, 226, 213)"
photo_116.jpg,226,Goat 3,Mildly Spoiled,"(215, 226, 213)"
photo_117.jpg,228,Goat 3,Mildly Spoiled,"(215, 226, 212)"
photo_118.jpg,230,Goat 3,Mildly Spoiled,"(215, 225, 212)"
photo_119.jpg,232,Goat 3,Mildly Spoiled,"(215, 225, 212)"
photo_120.jpg,234,Goat 3,Mildly Spoiled,"(216, 225, 212)"
photo_121.jpg,236,Goat 3,Mildly Spoiled,"(216, 225, 212)"
photo_122.jpg,238,Goat 3,Mildly Spoiled,"(216, 225, 212)"
photo_123.jpg,240,Goat 3,Mildly Spoiled,"(216, 225, 211)"
photo_124.jpg,242,Goat 3,Mildly Spoiled,"(216, 224, 211)"
photo_125.jpg,244,Goat 3,Mildly Spoiled,"(215, 224, 211)"
photo_126.jpg,246,Goat 3,Mildly Spoiled,"(215, 224, 210)"
photo_127.jpg,248,Goat 3,Mildly Spoiled,"(215, 224, 211)"
photo_128.jpg,250,Goat 3,Mildly Spoiled,"(215, 224, 210)"
photo_129.jpg,252,Goat 3,Mildly Spoiled,"(215, 223, 210)"
photo_130.jpg,254,Goat 3,Mildly Spoiled,"(214, 223, 210)"
photo_131.jpg,256,Goat 3,Mildly Spoiled,"(214, 223, 209)"
photo_132.jpg,258,Goat 3,Mildly Spoiled,"(214, 222, 209)"
photo_133.jpg,260,Goat 3,Mildly Spoiled,"(214, 222, 209)"
photo_134.jpg,262,Goat 3,Mildly Spoiled,"(214, 222, 208)"
photo_135.jpg,264,Goat 3,Mildly Spoiled,"(213, 222, 209)"
photo_136.jpg,266,Goat 3,Mildly Spoiled,"(213, 222, 208)"
photo_137.jpg,268,Goat 3,Mildly Spoiled,"(213, 221, 208)"
photo_138.jpg,270,Goat 3,Mildly Spoiled,"(212, 221, 208)"
photo_139.jpg,272,Goat 3,Mildly Spoiled,"(212, 221, 207)"
photo_140.jpg,274,Goat 3,Mildly Spoiled,"(212, 221, 207)"
photo_141.jpg,276,Goat 3,Mildly Spoiled,"(212, 220, 207)"
photo_142.jpg,278,Goat 3,Mildly Spoiled,"(212, 220, 207)"
photo_143.jpg,280,Goat 3,Mildly Spoiled,"(212, 220, 207)"
photo_144.jpg,282,Goat 3,Mildly Spoiled,"(212, 220, 206)"
photo_145.jpg,284,Goat 3,Mildly Spoiled,"(211, 219, 207)"
photo_146.jpg,286,Goat 3,Mildly Spoiled,"(211, 219, 206)"
photo_147.jpg,288,Goat 3,Mildly Spoiled,"(211, 219, 206)"
photo_148.jpg,290,Goat 3,Mildly Spoiled,"(211, 219, 206)"
photo_149.jpg,292,Goat 3,Mildly Spoiled,"(211, 219, 206)"
photo_150.jpg,294,Goat 3,Mildly Spoiled,"(211, 219, 205)"
photo_151.jpg,296,Goat 3,Mildly Spoiled,"(211, 218, 205)"
photo_152.jpg,298,Goat 3,Mildly Spoiled,"(210, 218, 205)"
photo_153.jpg,300,Goat 3,Mildly Spoiled,"(210, 218, 205)"
photo_154.jpg,302,Goat 3,Mildly Spoiled,"(210, 218, 205)"
photo_155.jpg,304,Goat 3,Mildly Spoiled,"(210, 218, 204)"
photo_156.jpg,306,Goat 3,Mildly Spoiled,"(210, 218, 205)"
photo_157.jpg,308,Goat 3,Mildly Spoiled,"(210, 218, 204)"
photo_158.jpg,310,Goat 3,Mildly Spoiled,"(210, 217, 204)"
photo_159.jpg,312,Goat 3,Mildly Spoiled,"(209, 217, 204)"
photo_160.jpg,314,Goat 3,Mildly Spoiled,"(209, 217, 204)"
photo_161.jpg,316,Goat 3,Mildly Spoiled,"(209, 217, 204)"
photo_162.jpg,318,Goat 3,Mildly Spoiled,"(209, 217, 204)"
photo_163.jpg,320,Goat 3,Mildly Spoiled,"(209, 217, 204)"
photo_164.jpg,322,Goat 3,Mildly Spoiled,"(209, 217, 203)"
photo_165.jpg,324,Goat 3,Mildly Spoiled,"(209, 217, 204)"
photo_166.jpg,326,Goat 3,Mildly Spoiled,"(208, 217, 203)"
photo_167.jpg,328,Goat 3,Mildly Spoiled,"(208, 217, 203)"
photo_168.jpg,330,Goat 3,Mildly Spoiled,"(208, 216, 203)"
photo_169.jpg,332,Goat 3,Mildly Spoiled,"(208, 216, 203)"
photo_170.jpg,334,Goat 3,Mildly Spoiled,"(208, 216, 203)"
photo_171.jpg,336,Goat 3,Mildly Spoiled,"(208, 216, 203)"
photo_172.jpg,338,Goat 3,Mildly Spoiled,"(208, 216, 203)"
photo_173.jpg,340,Goat 3,Mildly Spoiled,"(208, 216, 203)"
photo_174.jpg,342,Goat 3,Mildly Spoiled,"(208, 216, 203)"
photo_175.jpg,344,Goat 3,Mildly Spoiled,"(208, 216, 203)"
photo_176.jpg,346,Goat 3,Mildly Spoiled,"(208, 216, 203)"
photo_177.jpg,348,Goat 3,Mildly Spoiled,"(208, 216, 203)"
photo_178.jpg,350,Goat 3,Mildly Spoiled,"(208, 216, 203)"
photo_179.jpg,352,Goat 3,Mildly Spoiled,"(208, 216, 203)"
photo_180.jpg,354,Goat 3,Mildly Spoiled,"(208, 216, 202)"
photo_181.jpg,356,Goat 3,Mildly Spoiled,"(208, 216, 203)"
photo_182.jpg,358,Goat 3,Mildly Spoiled,"(207, 216, 203)"
photo_183.jpg,360,Goat 3,Mildly Spoiled,"(207, 216, 203)"
photo_184.jpg,362,Goat 3,Mildly Spoiled,"(208, 215, 203)"
photo_185.jpg,364,Goat 3,Mildly Spoiled,"(207, 215, 203)"
photo_186.jpg,366,Goat 3,Mildly Spoiled,"(207, 215, 203)"
photo_187.jpg,368,Goat 3,Mildly Spoiled,"(207, 215, 202)"
photo_188.jpg,370,Goat 3,Mildly Spoiled,"(207, 215, 203)"
photo_189.jpg,372,Goat 3,Mildly Spoiled,"(207, 215, 203)"
photo_190.jpg,374,Goat 3,Mildly Spoiled,"(207, 215, 202)"
photo_191.jpg,376,Goat 3,Mildly Spoiled,"(207, 215, 203)"
photo_192.jpg,378,Goat 3,Mildly Spoiled,"(207, 215, 203)"
photo_193.jpg,380,Goat 3,Mildly Spoiled,"(207, 215, 203)"
photo_194.jpg,382,Goat 3,Mildly Spoiled,"(207, 215, 202)"
photo_195.jpg,384,Goat 3,Mildly Spoiled,"(207, 215, 202)"
photo_196.jpg,386,Goat 3,Mildly Spoiled,"(206, 215, 203)"
photo_197.jpg,388,Goat 3,Mildly Spoiled,"(207, 215, 202)"
photo_198.jpg,390,Goat 3,Mildly Spoiled,"(206, 215, 203)"
photo_199.jpg,392,Goat 3,Mildly Spoiled,"(206, 215, 203)"
photo_200.jpg,394,Goat 3,Mildly Spoiled,"(206, 215, 203)"
photo_201.jpg,396,Goat 3,Mildly Spoiled,"(207, 215, 202)"
photo_202.jpg,398,Goat 3,Mildly Spoiled,"(206, 215, 203)"
photo_203.jpg,400,Goat 3,Mildly Spoiled,"(206, 215, 203)"
photo_204.jpg,402,Goat 3,Mildly Spoiled,"(206, 215, 202)"
photo_205.jpg,404,Goat 3,Mildly Spoiled,"(206, 215, 202)"
photo_206.jpg,406,Goat 3,Mildly Spoiled,"(206, 215, 203)"
photo_207.jpg,408,Goat 3,Mildly Spoiled,"(206, 215, 203)"
photo_208.jpg,410,Goat 3,Mildly Spoiled,"(206, 215, 203)"
photo_209.jpg,412,Goat 3,Mildly Spoiled,"(206, 215, 203)"
photo_210.jpg,414,Goat 3,Mildly Spoiled,"(206, 215, 203)"
photo_211.jpg,416,Goat 3,Mildly Spoiled,"(206, 215, 203)"
photo_212.jpg,418,Goat 3,Mildly Spoiled,"(206, 215, 203)"
photo_213.jpg,420,Goat 3,Mildly Spoiled,"(206, 215, 203)"
photo_214.jpg,422,Goat 3,Mildly Spoiled,"(205, 215, 203)"
photo_215.jpg,424,Goat 3,Mildly Spoiled,"(205, 215, 202)"
photo_216.jpg,426,Goat 3,Mildly Spoiled,"(205, 215, 203)"
photo_217.jpg,428,Goat 3,Mildly Spoiled,"(205, 215, 203)"
photo_218.jpg,430,Goat 3,Mildly Spoiled,"(205, 215, 203)"
photo_219.jpg,432,Goat 3,Mildly Spoiled,"(206, 215, 203)"
photo_220.jpg,434,Goat 3,Mildly Spoiled,"(205, 215, 203)"
photo_221.jpg,436,Goat 3,Mildly Spoiled,"(205, 215, 203)"
photo_4.jpg,2,Goat 3, Spoiled,"(176, 222, 241)"
photo_5.jpg,4,Goat 3, Spoiled,"(178, 222, 241)"
photo_6.jpg,6,Goat 3, Spoiled,"(180, 223, 240)"
photo_7.jpg,8,Goat 3, Spoiled,"(181, 223, 239)"
photo_8.jpg,10,Goat 3, Spoiled,"(181, 222, 238)"
photo_9.jpg,12,Goat 3, Spoiled,"(182, 222, 237)"
photo_10.jpg,14,Goat 3, Spoiled,"(183, 222, 236)"
photo_11.jpg,16,Goat 3, Spoiled,"(184, 222, 235)"
photo_12.jpg,18,Goat 3, Spoiled,"(184, 222, 234)"
photo_13.jpg,20,Goat 3, Spoiled,"(185, 223, 234)"
photo_14.jpg,22,Goat 3, Spoiled,"(186, 223, 233)"
photo_15.jpg,24,Goat 3, Spoiled,"(187, 223, 233)"
photo_16.jpg,26,Goat 3, Spoiled,"(188, 223, 232)"
photo_17.jpg,28,Goat 3, Spoiled,"(188, 224, 232)"
photo_18.jpg,30,Goat 3, Spoiled,"(189, 224, 232)"
photo_19.jpg,32,Goat 3, Spoiled,"(190, 224, 231)"
photo_20.jpg,34,Goat 3, Spoiled,"(191, 224, 231)"
photo_21.jpg,36,Goat 3, Spoiled,"(192, 225, 230)"
photo_22.jpg,38,Goat 3, Spoiled,"(192, 225, 230)"
photo_23.jpg,40,Goat 3, Spoiled,"(193, 225, 230)"
photo_24.jpg,42,Goat 3, Spoiled,"(194, 225, 229)"
photo_25.jpg,44,Goat 3, Spoiled,"(195, 225, 229)"
photo_26.jpg,46,Goat 3, Spoiled,"(196, 226, 228)"
photo_27.jpg,48,Goat 3, Spoiled,"(197, 226, 228)"
photo_28.jpg,50,Goat 3, Spoiled,"(198, 226, 228)"
photo_29.jpg,52,Goat 3, Spoiled,"(198, 227, 228)"
photo_30.jpg,54,Goat 3, Spoiled,"(199, 227, 228)"
photo_31.jpg,56,Goat 3, Spoiled,"(200, 227, 227)"
photo_32.jpg,58,Goat 3, Spoiled,"(201, 228, 227)"
photo_33.jpg,60,Goat 3, Spoiled,"(202, 228, 227)"
photo_34.jpg,62,Goat 3, Spoiled,"(202, 228, 226)"
photo_35.jpg,64,Goat 3, Spoiled,"(203, 228, 226)"
photo_36.jpg,66,Goat 3, Spoiled,"(203, 228, 226)"
photo_37.jpg,68,Goat 3, Spoiled,"(204, 228, 226)"
photo_38.jpg,70,Goat 3, Spoiled,"(205, 229, 225)"
photo_39.jpg,72,Goat 3, Spoiled,"(205, 229, 225)"
photo_40.jpg,74,Goat 3, Spoiled,"(206, 229, 225)"
photo_41.jpg,76,Goat 3, Spoiled,"(207, 229, 225)"
photo_42.jpg,78,Goat 3, Spoiled,"(207, 229, 224)"
photo_43.jpg,80,Goat 3, Spoiled,"(208, 229, 224)"
photo_44.jpg,82,Goat 3, Spoiled,"(209, 230, 224)"
photo_45.jpg,84,Goat 3, Spoiled,"(210, 230, 224)"
photo_46.jpg,86,Goat 3, Spoiled,"(210, 230, 224)"
photo_47.jpg,88,Goat 3, Spoiled,"(211, 230, 223)"
photo_48.jpg,90,Goat 3, Spoiled,"(212, 230, 223)"
photo_49.jpg,92,Goat 3, Spoiled,"(213, 230, 223)"
photo_50.jpg,94,Goat 3, Spoiled,"(213, 230, 223)"
photo_51.jpg,96,Goat 3, Spoiled,"(214, 230, 223)"
photo_52.jpg,98,Goat 3, Spoiled,"(215, 230, 223)"
photo_53.jpg,100,Goat 3, Spoiled,"(216, 230, 222)"
photo_54.jpg,102,Goat 3, Spoiled,"(216, 230, 222)"
photo_55.jpg,104,Goat 3, Spoiled,"(217, 231, 222)"
photo_56.jpg,106,Goat 3, Spoiled,"(218, 231, 221)"
photo_57.jpg,108,Goat 3, Spoiled,"(218, 231, 221)"
photo_58.jpg,110,Goat 3, Spoiled,"(219, 231, 221)"
photo_59.jpg,112,Goat 3, Spoiled,"(219, 231, 221)"
photo_60.jpg,114,Goat 3, Spoiled,"(219, 231, 220)"
photo_61.jpg,116,Goat 3, Spoiled,"(219, 230, 220)"
photo_62.jpg,118,Goat 3, Spoiled,"(219, 231, 220)"
photo_63.jpg,120,Goat 3, Spoiled,"(219, 231, 220)"
photo_64.jpg,122,Goat 3, Spoiled,"(219, 231, 220)"
photo_65.jpg,124,Goat 3, Spoiled,"(220, 230, 220)"
photo_66.jpg,126,Goat 3, Spoiled,"(220, 231, 219)"
photo_67.jpg,128,Goat 3, Spoiled,"(220, 231, 219)"
photo_68.jpg,130,Goat 3, Spoiled,"(220, 231, 219)"
photo_69.jpg,132,Goat 3, Spoiled,"(220, 230, 219)"
photo_70.jpg,134,Goat 3, Spoiled,"(220, 230, 219)"
photo_71.jpg,136,Goat 3, Spoiled,"(220, 230, 219)"
photo_72.jpg,138,Goat 3, Spoiled,"(220, 230, 219)"
photo_73.jpg,140,Goat 3, Spoiled,"(220, 230, 219)"
photo_74.jpg,142,Goat 3, Spoiled,"(220, 230, 219)"
photo_75.jpg,144,Goat 3, Spoiled,"(220, 230, 219)"
photo_76.jpg,146,Goat 3, Spoiled,"(220, 230, 219)"
photo_77.jpg,148,Goat 3, Spoiled,"(219, 230, 219)"
photo_78.jpg,150,Goat 3, Spoiled,"(219, 230, 219)"
photo_79.jpg,152,Goat 3, Spoiled,"(219, 230, 219)"
photo_80.jpg,154,Goat 3, Spoiled,"(219, 230, 219)"
photo_81.jpg,156,Goat 3, Spoiled,"(219, 230, 218)"
photo_82.jpg,158,Goat 3, Spoiled,"(219, 229, 219)"
photo_83.jpg,160,Goat 3, Spoiled,"(219, 229, 219)"
photo_84.jpg,162,Goat 3, Spoiled,"(218, 229, 218)"
photo_85.jpg,164,Goat 3, Spoiled,"(218, 229, 218)"
photo_86.jpg,166,Goat 3, Spoiled,"(217, 229, 218)"
photo_87.jpg,168,Goat 3, Spoiled,"(217, 228, 218)"
photo_88.jpg,170,Goat 3, Spoiled,"(217, 228, 217)"
photo_89.jpg,172,Goat 3, Spoiled,"(216, 227, 220)"
photo_90.jpg,174,Goat 3, Spoiled,"(216, 226, 220)"
photo_91.jpg,176,Goat 3, Spoiled,"(215, 226, 220)"
photo_92.jpg,178,Goat 3, Spoiled,"(214, 225, 219)"
photo_93.jpg,180,Goat 3, Spoiled,"(214, 225, 218)"
photo_94.jpg,182,Goat 3, Spoiled,"(213, 224, 217)"
photo_95.jpg,184,Goat 3, Spoiled,"(212, 223, 216)"
photo_96.jpg,186,Goat 3, Spoiled,"(211, 222, 215)"
photo_97.jpg,188,Goat 3, Spoiled,"(211, 221, 214)"
photo_98.jpg,190,Goat 3, Spoiled,"(210, 221, 214)"
photo_99.jpg,192,Goat 3, Spoiled,"(209, 220, 213)"
photo_100.jpg,194,Goat 3, Spoiled,"(208, 220, 212)"
photo_101.jpg,196,Goat 3, Spoiled,"(208, 219, 211)"
photo_102.jpg,198,Goat 3, Spoiled,"(207, 219, 211)"
photo_103.jpg,200,Goat 3, Spoiled,"(207, 218, 210)"
photo_104.jpg,202,Goat 3, Spoiled,"(206, 218, 210)"
photo_105.jpg,204,Goat 3, Spoiled,"(206, 217, 210)"
photo_106.jpg,206,Goat 3, Spoiled,"(206, 217, 209)"
photo_107.jpg,208,Goat 3, Spoiled,"(205, 217, 208)"
photo_108.jpg,210,Goat 3, Spoiled,"(205, 216, 208)"
photo_109.jpg,212,Goat 3, Spoiled,"(205, 216, 208)"
photo_110.jpg,214,Goat 3, Spoiled,"(205, 216, 208)"
photo_111.jpg,216,Goat 3, Spoiled,"(204, 215, 208)"
photo_112.jpg,218,Goat 3, Spoiled,"(204, 215, 207)"
photo_113.jpg,220,Goat 3, Spoiled,"(204, 215, 207)"
photo_114.jpg,222,Goat 3, Spoiled,"(204, 215, 207)"
photo_115.jpg,224,Goat 3, Spoiled,"(204, 215, 206)"
photo_116.jpg,226,Goat 3, Spoiled,"(203, 215, 207)"
photo_117.jpg,228,Goat 3, Spoiled,"(203, 214, 207)"
photo_118.jpg,230,Goat 3, Spoiled,"(203, 214, 206)"
photo_119.jpg,232,Goat 3, Spoiled,"(203, 214, 206)"
photo_120.jpg,234,Goat 3, Spoiled,"(202, 214, 206)"
photo_121.jpg,236,Goat 3, Spoiled,"(202, 214, 206)"
photo_122.jpg,238,Goat 3, Spoiled,"(203, 214, 206)"
photo_123.jpg,240,Goat 3, Spoiled,"(202, 214, 206)"
photo_124.jpg,242,Goat 3, Spoiled,"(202, 214, 206)"
photo_125.jpg,244,Goat 3, Spoiled,"(202, 214, 206)"
photo_126.jpg,246,Goat 3, Spoiled,"(202, 214, 206)"
photo_127.jpg,248,Goat 3, Spoiled,"(202, 213, 206)"
photo_128.jpg,250,Goat 3, Spoiled,"(202, 214, 205)"
photo_129.jpg,252,Goat 3, Spoiled,"(202, 213, 206)"
photo_130.jpg,254,Goat 3, Spoiled,"(202, 214, 206)"
photo_131.jpg,256,Goat 3, Spoiled,"(202, 213, 205)"
photo_132.jpg,258,Goat 3, Spoiled,"(202, 213, 206)"
photo_133.jpg,260,Goat 3, Spoiled,"(202, 214, 206)"
photo_134.jpg,262,Goat 3, Spoiled,"(202, 213, 206)"
photo_135.jpg,264,Goat 3, Spoiled,"(202, 213, 206)"
photo_136.jpg,266,Goat 3, Spoiled,"(201, 213, 206)"
photo_137.jpg,268,Goat 3, Spoiled,"(201, 213, 205)"
photo_138.jpg,270,Goat 3, Spoiled,"(201, 213, 206)"
photo_139.jpg,272,Goat 3, Spoiled,"(201, 213, 206)"
photo_140.jpg,274,Goat 3, Spoiled,"(201, 213, 206)"
photo_141.jpg,276,Goat 3, Spoiled,"(201, 213, 206)"
photo_142.jpg,278,Goat 3, Spoiled,"(201, 213, 206)"
photo_143.jpg,280,Goat 3, Spoiled,"(201, 213, 206)"
photo_144.jpg,282,Goat 3, Spoiled,"(201, 213, 206)"
photo_145.jpg,284,Goat 3, Spoiled,"(201, 213, 206)"
photo_146.jpg,286,Goat 3, Spoiled,"(201, 213, 206)"
photo_147.jpg,288,Goat 3, Spoiled,"(201, 213, 206)"
photo_148.jpg,290,Goat 3, Spoiled,"(201, 213, 206)"
photo_149.jpg,292,Goat 3, Spoiled,"(201, 213, 206)"
photo_150.jpg,294,Goat 3, Spoiled,"(201, 213, 206)"
photo_151.jpg,296,Goat 3, Spoiled,"(201, 213, 206)"
photo_152.jpg,298,Goat 3, Spoiled,"(201, 213, 206)"
photo_153.jpg,300,Goat 3, Spoiled,"(201, 213, 206)"
photo_154.jpg,302,Goat 3, Spoiled,"(201, 213, 206)"
photo_155.jpg,304,Goat 3, Spoiled,"(200, 213, 206)"
photo_156.jpg,306,Goat 3, Spoiled,"(201, 213, 206)"
photo_157.jpg,308,Goat 3, Spoiled,"(200, 213, 206)"
photo_158.jpg,310,Goat 3, Spoiled,"(200, 213, 206)"
photo_159.jpg,312,Goat 3, Spoiled,"(200, 213, 206)"
photo_160.jpg,314,Goat 3, Spoiled,"(200, 213, 206)"
photo_161.jpg,316,Goat 3, Spoiled,"(200, 213, 206)"
photo_162.jpg,318,Goat 3, Spoiled,"(200, 213, 206)"
photo_163.jpg,320,Goat 3, Spoiled,"(200, 213, 206)"
photo_164.jpg,322,Goat 3, Spoiled,"(200, 213, 206)"
photo_165.jpg,324,Goat 3, Spoiled,"(200, 213, 206)"
photo_166.jpg,326,Goat 3, Spoiled,"(200, 213, 206)"
photo_167.jpg,328,Goat 3, Spoiled,"(199, 213, 206)"
photo_168.jpg,330,Goat 3, Spoiled,"(200, 213, 207)"
photo_169.jpg,332,Goat 3, Spoiled,"(200, 213, 206)"
photo_170.jpg,334,Goat 3, Spoiled,"(200, 213, 207)"
photo_171.jpg,336,Goat 3, Spoiled,"(199, 213, 206)"
photo_172.jpg,338,Goat 3, Spoiled,"(199, 213, 207)"
photo_173.jpg,340,Goat 3, Spoiled,"(199, 213, 207)"
photo_174.jpg,342,Goat 3, Spoiled,"(200, 213, 207)"
photo_175.jpg,344,Goat 3, Spoiled,"(199, 213, 206)"
photo_176.jpg,346,Goat 3, Spoiled,"(199, 212, 206)"
photo_177.jpg,348,Goat 3, Spoiled,"(199, 212, 207)"
photo_178.jpg,350,Goat 3, Spoiled,"(199, 212, 207)"
photo_179.jpg,352,Goat 3, Spoiled,"(199, 212, 206)"
photo_180.jpg,354,Goat 3, Spoiled,"(199, 212, 207)"
photo_181.jpg,356,Goat 3, Spoiled,"(199, 212, 207)"
photo_182.jpg,358,Goat 3, Spoiled,"(199, 212, 207)"
photo_183.jpg,360,Goat 3, Spoiled,"(199, 212, 207)"
photo_184.jpg,362,Goat 3, Spoiled,"(199, 212, 207)"
photo_185.jpg,364,Goat 3, Spoiled,"(199, 212, 207)"
photo_186.jpg,366,Goat 3, Spoiled,"(198, 212, 206)"
photo_187.jpg,368,Goat 3, Spoiled,"(198, 212, 207)"
photo_188.jpg,370,Goat 3, Spoiled,"(198, 212, 206)"
photo_189.jpg,372,Goat 3, Spoiled,"(198, 212, 207)"
photo_190.jpg,374,Goat 3, Spoiled,"(198, 212, 207)"
photo_191.jpg,376,Goat 3, Spoiled,"(198, 212, 207)"
photo_192.jpg,378,Goat 3, Spoiled,"(198, 212, 207)"
photo_193.jpg,380,Goat 3, Spoiled,"(198, 212, 207)"
photo_194.jpg,382,Goat 3, Spoiled,"(198, 212, 207)"
photo_195.jpg,384,Goat 3, Spoiled,"(198, 212, 206)"
photo_196.jpg,386,Goat 3, Spoiled,"(198, 212, 207)"
photo_197.jpg,388,Goat 3, Spoiled,"(197, 212, 207)"
photo_198.jpg,390,Goat 3, Spoiled,"(198, 212, 207)"
photo_199.jpg,392,Goat 3, Spoiled,"(197, 212, 207)"
photo_200.jpg,394,Goat 3, Spoiled,"(198, 212, 207)"
photo_201.jpg,396,Goat 3, Spoiled,"(197, 212, 207)"
photo_202.jpg,398,Goat 3, Spoiled,"(197, 212, 207)"
photo_203.jpg,400,Goat 3, Spoiled,"(197, 211, 207)"
photo_204.jpg,402,Goat 3, Spoiled,"(197, 212, 207)"
photo_205.jpg,404,Goat 3, Spoiled,"(197, 212, 207)"
photo_206.jpg,406,Goat 3, Spoiled,"(197, 211, 207)"
photo_207.jpg,408,Goat 3, Spoiled,"(197, 211, 207)"
photo_208.jpg,410,Goat 3, Spoiled,"(196, 212, 207)"
photo_209.jpg,412,Goat 3, Spoiled,"(197, 211, 207)"
photo_210.jpg,414,Goat 3, Spoiled,"(197, 211, 207)"
photo_211.jpg,416,Goat 3, Spoiled,"(196, 211, 207)"
photo_212.jpg,418,Goat 3, Spoiled,"(197, 211, 207)"
photo_213.jpg,420,Goat 3, Spoiled,"(196, 211, 207)"
photo_214.jpg,422,Goat 3, Spoiled,"(196, 211, 207)"
photo_215.jpg,424,Goat 3, Spoiled,"(196, 211, 208)"
photo_216.jpg,426,Goat 3, Spoiled,"(196, 211, 208)"
photo_217.jpg,428,Goat 3, Spoiled,"(196, 211, 208)"
photo_218.jpg,430,Goat 3, Spoiled,"(196, 211, 207)"
photo_219.jpg,432,Goat 3, Spoiled,"(196, 211, 208)"
photo_220.jpg,434,Goat 3, Spoiled,"(196, 211, 208)"
photo_221.jpg,436,Goat 3, Spoiled,"(196, 211, 208)"
photo_3.jpg,2,Goat 3, Spoiled,"(203, 239, 239)"
photo_4.jpg,4,Goat 3, Spoiled,"(209, 242, 240)"
photo_5.jpg,6,Goat 3, Spoiled,"(214, 244, 240)"
photo_6.jpg,8,Goat 3, Spoiled,"(216, 244, 237)"
photo_7.jpg,10,Goat 3, Spoiled,"(218, 244, 234)"
photo_8.jpg,12,Goat 3, Spoiled,"(221, 245, 234)"
photo_9.jpg,14,Goat 3, Spoiled,"(222, 244, 230)"
photo_10.jpg,16,Goat 3, Spoiled,"(224, 245, 230)"
photo_11.jpg,18,Goat 3, Spoiled,"(227, 245, 230)"
photo_12.jpg,20,Goat 3, Spoiled,"(228, 245, 229)"
photo_13.jpg,22,Goat 3, Spoiled,"(230, 246, 228)"
photo_14.jpg,24,Goat 3, Spoiled,"(231, 246, 228)"
photo_15.jpg,26,Goat 3, Spoiled,"(233, 246, 228)"
photo_16.jpg,28,Goat 3, Spoiled,"(234, 246, 228)"
photo_17.jpg,30,Goat 3, Spoiled,"(235, 247, 227)"
photo_18.jpg,32,Goat 3, Spoiled,"(235, 247, 227)"
photo_19.jpg,34,Goat 3, Spoiled,"(236, 247, 227)"
photo_20.jpg,36,Goat 3, Spoiled,"(236, 247, 227)"
photo_21.jpg,38,Goat 3, Spoiled,"(236, 247, 227)"
photo_22.jpg,40,Goat 3, Spoiled,"(237, 247, 226)"
photo_23.jpg,42,Goat 3, Spoiled,"(237, 247, 226)"
photo_24.jpg,44,Goat 3, Spoiled,"(237, 247, 226)"
photo_25.jpg,46,Goat 3, Spoiled,"(237, 247, 226)"
photo_26.jpg,48,Goat 3, Spoiled,"(237, 247, 226)"
photo_27.jpg,50,Goat 3, Spoiled,"(238, 247, 226)"
photo_28.jpg,52,Goat 3, Spoiled,"(238, 247, 226)"
photo_29.jpg,54,Goat 3, Spoiled,"(238, 247, 227)"
photo_30.jpg,56,Goat 3, Spoiled,"(238, 247, 226)"
photo_31.jpg,58,Goat 3, Spoiled,"(238, 247, 226)"
photo_32.jpg,60,Goat 3, Spoiled,"(238, 247, 226)"
photo_33.jpg,62,Goat 3, Spoiled,"(238, 247, 226)"
photo_34.jpg,64,Goat 3, Spoiled,"(238, 247, 226)"
photo_35.jpg,66,Goat 3, Spoiled,"(238, 247, 226)"
photo_36.jpg,68,Goat 3, Spoiled,"(238, 247, 226)"
photo_37.jpg,70,Goat 3, Spoiled,"(238, 247, 226)"
photo_38.jpg,72,Goat 3, Spoiled,"(238, 247, 226)"
photo_39.jpg,74,Goat 3, Spoiled,"(238, 247, 226)"
photo_40.jpg,76,Goat 3, Spoiled,"(238, 247, 226)"
photo_41.jpg,78,Goat 3, Spoiled,"(238, 247, 227)"
photo_42.jpg,80,Goat 3, Spoiled,"(239, 247, 226)"
photo_43.jpg,82,Goat 3, Spoiled,"(238, 247, 226)"
photo_44.jpg,84,Goat 3, Spoiled,"(238, 247, 226)"
photo_45.jpg,86,Goat 3, Spoiled,"(238, 247, 226)"
photo_46.jpg,88,Goat 3, Spoiled,"(238, 247, 226)"
photo_47.jpg,90,Goat 3, Spoiled,"(238, 247, 227)"
photo_48.jpg,92,Goat 3, Spoiled,"(238, 247, 226)"
photo_49.jpg,94,Goat 3, Spoiled,"(238, 247, 227)"
photo_50.jpg,96,Goat 3, Spoiled,"(238, 247, 227)"
photo_51.jpg,98,Goat 3, Spoiled,"(238, 247, 227)"
photo_52.jpg,100,Goat 3, Spoiled,"(238, 248, 227)"
photo_53.jpg,102,Goat 3, Spoiled,"(239, 247, 227)"
photo_54.jpg,104,Goat 3, Spoiled,"(239, 247, 227)"
photo_55.jpg,106,Goat 3, Spoiled,"(239, 247, 227)"
photo_56.jpg,108,Goat 3, Spoiled,"(238, 247, 227)"
photo_57.jpg,110,Goat 3, Spoiled,"(238, 247, 227)"
photo_58.jpg,112,Goat 3, Spoiled,"(238, 247, 227)"
photo_59.jpg,114,Goat 3, Spoiled,"(239, 247, 227)"
photo_60.jpg,116,Goat 3, Spoiled,"(239, 247, 227)"
photo_61.jpg,118,Goat 3, Spoiled,"(239, 247, 227)"
photo_62.jpg,120,Goat 3, Spoiled,"(239, 247, 227)"
photo_63.jpg,122,Goat 3, Spoiled,"(238, 247, 227)"
photo_64.jpg,124,Goat 3, Spoiled,"(238, 247, 227)"
photo_65.jpg,126,Goat 3, Spoiled,"(238, 247, 227)"
photo_66.jpg,128,Goat 3, Spoiled,"(238, 247, 227)"
photo_67.jpg,130,Goat 3, Spoiled,"(239, 247, 227)"
photo_68.jpg,132,Goat 3, Spoiled,"(239, 248, 227)"
photo_69.jpg,134,Goat 3, Spoiled,"(239, 247, 227)"
photo_70.jpg,136,Goat 3, Spoiled,"(239, 247, 227)"
photo_71.jpg,138,Goat 3, Spoiled,"(238, 247, 227)"
photo_72.jpg,140,Goat 3, Spoiled,"(238, 248, 227)"
photo_73.jpg,142,Goat 3, Spoiled,"(239, 247, 227)"
photo_74.jpg,144,Goat 3, Spoiled,"(238, 248, 227)"
photo_75.jpg,146,Goat 3, Spoiled,"(239, 247, 227)"
photo_76.jpg,148,Goat 3, Spoiled,"(239, 248, 227)"
photo_77.jpg,150,Goat 3, Spoiled,"(238, 248, 227)"
photo_78.jpg,152,Goat 3, Spoiled,"(238, 248, 227)"
photo_79.jpg,154,Goat 3, Spoiled,"(239, 247, 227)"
photo_80.jpg,156,Goat 3, Spoiled,"(239, 247, 227)"
photo_81.jpg,158,Goat 3, Spoiled,"(238, 247, 227)"
photo_82.jpg,160,Goat 3, Spoiled,"(238, 247, 227)"
photo_83.jpg,162,Goat 3, Spoiled,"(238, 247, 228)"
photo_84.jpg,164,Goat 3, Spoiled,"(238, 247, 227)"
photo_85.jpg,166,Goat 3, Spoiled,"(238, 247, 228)"
photo_86.jpg,168,Goat 3, Spoiled,"(239, 247, 228)"
photo_87.jpg,170,Goat 3, Spoiled,"(239, 247, 227)"
photo_88.jpg,172,Goat 3, Spoiled,"(239, 247, 227)"
photo_89.jpg,174,Goat 3, Spoiled,"(238, 247, 228)"
photo_90.jpg,176,Goat 3, Spoiled,"(238, 247, 227)"
photo_91.jpg,178,Goat 3, Spoiled,"(239, 247, 228)"
photo_92.jpg,180,Goat 3, Spoiled,"(238, 247, 228)"
photo_93.jpg,182,Goat 3, Spoiled,"(238, 248, 227)"
photo_94.jpg,184,Goat 3, Spoiled,"(238, 247, 228)"
photo_95.jpg,186,Goat 3, Spoiled,"(238, 247, 228)"
photo_96.jpg,188,Goat 3, Spoiled,"(237, 248, 228)"
photo_97.jpg,190,Goat 3, Spoiled,"(236, 248, 228)"
photo_98.jpg,192,Goat 3, Spoiled,"(237, 248, 228)"
photo_99.jpg,194,Goat 3, Spoiled,"(237, 248, 228)"
photo_100.jpg,196,Goat 3, Spoiled,"(236, 248, 228)"
photo_101.jpg,198,Goat 3, Spoiled,"(237, 248, 228)"
photo_102.jpg,200,Goat 3, Spoiled,"(236, 248, 228)"
photo_103.jpg,202,Goat 3, Spoiled,"(236, 248, 228)"
photo_104.jpg,204,Goat 3, Spoiled,"(236, 248, 228)"
photo_105.jpg,206,Goat 3, Spoiled,"(237, 248, 228)"
photo_106.jpg,208,Goat 3, Spoiled,"(237, 248, 228)"
photo_107.jpg,210,Goat 3, Spoiled,"(237, 248, 228)"
photo_108.jpg,212,Goat 3, Spoiled,"(237, 248, 228)"
photo_109.jpg,214,Goat 3, Spoiled,"(236, 248, 229)"
photo_110.jpg,216,Goat 3, Spoiled,"(236, 248, 229)"
photo_111.jpg,218,Goat 3, Spoiled,"(236, 248, 229)"
photo_112.jpg,220,Goat 3, Spoiled,"(237, 248, 229)"
photo_113.jpg,222,Goat 3, Spoiled,"(237, 248, 229)"
photo_114.jpg,224,Goat 3, Spoiled,"(236, 248, 229)"
photo_115.jpg,226,Goat 3, Spoiled,"(236, 248, 229)"
photo_116.jpg,228,Goat 3, Spoiled,"(236, 248, 228)"
photo_117.jpg,230,Goat 3, Spoiled,"(236, 248, 229)"
photo_118.jpg,232,Goat 3, Spoiled,"(236, 248, 228)"
photo_119.jpg,234,Goat 3, Spoiled,"(237, 248, 228)"
photo_120.jpg,236,Goat 3, Spoiled,"(236, 248, 229)"
photo_121.jpg,238,Goat 3, Spoiled,"(237, 248, 229)"
photo_122.jpg,240,Goat 3, Spoiled,"(236, 248, 229)"
photo_123.jpg,242,Goat 3, Spoiled,"(236, 248, 229)"
photo_124.jpg,244,Goat 3, Spoiled,"(236, 248, 229)"
photo_125.jpg,246,Goat 3, Spoiled,"(236, 248, 229)"
photo_126.jpg,248,Goat 3, Spoiled,"(236, 248, 229)"
photo_127.jpg,250,Goat 3, Spoiled,"(236, 248, 229)"
photo_128.jpg,252,Goat 3, Spoiled,"(236, 248, 229)"
photo_129.jpg,254,Goat 3, Spoiled,"(236, 248, 229)"
photo_130.jpg,256,Goat 3, Spoiled,"(236, 248, 229)"
photo_131.jpg,258,Goat 3, Spoiled,"(236, 247, 229)"
photo_132.jpg,260,Goat 3, Spoiled,"(236, 248, 229)"
photo_133.jpg,262,Goat 3, Spoiled,"(236, 247, 229)"
photo_134.jpg,264,Goat 3, Spoiled,"(236, 247, 229)"
photo_135.jpg,266,Goat 3, Spoiled,"(236, 248, 229)"
photo_136.jpg,268,Goat 3, Spoiled,"(236, 248, 229)"
photo_137.jpg,270,Goat 3, Spoiled,"(236, 247, 229)"
photo_138.jpg,272,Goat 3, Spoiled,"(236, 248, 229)"
photo_139.jpg,274,Goat 3, Spoiled,"(236, 248, 229)"
photo_140.jpg,276,Goat 3, Spoiled,"(236, 247, 229)"
photo_141.jpg,278,Goat 3, Spoiled,"(236, 248, 229)"
photo_142.jpg,280,Goat 3, Spoiled,"(236, 248, 229)"
photo_143.jpg,282,Goat 3, Spoiled,"(236, 248, 229)"
photo_144.jpg,284,Goat 3, Spoiled,"(236, 248, 229)"
photo_145.jpg,286,Goat 3, Spoiled,"(236, 248, 229)"
photo_146.jpg,288,Goat 3, Spoiled,"(236, 248, 229)"
photo_147.jpg,290,Goat 3, Spoiled,"(236, 247, 229)"
photo_148.jpg,292,Goat 3, Spoiled,"(236, 248, 230)"
photo_149.jpg,294,Goat 3, Spoiled,"(236, 248, 229)"
photo_150.jpg,296,Goat 3, Spoiled,"(236, 248, 229)"
photo_151.jpg,298,Goat 3, Spoiled,"(236, 248, 230)"
photo_152.jpg,300,Goat 3, Spoiled,"(236, 247, 229)"
photo_153.jpg,302,Goat 3, Spoiled,"(236, 248, 229)"
photo_154.jpg,304,Goat 3, Spoiled,"(236, 248, 229)"
photo_155.jpg,306,Goat 3, Spoiled,"(236, 248, 230)"
photo_156.jpg,308,Goat 3, Spoiled,"(236, 248, 229)"
photo_157.jpg,310,Goat 3, Spoiled,"(236, 248, 230)"
photo_158.jpg,312,Goat 3, Spoiled,"(236, 248, 230)"
photo_159.jpg,314,Goat 3, Spoiled,"(235, 247, 230)"
photo_160.jpg,316,Goat 3, Spoiled,"(236, 248, 230)"
photo_161.jpg,318,Goat 3, Spoiled,"(236, 247, 230)"
photo_162.jpg,320,Goat 3, Spoiled,"(236, 247, 230)"
photo_163.jpg,322,Goat 3, Spoiled,"(236, 247, 230)"
photo_164.jpg,324,Goat 3,Spoiled,"(236, 247, 230)"
photo_165.jpg,326,Goat 3,Spoiled,"(236, 247, 230)"
photo_166.jpg,328,Goat 3,Spoiled,"(236, 248, 230)"
photo_167.jpg,330,Goat 3,Spoiled,"(236, 247, 230)"
photo_168.jpg,332,Goat 3,Spoiled,"(236, 247, 230)"
photo_169.jpg,334,Goat 3,Spoiled,"(236, 247, 230)"
photo_170.jpg,336,Goat 3,Spoiled,"(235, 248, 230)"
photo_171.jpg,338,Goat 3,Spoiled,"(236, 247, 230)"
photo_172.jpg,340,Goat 3,Spoiled,"(236, 247, 230)"
photo_173.jpg,342,Goat 3,Spoiled,"(235, 247, 230)"
photo_174.jpg,344,Goat 3,Spoiled,"(235, 247, 230)"
photo_175.jpg,346,Goat 3,Spoiled,"(236, 247, 230)"
photo_176.jpg,348,Goat 3,Spoiled,"(235, 248, 230)"
photo_177.jpg,350,Goat 3,Spoiled,"(236, 247, 230)"
photo_178.jpg,352,Goat 3,Spoiled,"(235, 248, 230)"
photo_179.jpg,354,Goat 3,Spoiled,"(236, 247, 230)"
photo_180.jpg,356,Goat 3,Spoiled,"(236, 248, 230)"
photo_3.jpg,2,Goat 3,Spoiled,"(191, 233, 244)"
photo_4.jpg,4,Goat 3,Spoiled,"(196, 236, 246)"
photo_5.jpg,6,Goat 3,Spoiled,"(198, 237, 246)"
photo_6.jpg,8,Goat 3,Spoiled,"(201, 239, 245)"
photo_7.jpg,10,Goat 3,Spoiled,"(203, 239, 244)"
photo_8.jpg,12,Goat 3,Spoiled,"(206, 241, 243)"
photo_9.jpg,14,Goat 3,Spoiled,"(208, 241, 241)"
photo_10.jpg,16,Goat 3,Spoiled,"(212, 242, 240)"
photo_11.jpg,18,Goat 3,Spoiled,"(215, 243, 240)"
photo_12.jpg,20,Goat 3,Spoiled,"(218, 244, 239)"
photo_13.jpg,22,Goat 3,Spoiled,"(221, 245, 239)"
photo_14.jpg,24,Goat 3,Spoiled,"(223, 245, 238)"
photo_15.jpg,26,Goat 3,Spoiled,"(226, 245, 238)"
photo_16.jpg,28,Goat 3,Spoiled,"(228, 246, 237)"
photo_17.jpg,30,Goat 3,Spoiled,"(229, 246, 237)"
photo_18.jpg,32,Goat 3,Spoiled,"(231, 246, 236)"
photo_19.jpg,34,Goat 3,Spoiled,"(232, 246, 236)"
photo_20.jpg,36,Goat 3,Spoiled,"(233, 246, 235)"
photo_21.jpg,38,Goat 3,Spoiled,"(234, 247, 235)"
photo_22.jpg,40,Goat 3,Spoiled,"(235, 247, 235)"
photo_23.jpg,42,Goat 3,Spoiled,"(236, 247, 235)"
photo_24.jpg,44,Goat 3,Spoiled,"(236, 247, 234)"
photo_25.jpg,46,Goat 3,Spoiled,"(237, 247, 234)"
photo_26.jpg,48,Goat 3,Spoiled,"(237, 247, 234)"
photo_27.jpg,50,Goat 3,Spoiled,"(237, 247, 234)"
photo_28.jpg,52,Goat 3,Spoiled,"(237, 247, 235)"
photo_29.jpg,54,Goat 3,Spoiled,"(237, 247, 235)"
photo_30.jpg,56,Goat 3,Spoiled,"(236, 247, 235)"
photo_31.jpg,58,Goat 3,Spoiled,"(236, 247, 235)"
photo_32.jpg,60,Goat 3,Spoiled,"(236, 247, 235)"
photo_33.jpg,62,Goat 3,Spoiled,"(236, 247, 235)"
photo_34.jpg,64,Goat 3,Spoiled,"(236, 247, 235)"
photo_35.jpg,66,Goat 3,Spoiled,"(236, 247, 235)"
photo_36.jpg,68,Goat 3,Spoiled,"(236, 247, 235)"
photo_37.jpg,70,Goat 3,Spoiled,"(236, 247, 235)"
photo_38.jpg,72,Goat 3,Spoiled,"(236, 247, 235)"
photo_39.jpg,74,Goat 3,Spoiled,"(236, 247, 235)"
photo_40.jpg,76,Goat 3,Spoiled,"(236, 247, 235)"
photo_41.jpg,78,Goat 3,Spoiled,"(236, 247, 235)"
photo_42.jpg,80,Goat 3,Spoiled,"(236, 247, 235)"
photo_43.jpg,82,Goat 3,Spoiled,"(237, 247, 235)"
photo_44.jpg,84,Goat 3,Spoiled,"(237, 247, 235)"
photo_45.jpg,86,Goat 3,Spoiled,"(237, 247, 235)"
photo_46.jpg,88,Goat 3,Spoiled,"(237, 247, 235)"
photo_47.jpg,90,Goat 3,Spoiled,"(238, 247, 235)"
photo_48.jpg,92,Goat 3,Spoiled,"(238, 247, 235)"
photo_49.jpg,94,Goat 3,Spoiled,"(238, 247, 234)"
photo_50.jpg,96,Goat 3,Spoiled,"(238, 247, 235)"
photo_51.jpg,98,Goat 3,Spoiled,"(238, 247, 235)"
photo_52.jpg,100,Goat 3,Spoiled,"(239, 248, 234)"
photo_53.jpg,102,Goat 3,Spoiled,"(239, 247, 234)"
photo_54.jpg,104,Goat 3,Spoiled,"(239, 247, 234)"
photo_55.jpg,106,Goat 3,Spoiled,"(239, 247, 234)"
photo_56.jpg,108,Goat 3,Spoiled,"(239, 248, 234)"
photo_57.jpg,110,Goat 3,Spoiled,"(239, 248, 234)"
photo_58.jpg,112,Goat 3,Spoiled,"(239, 248, 234)"
photo_59.jpg,114,Goat 3,Spoiled,"(240, 248, 234)"
photo_60.jpg,116,Goat 3,Spoiled,"(240, 248, 234)"
photo_61.jpg,118,Goat 3,Spoiled,"(240, 248, 234)"
photo_62.jpg,120,Goat 3,Spoiled,"(240, 248, 234)"
photo_63.jpg,122,Goat 3,Spoiled,"(240, 248, 234)"
photo_64.jpg,124,Goat 3,Spoiled,"(240, 248, 234)"
photo_65.jpg,126,Goat 3,Spoiled,"(240, 248, 234)"
photo_66.jpg,128,Goat 3,Spoiled,"(240, 248, 234)"
photo_67.jpg,130,Goat 3,Spoiled,"(240, 248, 234)"
photo_68.jpg,132,Goat 3,Spoiled,"(240, 248, 234)"
photo_69.jpg,134,Goat 3,Spoiled,"(240, 248, 234)"
photo_70.jpg,136,Goat 3,Spoiled,"(240, 248, 234)"
photo_71.jpg,138,Goat 3,Spoiled,"(241, 248, 234)"
photo_72.jpg,140,Goat 3,Spoiled,"(241, 248, 234)"
photo_73.jpg,142,Goat 3,Spoiled,"(240, 248, 233)"
photo_74.jpg,144,Goat 3,Spoiled,"(241, 248, 234)"
photo_75.jpg,146,Goat 3,Spoiled,"(241, 248, 234)"
photo_76.jpg,148,Goat 3,Spoiled,"(241, 248, 234)"
photo_77.jpg,150,Goat 3,Spoiled,"(241, 248, 234)"
photo_78.jpg,152,Goat 3,Spoiled,"(241, 248, 234)"
photo_79.jpg,154,Goat 3,Spoiled,"(241, 248, 233)"
photo_80.jpg,156,Goat 3,Spoiled,"(241, 248, 234)"
photo_81.jpg,158,Goat 3,Spoiled,"(241, 248, 233)"
photo_82.jpg,160,Goat 3,Spoiled,"(241, 248, 234)"
photo_83.jpg,162,Goat 3,Spoiled,"(241, 248, 234)"
photo_84.jpg,164,Goat 3,Spoiled,"(241, 248, 234)"
photo_85.jpg,166,Goat 3,Spoiled,"(241, 248, 234)"
photo_86.jpg,168,Goat 3,Spoiled,"(241, 248, 233)"
photo_87.jpg,170,Goat 3,Spoiled,"(241, 248, 233)"
photo_88.jpg,172,Goat 3,Spoiled,"(241, 248, 233)"
photo_89.jpg,174,Goat 3,Spoiled,"(241, 248, 234)"
photo_90.jpg,176,Goat 3,Spoiled,"(241, 248, 233)"
photo_91.jpg,178,Goat 3,Spoiled,"(241, 248, 233)"
photo_92.jpg,180,Goat 3,Spoiled,"(241, 248, 233)"
photo_93.jpg,182,Goat 3,Spoiled,"(241, 248, 233)"
photo_94.jpg,184,Goat 3,Spoiled,"(241, 248, 234)"
photo_95.jpg,186,Goat 3,Spoiled,"(241, 248, 233)"
photo_96.jpg,188,Goat 3,Spoiled,"(240, 248, 234)"
photo_97.jpg,190,Goat 3,Spoiled,"(240, 248, 234)"
photo_98.jpg,192,Goat 3,Spoiled,"(240, 248, 234)"
photo_99.jpg,194,Goat 3,Spoiled,"(240, 248, 234)"
photo_100.jpg,196,Goat 3,Spoiled,"(240, 248, 234)"
photo_101.jpg,198,Goat 3,Spoiled,"(240, 248, 234)"
photo_102.jpg,200,Goat 3,Spoiled,"(240, 248, 234)"
photo_103.jpg,202,Goat 3,Spoiled,"(240, 248, 234)"
photo_104.jpg,204,Goat 3,Spoiled,"(240, 248, 234)"
photo_105.jpg,206,Goat 3,Spoiled,"(240, 248, 234)"
photo_106.jpg,208,Goat 3,Spoiled,"(240, 248, 234)"
photo_107.jpg,210,Goat 3,Spoiled,"(240, 248, 234)"
photo_108.jpg,212,Goat 3,Spoiled,"(240, 248, 234)"
photo_109.jpg,214,Goat 3,Spoiled,"(240, 248, 234)"
photo_110.jpg,216,Goat 3,Spoiled,"(240, 248, 234)"
photo_111.jpg,218,Goat 3,Spoiled,"(240, 248, 234)"
photo_112.jpg,220,Goat 3,Spoiled,"(240, 248, 234)"
photo_113.jpg,222,Goat 3,Spoiled,"(240, 248, 234)"
photo_114.jpg,224,Goat 3,Spoiled,"(240, 248, 234)"
photo_115.jpg,226,Goat 3,Spoiled,"(240, 248, 234)"
photo_116.jpg,228,Goat 3,Spoiled,"(240, 248, 234)"
photo_117.jpg,230,Goat 3,Spoiled,"(240, 248, 234)"
photo_118.jpg,232,Goat 3,Spoiled,"(240, 248, 234)"
photo_119.jpg,234,Goat 3,Spoiled,"(240, 248, 234)"
photo_120.jpg,236,Goat 3,Spoiled,"(240, 248, 234)"
photo_121.jpg,238,Goat 3,Spoiled,"(240, 248, 234)"
photo_122.jpg,240,Goat 3,Spoiled,"(240, 248, 234)"
photo_123.jpg,242,Goat 3,Spoiled,"(240, 248, 234)"
photo_124.jpg,244,Goat 3,Spoiled,"(240, 248, 234)"
photo_125.jpg,246,Goat 3,Spoiled,"(240, 248, 234)"
photo_126.jpg,248,Goat 3,Spoiled,"(240, 248, 234)"
photo_127.jpg,250,Goat 3,Spoiled,"(240, 248, 234)"
photo_128.jpg,252,Goat 3,Spoiled,"(240, 248, 234)"
photo_129.jpg,254,Goat 3,Spoiled,"(240, 248, 234)"
photo_130.jpg,256,Goat 3,Spoiled,"(240, 248, 234)"
photo_131.jpg,258,Goat 3,Spoiled,"(240, 248, 234)"
photo_132.jpg,260,Goat 3,Spoiled,"(240, 248, 234)"
photo_133.jpg,262,Goat 3,Spoiled,"(240, 248, 234)"
photo_134.jpg,264,Goat 3,Spoiled,"(240, 248, 234)"
photo_135.jpg,266,Goat 3,Spoiled,"(240, 248, 234)"
photo_136.jpg,268,Goat 3,Spoiled,"(240, 248, 234)"
photo_137.jpg,270,Goat 3,Spoiled,"(240, 248, 235)"
photo_138.jpg,272,Goat 3,Spoiled,"(240, 248, 235)"
photo_139.jpg,274,Goat 3,Spoiled,"(240, 248, 235)"
photo_140.jpg,276,Goat 3,Spoiled,"(240, 248, 235)"
photo_141.jpg,278,Goat 3,Spoiled,"(240, 248, 234)"
photo_142.jpg,280,Goat 3,Spoiled,"(240, 248, 235)"
photo_143.jpg,282,Goat 3,Spoiled,"(240, 248, 235)"
photo_144.jpg,284,Goat 3,Spoiled,"(240, 248, 235)"
photo_145.jpg,286,Goat 3,Spoiled,"(240, 248, 235)"
photo_146.jpg,288,Goat 3,Spoiled,"(240, 248, 235)"
photo_147.jpg,290,Goat 3,Spoiled,"(240, 248, 235)"
photo_148.jpg,292,Goat 3,Spoiled,"(240, 248, 235)"
photo_149.jpg,294,Goat 3,Spoiled,"(240, 248, 235)"
photo_150.jpg,296,Goat 3,Spoiled,"(240, 248, 235)"
photo_151.jpg,298,Goat 3,Spoiled,"(240, 248, 235)"
photo_152.jpg,300,Goat 3,Spoiled,"(240, 248, 235)"
photo_153.jpg,302,Goat 3,Spoiled,"(240, 248, 235)"
photo_154.jpg,304,Goat 3,Spoiled,"(240, 248, 235)"
photo_155.jpg,306,Goat 3,Spoiled,"(240, 248, 235)"
photo_156.jpg,308,Goat 3,Spoiled,"(240, 248, 235)"
photo_157.jpg,310,Goat 3,Spoiled,"(240, 248, 234)"
photo_158.jpg,312,Goat 3,Spoiled,"(240, 248, 235)"
photo_159.jpg,314,Goat 3,Spoiled,"(240, 248, 234)"
photo_160.jpg,316,Goat 3,Spoiled,"(240, 248, 235)"
photo_161.jpg,318,Goat 3,Spoiled,"(240, 248, 235)"
photo_162.jpg,320,Goat 3,Spoiled,"(240, 248, 235)"
photo_163.jpg,322,Goat 3,Spoiled,"(240, 248, 235)"
photo_164.jpg,324,Goat 3,Spoiled,"(239, 248, 235)"
photo_165.jpg,326,Goat 3,Spoiled,"(240, 248, 235)"
photo_166.jpg,328,Goat 3,Spoiled,"(240, 248, 235)"
photo_167.jpg,330,Goat 3,Spoiled,"(240, 248, 235)"
photo_168.jpg,332,Goat 3,Spoiled,"(240, 248, 235)"
photo_169.jpg,334,Goat 3,Spoiled,"(240, 248, 235)"
photo_170.jpg,336,Goat 3,Spoiled,"(240, 248, 235)"
photo_171.jpg,338,Goat 3,Spoiled,"(240, 248, 235)"
photo_172.jpg,340,Goat 3,Spoiled,"(240, 248, 235)"
photo_173.jpg,342,Goat 3,Spoiled,"(240, 248, 235)"
photo_174.jpg,344,Goat 3,Spoiled,"(240, 248, 235)"
photo_175.jpg,346,Goat 3,Spoiled,"(240, 248, 235)"
photo_176.jpg,348,Goat 3,Spoiled,"(240, 248, 235)"
photo_177.jpg,350,Goat 3,Spoiled,"(240, 248, 235)"
photo_178.jpg,352,Goat 3,Spoiled,"(240, 248, 235)"
photo_179.jpg,354,Goat 3,Spoiled,"(240, 248, 235)"
photo_180.jpg,356,Goat 3,Spoiled,"(240, 248, 235)"
photo_3.jpg,2,Goat 3,Spoiled,"(177, 223, 242)"
photo_4.jpg,4,Goat 3,Spoiled,"(180, 225, 242)"
photo_5.jpg,6,Goat 3,Spoiled,"(183, 227, 241)"
photo_6.jpg,8,Goat 3,Spoiled,"(186, 229, 242)"
photo_7.jpg,10,Goat 3,Spoiled,"(189, 229, 240)"
photo_8.jpg,12,Goat 3,Spoiled,"(192, 231, 240)"
photo_9.jpg,14,Goat 3,Spoiled,"(194, 231, 238)"
photo_10.jpg,16,Goat 3,Spoiled,"(197, 232, 237)"
photo_11.jpg,18,Goat 3,Spoiled,"(200, 233, 237)"
photo_12.jpg,20,Goat 3,Spoiled,"(202, 234, 237)"
photo_13.jpg,22,Goat 3,Spoiled,"(204, 235, 236)"
photo_14.jpg,24,Goat 3,Spoiled,"(206, 236, 236)"
photo_15.jpg,26,Goat 3,Spoiled,"(208, 236, 235)"
photo_16.jpg,28,Goat 3,Spoiled,"(210, 237, 235)"
photo_17.jpg,30,Goat 3,Spoiled,"(212, 237, 235)"
photo_18.jpg,32,Goat 3,Spoiled,"(213, 238, 234)"
photo_19.jpg,34,Goat 3,Spoiled,"(215, 238, 234)"
photo_20.jpg,36,Goat 3,Spoiled,"(216, 238, 234)"
photo_21.jpg,38,Goat 3,Spoiled,"(217, 238, 234)"
photo_22.jpg,40,Goat 3,Spoiled,"(218, 239, 234)"
photo_23.jpg,42,Goat 3,Spoiled,"(219, 239, 234)"
photo_24.jpg,44,Goat 3,Spoiled,"(220, 239, 234)"
photo_25.jpg,46,Goat 3,Spoiled,"(220, 239, 233)"
photo_26.jpg,48,Goat 3,Spoiled,"(221, 239, 233)"
photo_27.jpg,50,Goat 3,Spoiled,"(222, 239, 233)"
photo_28.jpg,52,Goat 3,Spoiled,"(222, 239, 233)"
photo_29.jpg,54,Goat 3,Spoiled,"(222, 239, 233)"
photo_30.jpg,56,Goat 3,Spoiled,"(223, 239, 233)"
photo_31.jpg,58,Goat 3,Spoiled,"(223, 239, 233)"
photo_32.jpg,60,Goat 3,Spoiled,"(223, 240, 233)"
photo_33.jpg,62,Goat 3,Spoiled,"(224, 240, 233)"
photo_34.jpg,64,Goat 3,Spoiled,"(224, 239, 233)"
photo_35.jpg,66,Goat 3,Spoiled,"(224, 240, 233)"
photo_36.jpg,68,Goat 3,Spoiled,"(224, 240, 232)"
photo_37.jpg,70,Goat 3,Spoiled,"(224, 240, 233)"
photo_38.jpg,72,Goat 3,Spoiled,"(224, 239, 233)"
photo_39.jpg,74,Goat 3,Spoiled,"(224, 239, 233)"
photo_40.jpg,76,Goat 3,Spoiled,"(224, 239, 233)"
photo_41.jpg,78,Goat 3,Spoiled,"(223, 239, 233)"
photo_42.jpg,80,Goat 3,Spoiled,"(224, 239, 233)"
photo_43.jpg,82,Goat 3,Spoiled,"(224, 240, 232)"
photo_44.jpg,84,Goat 3,Spoiled,"(224, 239, 232)"
photo_45.jpg,86,Goat 3,Spoiled,"(224, 239, 233)"
photo_46.jpg,88,Goat 3,Spoiled,"(224, 240, 233)"
photo_47.jpg,90,Goat 3,Spoiled,"(224, 239, 232)"
photo_48.jpg,92,Goat 3,Spoiled,"(224, 239, 233)"
photo_49.jpg,94,Goat 3,Spoiled,"(224, 239, 232)"
photo_50.jpg,96,Goat 3,Spoiled,"(224, 239, 232)"
photo_51.jpg,98,Goat 3,Spoiled,"(224, 240, 232)"
photo_52.jpg,100,Goat 3,Spoiled,"(224, 239, 233)"
photo_53.jpg,102,Goat 3,Spoiled,"(224, 239, 233)"
photo_54.jpg,104,Goat 3,Spoiled,"(224, 239, 233)"
photo_55.jpg,106,Goat 3,Spoiled,"(224, 239, 232)"
photo_56.jpg,108,Goat 3,Spoiled,"(224, 239, 232)"
photo_57.jpg,110,Goat 3,Spoiled,"(224, 239, 233)"
photo_58.jpg,112,Goat 3,Spoiled,"(224, 239, 233)"
photo_59.jpg,114,Goat 3,Spoiled,"(224, 240, 232)"
photo_60.jpg,116,Goat 3,Spoiled,"(224, 240, 232)"
photo_61.jpg,118,Goat 3,Spoiled,"(224, 239, 233)"
photo_62.jpg,120,Goat 3,Spoiled,"(224, 239, 233)"
photo_63.jpg,122,Goat 3,Spoiled,"(225, 239, 232)"
photo_64.jpg,124,Goat 3,Spoiled,"(224, 239, 233)"
photo_65.jpg,126,Goat 3,Spoiled,"(225, 240, 232)"
photo_66.jpg,128,Goat 3,Spoiled,"(225, 239, 232)"
photo_67.jpg,130,Goat 3,Spoiled,"(225, 240, 232)"
photo_68.jpg,132,Goat 3,Spoiled,"(225, 240, 232)"
photo_69.jpg,134,Goat 3,Spoiled,"(225, 240, 232)"
photo_70.jpg,136,Goat 3,Spoiled,"(225, 240, 232)"
photo_71.jpg,138,Goat 3,Spoiled,"(225, 240, 233)"
photo_72.jpg,140,Goat 3,Spoiled,"(225, 240, 232)"
photo_73.jpg,142,Goat 3,Spoiled,"(225, 240, 232)"
photo_74.jpg,144,Goat 3,Spoiled,"(225, 240, 232)"
photo_75.jpg,146,Goat 3,Spoiled,"(225, 240, 232)"
photo_76.jpg,148,Goat 3,Spoiled,"(225, 240, 232)"
photo_77.jpg,150,Goat 3,Spoiled,"(225, 240, 232)"
photo_78.jpg,152,Goat 3,Spoiled,"(225, 240, 232)"
photo_79.jpg,154,Goat 3,Spoiled,"(225, 240, 232)"
photo_80.jpg,156,Goat 3,Spoiled,"(225, 240, 232)"
photo_81.jpg,158,Goat 3,Spoiled,"(225, 240, 232)"
photo_82.jpg,160,Goat 3,Spoiled,"(225, 240, 233)"
photo_83.jpg,162,Goat 3,Spoiled,"(225, 240, 232)"
photo_84.jpg,164,Goat 3,Spoiled,"(225, 240, 232)"
photo_85.jpg,166,Goat 3,Spoiled,"(225, 240, 232)"
photo_86.jpg,168,Goat 3,Spoiled,"(225, 239, 232)"
photo_87.jpg,170,Goat 3,Spoiled,"(225, 240, 232)"
photo_88.jpg,172,Goat 3,Spoiled,"(226, 240, 232)"
photo_89.jpg,174,Goat 3,Spoiled,"(225, 240, 232)"
photo_90.jpg,176,Goat 3,Spoiled,"(225, 240, 232)"
photo_91.jpg,178,Goat 3,Spoiled,"(226, 240, 232)"
photo_92.jpg,180,Goat 3,Spoiled,"(226, 240, 232)"
photo_93.jpg,182,Goat 3,Spoiled,"(226, 240, 232)"
photo_94.jpg,184,Goat 3,Spoiled,"(226, 240, 232)"
photo_95.jpg,186,Goat 3,Spoiled,"(226, 240, 232)"
photo_96.jpg,188,Goat 3,Spoiled,"(224, 240, 233)"
photo_97.jpg,190,Goat 3,Spoiled,"(224, 240, 232)"
photo_98.jpg,192,Goat 3,Spoiled,"(224, 240, 232)"
photo_99.jpg,194,Goat 3,Spoiled,"(224, 240, 233)"
photo_100.jpg,196,Goat 3,Spoiled,"(224, 240, 233)"
photo_101.jpg,198,Goat 3,Spoiled,"(224, 240, 233)"
photo_102.jpg,200,Goat 3,Spoiled,"(224, 240, 232)"
photo_103.jpg,202,Goat 3,Spoiled,"(224, 240, 232)"
photo_104.jpg,204,Goat 3,Spoiled,"(224, 240, 232)"
photo_105.jpg,206,Goat 3,Spoiled,"(224, 240, 233)"
photo_106.jpg,208,Goat 3,Spoiled,"(224, 240, 232)"
photo_107.jpg,210,Goat 3,Spoiled,"(224, 240, 233)"
photo_108.jpg,212,Goat 3,Spoiled,"(224, 240, 232)"
photo_109.jpg,214,Goat 3,Spoiled,"(224, 240, 233)"
photo_110.jpg,216,Goat 3,Spoiled,"(224, 240, 233)"
photo_111.jpg,218,Goat 3,Spoiled,"(224, 240, 233)"
photo_112.jpg,220,Goat 3,Spoiled,"(224, 240, 232)"
photo_113.jpg,222,Goat 3,Spoiled,"(224, 240, 232)"
photo_114.jpg,224,Goat 3,Spoiled,"(225, 240, 233)"
photo_115.jpg,226,Goat 3,Spoiled,"(225, 240, 232)"
photo_116.jpg,228,Goat 3,Spoiled,"(224, 240, 232)"
photo_117.jpg,230,Goat 3,Spoiled,"(224, 240, 232)"
photo_118.jpg,232,Goat 3,Spoiled,"(224, 240, 232)"
photo_119.jpg,234,Goat 3,Spoiled,"(224, 240, 232)"
photo_120.jpg,236,Goat 3,Spoiled,"(225, 240, 232)"
photo_121.jpg,238,Goat 3,Spoiled,"(224, 240, 232)"
photo_122.jpg,240,Goat 3,Spoiled,"(225, 240, 232)"
photo_123.jpg,242,Goat 3,Spoiled,"(224, 240, 233)"
photo_124.jpg,244,Goat 3,Spoiled,"(225, 240, 232)"
photo_125.jpg,246,Goat 3,Spoiled,"(224, 240, 233)"
photo_126.jpg,248,Goat 3,Spoiled,"(224, 240, 232)"
photo_127.jpg,250,Goat 3,Spoiled,"(224, 240, 233)"
photo_128.jpg,252,Goat 3,Spoiled,"(224, 240, 233)"
photo_129.jpg,254,Goat 3,Spoiled,"(224, 240, 233)"
photo_130.jpg,256,Goat 3,Spoiled,"(224, 240, 233)"
photo_131.jpg,258,Goat 3,Spoiled,"(224, 240, 233)"
photo_132.jpg,260,Goat 3,Spoiled,"(224, 240, 233)"
photo_133.jpg,262,Goat 3,Spoiled,"(224, 240, 233)"
photo_134.jpg,264,Goat 3,Spoiled,"(224, 240, 233)"
photo_135.jpg,266,Goat 3,Spoiled,"(224, 240, 233)"
photo_136.jpg,268,Goat 3,Spoiled,"(224, 240, 233)"
photo_137.jpg,270,Goat 3,Spoiled,"(224, 240, 233)"
photo_138.jpg,272,Goat 3,Spoiled,"(224, 240, 233)"
photo_139.jpg,274,Goat 3,Spoiled,"(224, 240, 233)"
photo_140.jpg,276,Goat 3,Spoiled,"(224, 240, 233)"
photo_141.jpg,278,Goat 3,Spoiled,"(224, 240, 233)"
photo_142.jpg,280,Goat 3,Spoiled,"(224, 240, 233)"
photo_143.jpg,282,Goat 3,Spoiled,"(224, 240, 233)"
photo_144.jpg,284,Goat 3,Spoiled,"(224, 240, 233)"
photo_145.jpg,286,Goat 3,Spoiled,"(224, 240, 233)"
photo_146.jpg,288,Goat 3,Spoiled,"(224, 240, 233)"
photo_147.jpg,290,Goat 3,Spoiled,"(224, 240, 233)"
photo_148.jpg,292,Goat 3,Spoiled,"(224, 240, 233)"
photo_149.jpg,294,Goat 3,Spoiled,"(224, 240, 233)"
photo_150.jpg,296,Goat 3,Spoiled,"(224, 240, 233)"
photo_151.jpg,298,Goat 3,Spoiled,"(224, 240, 233)"
photo_152.jpg,300,Goat 3,Spoiled,"(224, 240, 233)"
photo_153.jpg,302,Goat 3,Spoiled,"(224, 240, 233)"
photo_154.jpg,304,Goat 3,Spoiled,"(224, 240, 233)"
photo_155.jpg,306,Goat 3,Spoiled,"(224, 240, 233)"
photo_156.jpg,308,Goat 3,Spoiled,"(224, 240, 233)"
photo_157.jpg,310,Goat 3,Spoiled,"(224, 240, 233)"
photo_158.jpg,312,Goat 3,Spoiled,"(224, 240, 233)"
photo_159.jpg,314,Goat 3,Spoiled,"(224, 240, 233)"
photo_160.jpg,316,Goat 3,Spoiled,"(224, 240, 233)"
photo_161.jpg,318,Goat 3,Spoiled,"(224, 240, 233)"
photo_162.jpg,320,Goat 3,Spoiled,"(224, 240, 233)"
photo_163.jpg,322,Goat 3,Spoiled,"(224, 240, 233)"
photo_164.jpg,324,Goat 3,Spoiled,"(224, 240, 233)"
photo_165.jpg,326,Goat 3,Spoiled,"(224, 240, 233)"
photo_166.jpg,328,Goat 3,Spoiled,"(224, 240, 233)"
photo_167.jpg,330,Goat 3,Spoiled,"(224, 240, 233)"
photo_168.jpg,332,Goat 3,Spoiled,"(224, 240, 233)"
photo_169.jpg,334,Goat 3,Spoiled,"(224, 240, 233)"
photo_170.jpg,336,Goat 3,Spoiled,"(224, 240, 233)"
photo_171.jpg,338,Goat 3,Spoiled,"(224, 240, 233)"
photo_172.jpg,340,Goat 3,Spoiled,"(224, 240, 233)"
photo_173.jpg,342,Goat 3,Spoiled,"(224, 240, 233)"
photo_174.jpg,344,Goat 3,Spoiled,"(224, 240, 233)"
photo_175.jpg,346,Goat 3,Spoiled,"(224, 239, 233)"
photo_176.jpg,348,Goat 3,Spoiled,"(224, 240, 233)"
photo_177.jpg,350,Goat 3,Spoiled,"(224, 240, 233)"
photo_178.jpg,352,Goat 3,Spoiled,"(224, 240, 233)"
photo_179.jpg,354,Goat 3,Spoiled,"(224, 240, 233)"
photo_180.jpg,356,Goat 3,Spoiled,"(223, 240, 233)"
photo_3.jpg,2,Goat 3,Mildly Spoiled,"(163, 200, 224)"
photo_4.jpg,4,Goat 3,Mildly Spoiled,"(164, 202, 226)"
photo_5.jpg,6,Goat 3,Mildly Spoiled,"(165, 203, 224)"
photo_6.jpg,8,Goat 3,Mildly Spoiled,"(166, 204, 224)"
photo_7.jpg,10,Goat 3,Mildly Spoiled,"(167, 204, 225)"
photo_8.jpg,12,Goat 3,Mildly Spoiled,"(167, 204, 225)"
photo_9.jpg,14,Goat 3,Mildly Spoiled,"(167, 204, 225)"
photo_10.jpg,16,Goat 3,Mildly Spoiled,"(168, 204, 225)"
photo_11.jpg,18,Goat 3,Mildly Spoiled,"(168, 204, 225)"
photo_12.jpg,20,Goat 3,Mildly Spoiled,"(168, 205, 225)"
photo_13.jpg,22,Goat 3,Mildly Spoiled,"(168, 205, 225)"
photo_14.jpg,24,Goat 3,Mildly Spoiled,"(168, 205, 225)"
photo_15.jpg,26,Goat 3,Mildly Spoiled,"(168, 205, 225)"
photo_16.jpg,28,Goat 3,Mildly Spoiled,"(169, 205, 225)"
photo_17.jpg,30,Goat 3,Mildly Spoiled,"(158, 172, 174)"
photo_18.jpg,32,Goat 3,Mildly Spoiled,"(157, 171, 174)"
photo_19.jpg,34,Goat 3,Mildly Spoiled,"(156, 171, 172)"
photo_20.jpg,36,Goat 3,Mildly Spoiled,"(157, 171, 172)"
photo_21.jpg,38,Goat 3,Mildly Spoiled,"(158, 170, 173)"
photo_22.jpg,40,Goat 3,Mildly Spoiled,"(157, 170, 172)"
photo_23.jpg,42,Goat 3,Mildly Spoiled,"(157, 170, 172)"
photo_24.jpg,44,Goat 3,Mildly Spoiled,"(157, 170, 171)"
photo_25.jpg,46,Goat 3,Mildly Spoiled,"(158, 170, 171)"
photo_26.jpg,48,Goat 3,Mildly Spoiled,"(157, 170, 170)"
photo_27.jpg,50,Goat 3,Mildly Spoiled,"(158, 169, 171)"
photo_28.jpg,52,Goat 3,Mildly Spoiled,"(158, 169, 170)"
photo_29.jpg,54,Goat 3,Mildly Spoiled,"(158, 169, 170)"
photo_30.jpg,56,Goat 3,Mildly Spoiled,"(157, 169, 169)"
photo_31.jpg,58,Goat 3,Mildly Spoiled,"(158, 169, 169)"
photo_32.jpg,60,Goat 3,Mildly Spoiled,"(158, 168, 169)"
photo_33.jpg,62,Goat 3,Mildly Spoiled,"(158, 169, 168)"
photo_34.jpg,64,Goat 3,Mildly Spoiled,"(158, 168, 169)"
photo_35.jpg,66,Goat 3,Mildly Spoiled,"(158, 168, 168)"
photo_36.jpg,68,Goat 3,Mildly Spoiled,"(158, 168, 168)"
photo_37.jpg,70,Goat 3,Mildly Spoiled,"(158, 169, 167)"
photo_38.jpg,72,Goat 3,Mildly Spoiled,"(158, 168, 168)"
photo_39.jpg,74,Goat 3,Mildly Spoiled,"(159, 168, 167)"
photo_40.jpg,76,Goat 3,Mildly Spoiled,"(159, 167, 167)"
photo_41.jpg,78,Goat 3,Mildly Spoiled,"(158, 167, 166)"
photo_42.jpg,80,Goat 3,Mildly Spoiled,"(159, 167, 166)"
photo_43.jpg,82,Goat 3,Mildly Spoiled,"(159, 167, 166)"
photo_44.jpg,84,Goat 3,Mildly Spoiled,"(159, 167, 166)"
photo_45.jpg,86,Goat 3,Mildly Spoiled,"(159, 167, 166)"
photo_46.jpg,88,Goat 3,Mildly Spoiled,"(159, 167, 165)"
photo_47.jpg,90,Goat 3,Mildly Spoiled,"(159, 167, 165)"
photo_48.jpg,92,Goat 3,Mildly Spoiled,"(159, 167, 165)"
photo_49.jpg,94,Goat 3,Mildly Spoiled,"(159, 167, 164)"
photo_50.jpg,96,Goat 3,Mildly Spoiled,"(160, 167, 164)"
photo_51.jpg,98,Goat 3,Mildly Spoiled,"(159, 167, 165)"
photo_52.jpg,100,Goat 3,Mildly Spoiled,"(160, 166, 164)"
photo_53.jpg,102,Goat 3,Mildly Spoiled,"(160, 166, 164)"
photo_54.jpg,104,Goat 3,Mildly Spoiled,"(160, 166, 165)"
photo_55.jpg,106,Goat 3,Mildly Spoiled,"(161, 166, 165)"
photo_56.jpg,108,Goat 3,Mildly Spoiled,"(160, 167, 164)"
photo_57.jpg,110,Goat 3,Mildly Spoiled,"(160, 167, 164)"
photo_58.jpg,112,Goat 3,Mildly Spoiled,"(161, 166, 164)"
photo_59.jpg,114,Goat 3,Mildly Spoiled,"(161, 166, 163)"
photo_60.jpg,116,Goat 3,Mildly Spoiled,"(160, 166, 164)"
photo_61.jpg,118,Goat 3,Mildly Spoiled,"(161, 166, 164)"
photo_62.jpg,120,Goat 3,Mildly Spoiled,"(160, 166, 164)"
photo_63.jpg,122,Goat 3,Mildly Spoiled,"(160, 166, 163)"
photo_64.jpg,124,Goat 3,Mildly Spoiled,"(161, 166, 163)"
photo_65.jpg,126,Goat 3,Mildly Spoiled,"(160, 166, 163)"
photo_66.jpg,128,Goat 3,Mildly Spoiled,"(160, 166, 163)"
photo_67.jpg,130,Goat 3,Mildly Spoiled,"(161, 166, 164)"
photo_68.jpg,132,Goat 3,Mildly Spoiled,"(160, 166, 163)"
photo_69.jpg,134,Goat 3,Mildly Spoiled,"(161, 166, 163)"
photo_70.jpg,136,Goat 3,Mildly Spoiled,"(161, 166, 163)"
photo_71.jpg,138,Goat 3,Mildly Spoiled,"(161, 166, 163)"
photo_72.jpg,140,Goat 3,Mildly Spoiled,"(161, 166, 163)"
photo_73.jpg,142,Goat 3,Mildly Spoiled,"(161, 166, 163)"
photo_74.jpg,144,Goat 3,Mildly Spoiled,"(161, 166, 163)"
photo_75.jpg,146,Goat 3,Mildly Spoiled,"(161, 166, 162)"
photo_76.jpg,148,Goat 3,Mildly Spoiled,"(162, 166, 162)"
photo_77.jpg,150,Goat 3,Mildly Spoiled,"(161, 166, 163)"
photo_78.jpg,152,Goat 3,Mildly Spoiled,"(161, 166, 163)"
photo_79.jpg,154,Goat 3,Mildly Spoiled,"(161, 166, 161)"
photo_80.jpg,156,Goat 3,Mildly Spoiled,"(161, 166, 162)"
photo_81.jpg,158,Goat 3,Mildly Spoiled,"(161, 166, 162)"
photo_82.jpg,160,Goat 3,Mildly Spoiled,"(162, 166, 162)"
photo_83.jpg,162,Goat 3,Mildly Spoiled,"(161, 166, 162)"
photo_84.jpg,164,Goat 3,Mildly Spoiled,"(161, 166, 161)"
photo_85.jpg,166,Goat 3,Mildly Spoiled,"(162, 166, 162)"
photo_86.jpg,168,Goat 3,Mildly Spoiled,"(162, 166, 161)"
photo_87.jpg,170,Goat 3,Mildly Spoiled,"(161, 166, 161)"
photo_88.jpg,172,Goat 3,Mildly Spoiled,"(162, 166, 162)"
photo_89.jpg,174,Goat 3,Mildly Spoiled,"(162, 166, 162)"
photo_90.jpg,176,Goat 3,Mildly Spoiled,"(162, 166, 161)"
photo_91.jpg,178,Goat 3,Mildly Spoiled,"(162, 166, 161)"
photo_92.jpg,180,Goat 3,Mildly Spoiled,"(162, 166, 162)"
photo_93.jpg,182,Goat 3,Mildly Spoiled,"(162, 166, 162)"
photo_94.jpg,184,Goat 3,Mildly Spoiled,"(162, 166, 161)"
photo_95.jpg,186,Goat 3,Mildly Spoiled,"(162, 166, 162)"
photo_96.jpg,188,Goat 3,Mildly Spoiled,"(163, 166, 161)"
photo_97.jpg,190,Goat 3,Mildly Spoiled,"(162, 166, 161)"
photo_98.jpg,192,Goat 3,Mildly Spoiled,"(162, 166, 161)"
photo_99.jpg,194,Goat 3,Mildly Spoiled,"(162, 166, 161)"
photo_100.jpg,196,Goat 3,Mildly Spoiled,"(162, 166, 161)"
photo_101.jpg,198,Goat 3,Mildly Spoiled,"(162, 166, 161)"
photo_102.jpg,200,Goat 3,Mildly Spoiled,"(162, 166, 161)"
photo_103.jpg,202,Goat 3,Mildly Spoiled,"(162, 166, 161)"
photo_104.jpg,204,Goat 3,Mildly Spoiled,"(163, 166, 161)"
photo_105.jpg,206,Goat 3,Mildly Spoiled,"(162, 166, 160)"
photo_106.jpg,208,Goat 3,Mildly Spoiled,"(163, 166, 161)"
photo_107.jpg,210,Goat 3,Mildly Spoiled,"(163, 166, 161)"
photo_108.jpg,212,Goat 3,Mildly Spoiled,"(163, 166, 161)"
photo_109.jpg,214,Goat 3,Mildly Spoiled,"(163, 166, 160)"
photo_110.jpg,216,Goat 3,Mildly Spoiled,"(162, 167, 160)"
photo_111.jpg,218,Goat 3,Mildly Spoiled,"(162, 166, 161)"
photo_112.jpg,220,Goat 3,Mildly Spoiled,"(162, 166, 161)"
photo_113.jpg,222,Goat 3,Mildly Spoiled,"(163, 167, 160)"
photo_114.jpg,224,Goat 3,Mildly Spoiled,"(163, 166, 161)"
photo_115.jpg,226,Goat 3,Mildly Spoiled,"(163, 166, 160)"
photo_116.jpg,228,Goat 3,Mildly Spoiled,"(163, 167, 160)"
photo_117.jpg,230,Goat 3,Mildly Spoiled,"(163, 166, 160)"
photo_118.jpg,232,Goat 3,Mildly Spoiled,"(163, 166, 160)"
photo_119.jpg,234,Goat 3,Mildly Spoiled,"(163, 167, 160)"
photo_120.jpg,236,Goat 3,Mildly Spoiled,"(163, 167, 160)"
photo_121.jpg,238,Goat 3,Mildly Spoiled,"(163, 167, 160)"
photo_122.jpg,240,Goat 3,Mildly Spoiled,"(163, 166, 161)"
photo_123.jpg,242,Goat 3,Mildly Spoiled,"(163, 166, 160)"
photo_124.jpg,244,Goat 3,Mildly Spoiled,"(163, 166, 161)"
photo_125.jpg,246,Goat 3,Mildly Spoiled,"(163, 166, 159)"
photo_126.jpg,248,Goat 3,Mildly Spoiled,"(164, 166, 160)"
photo_127.jpg,250,Goat 3,Mildly Spoiled,"(163, 167, 160)"
photo_128.jpg,252,Goat 3,Mildly Spoiled,"(163, 167, 159)"
photo_129.jpg,254,Goat 3,Mildly Spoiled,"(164, 166, 160)"
photo_130.jpg,256,Goat 3,Mildly Spoiled,"(163, 167, 159)"
photo_131.jpg,258,Goat 3,Mildly Spoiled,"(164, 166, 160)"
photo_132.jpg,260,Goat 3,Mildly Spoiled,"(164, 166, 159)"
photo_133.jpg,262,Goat 3,Mildly Spoiled,"(164, 167, 159)"
photo_134.jpg,264,Goat 3,Mildly Spoiled,"(164, 166, 160)"
photo_135.jpg,266,Goat 3,Mildly Spoiled,"(164, 166, 160)"
photo_136.jpg,268,Goat 3,Mildly Spoiled,"(164, 166, 160)"
photo_137.jpg,270,Goat 3,Mildly Spoiled,"(164, 166, 160)"
photo_138.jpg,272,Goat 3,Mildly Spoiled,"(163, 166, 160)"
photo_139.jpg,274,Goat 3,Mildly Spoiled,"(164, 167, 160)"
photo_140.jpg,276,Goat 3,Mildly Spoiled,"(164, 166, 159)"
photo_141.jpg,278,Goat 3,Mildly Spoiled,"(164, 167, 159)"
photo_142.jpg,280,Goat 3,Mildly Spoiled,"(164, 167, 159)"
photo_143.jpg,282,Goat 3,Mildly Spoiled,"(164, 167, 159)"
photo_144.jpg,284,Goat 3,Mildly Spoiled,"(164, 166, 160)"
photo_145.jpg,286,Goat 3,Mildly Spoiled,"(164, 166, 159)"
photo_146.jpg,288,Goat 3,Mildly Spoiled,"(165, 166, 159)"
photo_147.jpg,290,Goat 3,Mildly Spoiled,"(165, 166, 159)"
photo_148.jpg,292,Goat 3,Mildly Spoiled,"(165, 167, 159)"
photo_149.jpg,294,Goat 3,Mildly Spoiled,"(165, 166, 160)"
photo_150.jpg,296,Goat 3,Mildly Spoiled,"(165, 166, 159)"
photo_151.jpg,298,Goat 3,Mildly Spoiled,"(165, 167, 158)"
photo_152.jpg,300,Goat 3,Mildly Spoiled,"(165, 167, 159)"
photo_153.jpg,302,Goat 3,Mildly Spoiled,"(165, 167, 159)"
photo_154.jpg,304,Goat 3,Mildly Spoiled,"(165, 167, 159)"
photo_155.jpg,306,Goat 3,Mildly Spoiled,"(165, 167, 159)"
photo_156.jpg,308,Goat 3,Mildly Spoiled,"(165, 167, 159)"
photo_157.jpg,310,Goat 3,Mildly Spoiled,"(165, 167, 159)"
photo_158.jpg,312,Goat 3,Mildly Spoiled,"(165, 166, 159)"
photo_159.jpg,314,Goat 3,Mildly Spoiled,"(166, 166, 159)"
photo_160.jpg,316,Goat 3,Mildly Spoiled,"(165, 167, 158)"
photo_161.jpg,318,Goat 3,Mildly Spoiled,"(165, 167, 159)"
photo_162.jpg,320,Goat 3,Mildly Spoiled,"(166, 167, 158)"
photo_163.jpg,322,Goat 3,Mildly Spoiled,"(166, 167, 158)"
photo_164.jpg,324,Goat 3,Mildly Spoiled,"(166, 167, 158)"
photo_165.jpg,326,Goat 3,Mildly Spoiled,"(166, 167, 159)"
photo_166.jpg,328,Goat 3,Mildly Spoiled,"(165, 167, 158)"
photo_167.jpg,330,Goat 3,Mildly Spoiled,"(166, 167, 158)"
photo_168.jpg,332,Goat 3,Mildly Spoiled,"(166, 167, 158)"
photo_169.jpg,334,Goat 3,Mildly Spoiled,"(166, 167, 158)"
photo_170.jpg,336,Goat 3,Mildly Spoiled,"(166, 167, 159)"
photo_171.jpg,338,Goat 3,Mildly Spoiled,"(166, 167, 158)"
photo_172.jpg,340,Goat 3,Mildly Spoiled,"(166, 167, 158)"
photo_173.jpg,342,Goat 3,Mildly Spoiled,"(166, 167, 158)"
photo_174.jpg,344,Goat 3,Mildly Spoiled,"(166, 167, 158)"
photo_175.jpg,346,Goat 3,Mildly Spoiled,"(166, 167, 158)"
photo_176.jpg,348,Goat 3,Mildly Spoiled,"(166, 167, 158)"
photo_177.jpg,350,Goat 3,Mildly Spoiled,"(167, 167, 159)"
photo_178.jpg,352,Goat 3,Mildly Spoiled,"(166, 167, 158)"
photo_179.jpg,354,Goat 3,Mildly Spoiled,"(166, 167, 158)"
photo_180.jpg,356,Goat 3,Mildly Spoiled,"(166, 167, 158)"
photo_181.jpg,358,Goat 3,Mildly Spoiled,"(167, 167, 158)"
photo_182.jpg,360,Goat 3,Mildly Spoiled,"(167, 167, 157)"
photo_183.jpg,362,Goat 3,Mildly Spoiled,"(167, 167, 158)"
photo_184.jpg,364,Goat 3,Mildly Spoiled,"(167, 167, 158)"
photo_185.jpg,366,Goat 3,Mildly Spoiled,"(167, 167, 158)"
photo_186.jpg,368,Goat 3,Mildly Spoiled,"(167, 167, 158)"
photo_187.jpg,370,Goat 3,Mildly Spoiled,"(167, 167, 158)"
photo_188.jpg,372,Goat 3,Mildly Spoiled,"(167, 167, 158)"
photo_189.jpg,374,Goat 3,Mildly Spoiled,"(167, 167, 157)"
photo_190.jpg,376,Goat 3,Mildly Spoiled,"(167, 167, 158)"
photo_191.jpg,378,Goat 3,Mildly Spoiled,"(167, 167, 158)"
photo_192.jpg,380,Goat 3,Mildly Spoiled,"(168, 167, 158)"
photo_193.jpg,382,Goat 3,Mildly Spoiled,"(167, 167, 157)"
photo_194.jpg,384,Goat 3,Mildly Spoiled,"(168, 167, 158)"
photo_195.jpg,386,Goat 3,Mildly Spoiled,"(168, 167, 158)"
photo_196.jpg,388,Goat 3,Mildly Spoiled,"(167, 167, 158)"
photo_197.jpg,390,Goat 3,Mildly Spoiled,"(167, 167, 157)"
photo_198.jpg,392,Goat 3,Mildly Spoiled,"(168, 167, 158)"
photo_199.jpg,394,Goat 3,Mildly Spoiled,"(167, 167, 157)"
photo_200.jpg,396,Goat 3,Mildly Spoiled,"(168, 167, 157)"
photo_201.jpg,398,Goat 3,Mildly Spoiled,"(168, 166, 162)"
photo_202.jpg,400,Goat 3,Mildly Spoiled,"(168, 166, 161)"
photo_203.jpg,402,Goat 3,Mildly Spoiled,"(168, 167, 160)"
photo_204.jpg,404,Goat 3,Mildly Spoiled,"(168, 166, 161)"
photo_205.jpg,406,Goat 3,Mildly Spoiled,"(168, 166, 161)"
photo_206.jpg,408,Goat 3,Mildly Spoiled,"(168, 167, 161)"
photo_207.jpg,410,Goat 3,Mildly Spoiled,"(167, 167, 161)"
photo_208.jpg,412,Goat 3,Mildly Spoiled,"(167, 167, 161)"
photo_209.jpg,414,Goat 3,Mildly Spoiled,"(168, 167, 161)"
photo_210.jpg,416,Goat 3,Mildly Spoiled,"(168, 166, 161)"
photo_211.jpg,418,Goat 3,Mildly Spoiled,"(168, 166, 161)"
photo_212.jpg,420,Goat 3,Mildly Spoiled,"(169, 166, 161)"
photo_213.jpg,422,Goat 3,Mildly Spoiled,"(168, 166, 161)"
photo_214.jpg,424,Goat 3,Mildly Spoiled,"(168, 166, 161)"
photo_215.jpg,426,Goat 3,Mildly Spoiled,"(167, 167, 160)"
photo_216.jpg,428,Goat 3,Mildly Spoiled,"(168, 166, 161)"
photo_217.jpg,430,Goat 3,Mildly Spoiled,"(168, 166, 161)"
photo_218.jpg,432,Goat 3,Mildly Spoiled,"(168, 166, 160)"
photo_219.jpg,434,Goat 3,Mildly Spoiled,"(168, 167, 159)"
photo_220.jpg,436,Goat 3,Mildly Spoiled,"(167, 166, 159)"
photo_221.jpg,438,Goat 3,Mildly Spoiled,"(168, 166, 160)"
photo_222.jpg,440,Goat 3,Mildly Spoiled,"(168, 166, 160)"
photo_223.jpg,442,Goat 3,Mildly Spoiled,"(167, 166, 160)"
photo_224.jpg,444,Goat 3,Mildly Spoiled,"(168, 166, 160)"
photo_225.jpg,446,Goat 3,Mildly Spoiled,"(167, 166, 161)"
photo_226.jpg,448,Goat 3,Mildly Spoiled,"(168, 166, 160)"
photo_227.jpg,450,Goat 3,Mildly Spoiled,"(167, 166, 161)"
photo_228.jpg,452,Goat 3,Mildly Spoiled,"(168, 166, 160)"
photo_229.jpg,454,Goat 3,Mildly Spoiled,"(167, 166, 160)"
photo_230.jpg,456,Goat 3,Mildly Spoiled,"(167, 166, 160)"
photo_231.jpg,458,Goat 3,Mildly Spoiled,"(168, 166, 160)"
photo_232.jpg,460,Goat 3,Mildly Spoiled,"(168, 166, 160)"
photo_233.jpg,462,Goat 3,Mildly Spoiled,"(168, 166, 160)"
photo_234.jpg,464,Goat 3,Mildly Spoiled,"(167, 166, 161)"
photo_235.jpg,466,Goat 3,Mildly Spoiled,"(168, 166, 160)"
photo_236.jpg,468,Goat 3,Mildly Spoiled,"(167, 166, 160)"
photo_237.jpg,470,Goat 3,Mildly Spoiled,"(167, 166, 160)"
photo_3.jpg,2,Goat 3,Fresh,"(143, 183, 209)"
photo_4.jpg,4,Goat 3,Fresh,"(145, 186, 211)"
photo_5.jpg,6,Goat 3,Fresh,"(146, 187, 209)"
photo_6.jpg,8,Goat 3,Fresh,"(147, 188, 209)"
photo_7.jpg,10,Goat 3,Fresh,"(148, 188, 210)"
photo_8.jpg,12,Goat 3,Fresh,"(148, 189, 210)"
photo_9.jpg,14,Goat 3,Fresh,"(149, 189, 210)"
photo_10.jpg,16,Goat 3,Fresh,"(149, 189, 210)"
photo_11.jpg,18,Goat 3,Fresh,"(149, 189, 210)"
photo_12.jpg,20,Goat 3,Fresh,"(150, 189, 210)"
photo_13.jpg,22,Goat 3,Fresh,"(149, 189, 210)"
photo_14.jpg,24,Goat 3,Fresh,"(150, 190, 210)"
photo_15.jpg,26,Goat 3,Fresh,"(150, 190, 210)"
photo_16.jpg,28,Goat 3,Fresh,"(150, 190, 210)"
photo_17.jpg,30,Goat 3,Fresh,"(135, 144, 143)"
photo_18.jpg,32,Goat 3,Fresh,"(135, 143, 142)"
photo_19.jpg,34,Goat 3,Fresh,"(134, 143, 141)"
photo_20.jpg,36,Goat 3,Fresh,"(135, 142, 141)"
photo_21.jpg,38,Goat 3,Fresh,"(136, 142, 142)"
photo_22.jpg,40,Goat 3,Fresh,"(135, 142, 141)"
photo_23.jpg,42,Goat 3,Fresh,"(135, 141, 141)"
photo_24.jpg,44,Goat 3,Fresh,"(135, 142, 140)"
photo_25.jpg,46,Goat 3,Fresh,"(135, 141, 140)"
photo_26.jpg,48,Goat 3,Fresh,"(135, 141, 139)"
photo_27.jpg,50,Goat 3,Fresh,"(136, 141, 139)"
photo_28.jpg,52,Goat 3,Fresh,"(135, 141, 139)"
photo_29.jpg,54,Goat 3,Fresh,"(136, 141, 139)"
photo_30.jpg,56,Goat 3,Fresh,"(135, 141, 138)"
photo_31.jpg,58,Goat 3,Fresh,"(135, 141, 138)"
photo_32.jpg,60,Goat 3,Fresh,"(136, 140, 137)"
photo_33.jpg,62,Goat 3,Fresh,"(136, 141, 137)"
photo_34.jpg,64,Goat 3,Fresh,"(137, 140, 137)"
photo_35.jpg,66,Goat 3,Fresh,"(136, 140, 137)"
photo_36.jpg,68,Goat 3,Fresh,"(137, 140, 136)"
photo_37.jpg,70,Goat 3,Fresh,"(136, 140, 137)"
photo_38.jpg,72,Goat 3,Fresh,"(136, 140, 137)"
photo_39.jpg,74,Goat 3,Fresh,"(136, 139, 136)"
photo_40.jpg,76,Goat 3,Fresh,"(136, 139, 136)"
photo_41.jpg,78,Goat 3,Fresh,"(137, 139, 136)"
photo_42.jpg,80,Goat 3,Fresh,"(137, 139, 135)"
photo_43.jpg,82,Goat 3,Fresh,"(136, 139, 135)"
photo_44.jpg,84,Goat 3,Fresh,"(136, 139, 135)"
photo_45.jpg,86,Goat 3,Fresh,"(136, 138, 135)"
photo_46.jpg,88,Goat 3,Fresh,"(137, 138, 134)"
photo_47.jpg,90,Goat 3,Fresh,"(136, 138, 134)"
photo_48.jpg,92,Goat 3,Fresh,"(136, 138, 134)"
photo_49.jpg,94,Goat 3,Fresh,"(136, 138, 134)"
photo_50.jpg,96,Goat 3,Fresh,"(136, 137, 134)"
photo_51.jpg,98,Goat 3,Fresh,"(136, 138, 134)"
photo_52.jpg,100,Goat 3,Fresh,"(136, 137, 134)"
photo_53.jpg,102,Goat 3,Fresh,"(136, 137, 132)"
photo_54.jpg,104,Goat 3,Fresh,"(136, 137, 134)"
photo_55.jpg,106,Goat 3,Fresh,"(137, 137, 133)"
photo_56.jpg,108,Goat 3,Fresh,"(136, 137, 133)"
photo_57.jpg,110,Goat 3,Fresh,"(136, 137, 132)"
photo_58.jpg,112,Goat 3,Fresh,"(136, 137, 133)"
photo_59.jpg,114,Goat 3,Fresh,"(136, 137, 133)"
photo_60.jpg,116,Goat 3,Fresh,"(136, 137, 132)"
photo_61.jpg,118,Goat 3,Fresh,"(137, 137, 133)"
photo_62.jpg,120,Goat 3,Fresh,"(137, 137, 132)"
photo_63.jpg,122,Goat 3,Fresh,"(136, 137, 133)"
photo_64.jpg,124,Goat 3,Fresh,"(136, 137, 132)"
photo_65.jpg,126,Goat 3,Fresh,"(136, 137, 132)"
photo_66.jpg,128,Goat 3,Fresh,"(136, 136, 132)"
photo_67.jpg,130,Goat 3,Fresh,"(136, 137, 132)"
photo_68.jpg,132,Goat 3,Fresh,"(136, 137, 131)"
photo_69.jpg,134,Goat 3,Fresh,"(136, 137, 131)"
photo_70.jpg,136,Goat 3,Fresh,"(136, 136, 132)"
photo_71.jpg,138,Goat 3,Fresh,"(137, 136, 132)"
photo_72.jpg,140,Goat 3,Fresh,"(137, 136, 132)"
photo_73.jpg,142,Goat 3,Fresh,"(136, 136, 131)"
photo_74.jpg,144,Goat 3,Fresh,"(136, 137, 132)"
photo_75.jpg,146,Goat 3,Fresh,"(136, 137, 131)"
photo_76.jpg,148,Goat 3,Fresh,"(136, 136, 131)"
photo_77.jpg,150,Goat 3,Fresh,"(137, 136, 132)"
photo_78.jpg,152,Goat 3,Fresh,"(136, 136, 131)"
photo_79.jpg,154,Goat 3,Fresh,"(136, 136, 131)"
photo_80.jpg,156,Goat 3,Fresh,"(136, 137, 131)"
photo_81.jpg,158,Goat 3,Fresh,"(136, 136, 131)"
photo_82.jpg,160,Goat 3,Fresh,"(136, 136, 130)"
photo_83.jpg,162,Goat 3,Fresh,"(137, 136, 131)"
photo_84.jpg,164,Goat 3,Fresh,"(136, 136, 131)"
photo_85.jpg,166,Goat 3,Fresh,"(136, 136, 130)"
photo_86.jpg,168,Goat 3,Fresh,"(136, 136, 130)"
photo_87.jpg,170,Goat 3,Fresh,"(136, 136, 131)"
photo_88.jpg,172,Goat 3,Fresh,"(136, 136, 131)"
photo_89.jpg,174,Goat 3,Fresh,"(136, 136, 130)"
photo_90.jpg,176,Goat 3,Fresh,"(136, 136, 130)"
photo_91.jpg,178,Goat 3,Fresh,"(136, 136, 131)"
photo_92.jpg,180,Goat 3,Fresh,"(136, 135, 131)"
photo_93.jpg,182,Goat 3,Fresh,"(136, 136, 131)"
photo_94.jpg,184,Goat 3,Fresh,"(136, 136, 130)"
photo_95.jpg,186,Goat 3,Fresh,"(136, 136, 131)"
photo_96.jpg,188,Goat 3,Fresh,"(136, 136, 130)"
photo_97.jpg,190,Goat 3,Fresh,"(137, 136, 131)"
photo_98.jpg,192,Goat 3,Fresh,"(136, 136, 130)"
photo_99.jpg,194,Goat 3,Fresh,"(136, 135, 131)"
photo_100.jpg,196,Goat 3,Fresh,"(136, 136, 130)"
photo_101.jpg,198,Goat 3,Fresh,"(137, 135, 130)"
photo_102.jpg,200,Goat 3,Fresh,"(136, 136, 130)"
photo_103.jpg,202,Goat 3,Fresh,"(136, 135, 130)"
photo_104.jpg,204,Goat 3,Fresh,"(136, 135, 130)"
photo_105.jpg,206,Goat 3,Fresh,"(136, 135, 130)"
photo_106.jpg,208,Goat 3,Fresh,"(136, 136, 130)"
photo_107.jpg,210,Goat 3,Fresh,"(136, 135, 129)"
photo_108.jpg,212,Goat 3,Fresh,"(136, 135, 130)"
photo_109.jpg,214,Goat 3,Fresh,"(136, 135, 131)"
photo_110.jpg,216,Goat 3,Fresh,"(135, 135, 129)"
photo_111.jpg,218,Goat 3,Fresh,"(136, 135, 129)"
photo_112.jpg,220,Goat 3,Fresh,"(135, 135, 129)"
photo_113.jpg,222,Goat 3,Fresh,"(136, 135, 130)"
photo_114.jpg,224,Goat 3,Fresh,"(136, 135, 130)"
photo_115.jpg,226,Goat 3,Fresh,"(136, 135, 130)"
photo_116.jpg,228,Goat 3,Fresh,"(135, 136, 129)"
photo_117.jpg,230,Goat 3,Fresh,"(135, 135, 130)"
photo_118.jpg,232,Goat 3,Fresh,"(136, 135, 129)"
photo_119.jpg,234,Goat 3,Fresh,"(135, 135, 129)"
photo_120.jpg,236,Goat 3,Fresh,"(136, 135, 130)"
photo_121.jpg,238,Goat 3,Fresh,"(135, 135, 129)"
photo_122.jpg,240,Goat 3,Fresh,"(135, 135, 129)"
photo_123.jpg,242,Goat 3,Fresh,"(135, 135, 129)"
photo_124.jpg,244,Goat 3,Fresh,"(135, 135, 129)"
photo_125.jpg,246,Goat 3,Fresh,"(135, 135, 129)"
photo_126.jpg,248,Goat 3,Fresh,"(135, 135, 130)"
photo_127.jpg,250,Goat 3,Fresh,"(135, 135, 130)"
photo_128.jpg,252,Goat 3,Fresh,"(136, 135, 129)"
photo_129.jpg,254,Goat 3,Fresh,"(135, 135, 130)"
photo_130.jpg,256,Goat 3,Fresh,"(135, 135, 128)"
photo_131.jpg,258,Goat 3,Fresh,"(135, 135, 129)"
photo_132.jpg,260,Goat 3,Fresh,"(136, 135, 129)"
photo_133.jpg,262,Goat 3,Fresh,"(135, 135, 128)"
photo_134.jpg,264,Goat 3,Fresh,"(135, 135, 129)"
photo_135.jpg,266,Goat 3,Fresh,"(135, 135, 129)"
photo_136.jpg,268,Goat 3,Fresh,"(135, 134, 130)"
photo_137.jpg,270,Goat 3,Fresh,"(135, 135, 128)"
photo_138.jpg,272,Goat 3,Fresh,"(135, 135, 129)"
photo_139.jpg,274,Goat 3,Fresh,"(135, 135, 129)"
photo_140.jpg,276,Goat 3,Fresh,"(136, 134, 129)"
photo_141.jpg,278,Goat 3,Fresh,"(135, 135, 128)"
photo_142.jpg,280,Goat 3,Fresh,"(135, 134, 129)"
photo_143.jpg,282,Goat 3,Fresh,"(135, 135, 129)"
photo_144.jpg,284,Goat 3,Fresh,"(135, 135, 129)"
photo_145.jpg,286,Goat 3,Fresh,"(135, 135, 128)"
photo_146.jpg,288,Goat 3,Fresh,"(136, 134, 129)"
photo_147.jpg,290,Goat 3,Fresh,"(135, 135, 129)"
photo_148.jpg,292,Goat 3,Fresh,"(135, 134, 128)"
photo_149.jpg,294,Goat 3,Fresh,"(135, 134, 128)"
photo_150.jpg,296,Goat 3,Fresh,"(135, 134, 129)"
photo_151.jpg,298,Goat 3,Fresh,"(134, 135, 129)"
photo_152.jpg,300,Goat 3,Fresh,"(135, 134, 129)"
photo_153.jpg,302,Goat 3,Fresh,"(135, 135, 128)"
photo_154.jpg,304,Goat 3,Fresh,"(135, 134, 128)"
photo_155.jpg,306,Goat 3,Fresh,"(135, 134, 128)"
photo_156.jpg,308,Goat 3,Fresh,"(134, 135, 129)"
photo_157.jpg,310,Goat 3,Fresh,"(135, 134, 129)"
photo_158.jpg,312,Goat 3,Fresh,"(135, 134, 128)"
photo_159.jpg,314,Goat 3,Fresh,"(135, 134, 128)"
photo_160.jpg,316,Goat 3,Fresh,"(135, 134, 128)"
photo_161.jpg,318,Goat 3,Fresh,"(136, 134, 129)"
photo_162.jpg,320,Goat 3,Fresh,"(135, 134, 127)"
photo_163.jpg,322,Goat 3,Fresh,"(135, 134, 128)"
photo_164.jpg,324,Goat 3,Fresh,"(135, 134, 129)"
photo_165.jpg,326,Goat 3,Fresh,"(135, 135, 127)"
photo_166.jpg,328,Goat 3,Fresh,"(134, 134, 128)"
photo_167.jpg,330,Goat 3,Fresh,"(135, 134, 127)"
photo_168.jpg,332,Goat 3,Fresh,"(134, 135, 128)"
photo_169.jpg,334,Goat 3,Fresh,"(135, 135, 127)"
photo_170.jpg,336,Goat 3,Fresh,"(135, 134, 127)"
photo_171.jpg,338,Goat 3,Fresh,"(135, 135, 127)"
photo_172.jpg,340,Goat 3,Fresh,"(135, 134, 127)"
photo_173.jpg,342,Goat 3,Fresh,"(135, 134, 128)"
photo_174.jpg,344,Goat 3,Fresh,"(135, 134, 128)"
photo_175.jpg,346,Goat 3,Fresh,"(135, 134, 128)"
photo_176.jpg,348,Goat 3,Fresh,"(135, 134, 128)"
photo_177.jpg,350,Goat 3,Fresh,"(135, 134, 128)"
photo_178.jpg,352,Goat 3,Fresh,"(135, 134, 128)"
photo_179.jpg,354,Goat 3,Fresh,"(135, 134, 127)"
photo_180.jpg,356,Goat 3,Fresh,"(135, 134, 128)"
photo_181.jpg,358,Goat 3,Fresh,"(135, 134, 128)"
photo_182.jpg,360,Goat 3,Fresh,"(135, 134, 127)"
photo_183.jpg,362,Goat 3,Fresh,"(135, 134, 127)"
photo_184.jpg,364,Goat 3,Fresh,"(135, 134, 128)"
photo_185.jpg,366,Goat 3,Fresh,"(135, 134, 128)"
photo_186.jpg,368,Goat 3,Fresh,"(135, 134, 128)"
photo_187.jpg,370,Goat 3,Fresh,"(136, 134, 128)"
photo_188.jpg,372,Goat 3,Fresh,"(135, 134, 127)"
photo_189.jpg,374,Goat 3,Fresh,"(135, 134, 127)"
photo_190.jpg,376,Goat 3,Fresh,"(135, 134, 127)"
photo_191.jpg,378,Goat 3,Fresh,"(135, 134, 127)"
photo_192.jpg,380,Goat 3,Fresh,"(136, 134, 128)"
photo_193.jpg,382,Goat 3,Fresh,"(135, 134, 127)"
photo_194.jpg,384,Goat 3,Fresh,"(135, 134, 127)"
photo_195.jpg,386,Goat 3,Fresh,"(135, 134, 127)"
photo_196.jpg,388,Goat 3,Fresh,"(136, 134, 127)"
photo_197.jpg,390,Goat 3,Fresh,"(135, 134, 128)"
photo_198.jpg,392,Goat 3,Fresh,"(136, 134, 128)"
photo_199.jpg,394,Goat 3,Fresh,"(136, 134, 128)"
photo_200.jpg,396,Goat 3,Fresh,"(135, 134, 128)"
photo_201.jpg,398,Goat 3,Fresh,"(136, 134, 131)"
photo_202.jpg,400,Goat 3,Fresh,"(136, 134, 130)"
photo_203.jpg,402,Goat 3,Fresh,"(136, 134, 130)"
photo_204.jpg,404,Goat 3,Fresh,"(136, 134, 130)"
photo_205.jpg,406,Goat 3,Fresh,"(135, 134, 130)"
photo_206.jpg,408,Goat 3,Fresh,"(136, 133, 131)"
photo_207.jpg,410,Goat 3,Fresh,"(136, 134, 130)"
photo_208.jpg,412,Goat 3,Fresh,"(136, 134, 130)"
photo_209.jpg,414,Goat 3,Fresh,"(135, 134, 130)"
photo_210.jpg,416,Goat 3,Fresh,"(136, 134, 131)"
photo_211.jpg,418,Goat 3,Fresh,"(135, 134, 131)"
photo_212.jpg,420,Goat 3,Fresh,"(136, 133, 131)"
photo_213.jpg,422,Goat 3,Fresh,"(135, 134, 130)"
photo_214.jpg,424,Goat 3,Fresh,"(136, 134, 131)"
photo_215.jpg,426,Goat 3,Fresh,"(136, 134, 130)"
photo_216.jpg,428,Goat 3,Fresh,"(136, 134, 130)"
photo_217.jpg,430,Goat 3,Fresh,"(136, 134, 130)"
photo_218.jpg,432,Goat 3,Fresh,"(136, 134, 130)"
photo_219.jpg,434,Goat 3,Fresh,"(135, 134, 130)"
photo_220.jpg,436,Goat 3,Fresh,"(135, 134, 130)"
photo_221.jpg,438,Goat 3,Fresh,"(136, 134, 129)"
photo_222.jpg,440,Goat 3,Fresh,"(136, 133, 130)"
photo_223.jpg,442,Goat 3,Fresh,"(135, 134, 130)"
photo_224.jpg,444,Goat 3,Fresh,"(136, 133, 130)"
photo_225.jpg,446,Goat 3,Fresh,"(136, 133, 130)"
photo_226.jpg,448,Goat 3,Fresh,"(136, 133, 129)"
photo_227.jpg,450,Goat 3,Fresh,"(136, 134, 130)"
photo_228.jpg,452,Goat 3,Fresh,"(135, 134, 130)"
photo_229.jpg,454,Goat 3,Fresh,"(136, 133, 130)"
photo_230.jpg,456,Goat 3,Fresh,"(135, 134, 129)"
photo_231.jpg,458,Goat 3,Fresh,"(136, 133, 130)"
photo_232.jpg,460,Goat 3,Fresh,"(135, 134, 130)"
photo_233.jpg,462,Goat 3,Fresh,"(136, 133, 130)"
photo_234.jpg,464,Goat 3,Fresh,"(136, 133, 130)"
photo_235.jpg,466,Goat 3,Fresh,"(135, 134, 129)"
photo_236.jpg,468,Goat 3,Fresh,"(136, 133, 130)"
photo_237.jpg,470,Goat 3,Fresh,"(135, 133, 130)"
