Image,Time(in mins),Sample Name,Milk Type,Gamma Avg RGB
photo_3.jpg,2,Buffalo 1,Fresh,"(198, 234, 251)"
photo_4.jpg,4,Buffalo 1,Fresh,"(198, 234, 251)"
photo_5.jpg,6,Buffalo 1,Fresh,"(197, 233, 251)"
photo_6.jpg,8,Buffalo 1,Fresh,"(197, 232, 250)"
photo_7.jpg,10,Buffalo 1,Fresh,"(197, 231, 250)"
photo_8.jpg,12,Buffalo 1,Fresh,"(197, 231, 250)"
photo_9.jpg,14,Buffalo 1,Fresh,"(197, 230, 250)"
photo_10.jpg,16,Buffalo 1,Fresh,"(197, 230, 250)"
photo_11.jpg,18,Buffalo 1,Fresh,"(196, 229, 249)"
photo_12.jpg,20,Buffalo 1,Fresh,"(196, 229, 249)"
photo_13.jpg,22,Buffalo 1,Fresh,"(196, 229, 249)"
photo_14.jpg,24,Buffalo 1,Fresh,"(195, 228, 249)"
photo_15.jpg,26,Buffalo 1,Fresh,"(195, 228, 249)"
photo_16.jpg,28,Buffalo 1,Fresh,"(195, 228, 249)"
photo_17.jpg,30,Buffalo 1,Fresh,"(193, 228, 249)"
photo_18.jpg,32,Buffalo 1,Fresh,"(192, 228, 249)"
photo_19.jpg,34,Buffalo 1,Fresh,"(192, 227, 249)"
photo_20.jpg,36,Buffalo 1,Fresh,"(192, 227, 249)"
photo_21.jpg,38,Buffalo 1,Fresh,"(192, 227, 248)"
photo_22.jpg,40,Buffalo 1,Fresh,"(191, 226, 248)"
photo_23.jpg,42,Buffalo 1,Fresh,"(191, 226, 248)"
photo_24.jpg,44,Buffalo 1,Fresh,"(191, 226, 248)"
photo_25.jpg,46,Buffalo 1,Fresh,"(191, 225, 248)"
photo_26.jpg,48,Buffalo 1,Fresh,"(189, 226, 248)"
photo_27.jpg,50,Buffalo 1,Fresh,"(188, 225, 248)"
photo_28.jpg,52,Buffalo 1,Fresh,"(188, 225, 247)"
photo_29.jpg,54,Buffalo 1,Fresh,"(188, 225, 247)"
photo_30.jpg,56,Buffalo 1,Fresh,"(188, 224, 247)"
photo_31.jpg,58,Buffalo 1,Fresh,"(187, 224, 246)"
photo_32.jpg,60,Buffalo 1,Fresh,"(187, 223, 246)"
photo_33.jpg,62,Buffalo 1,Fresh,"(187, 223, 246)"
photo_34.jpg,64,Buffalo 1,Fresh,"(186, 222, 245)"
photo_35.jpg,66,Buffalo 1,Fresh,"(186, 222, 245)"
photo_36.jpg,68,Buffalo 1,Fresh,"(186, 222, 245)"
photo_37.jpg,70,Buffalo 1,Fresh,"(185, 221, 244)"
photo_38.jpg,72,Buffalo 1,Fresh,"(185, 220, 244)"
photo_39.jpg,74,Buffalo 1,Fresh,"(185, 220, 243)"
photo_40.jpg,76,Buffalo 1,Fresh,"(184, 220, 243)"
photo_41.jpg,78,Buffalo 1,Fresh,"(184, 219, 242)"
photo_42.jpg,80,Buffalo 1,Fresh,"(184, 219, 242)"
photo_43.jpg,82,Buffalo 1,Fresh,"(184, 219, 241)"
photo_44.jpg,84,Buffalo 1,Fresh,"(183, 218, 241)"
photo_45.jpg,86,Buffalo 1,Fresh,"(183, 218, 240)"
photo_46.jpg,88,Buffalo 1,Fresh,"(183, 217, 240)"
photo_47.jpg,90,Buffalo 1,Fresh,"(182, 217, 239)"
photo_48.jpg,92,Buffalo 1,Fresh,"(182, 216, 238)"
photo_49.jpg,94,Buffalo 1,Fresh,"(181, 216, 238)"
photo_50.jpg,96,Buffalo 1,Fresh,"(181, 215, 237)"
photo_51.jpg,98,Buffalo 1,Fresh,"(179, 215, 236)"
photo_52.jpg,100,Buffalo 1,Fresh,"(178, 214, 236)"
photo_53.jpg,102,Buffalo 1,Fresh,"(178, 213, 235)"
photo_54.jpg,104,Buffalo 1,Fresh,"(177, 213, 234)"
photo_55.jpg,106,Buffalo 1,Fresh,"(177, 213, 234)"
photo_56.jpg,108,Buffalo 1,Fresh,"(176, 212, 233)"
photo_57.jpg,110,Buffalo 1,Fresh,"(176, 211, 232)"
photo_58.jpg,112,Buffalo 1,Fresh,"(175, 211, 231)"
photo_59.jpg,114,Buffalo 1,Fresh,"(175, 210, 230)"
photo_60.jpg,116,Buffalo 1,Fresh,"(175, 210, 230)"
photo_61.jpg,118,Buffalo 1,Fresh,"(174, 209, 229)"
photo_62.jpg,120,Buffalo 1,Fresh,"(174, 208, 228)"
photo_63.jpg,122,Buffalo 1,Fresh,"(174, 208, 228)"
photo_64.jpg,124,Buffalo 1,Fresh,"(173, 207, 227)"
photo_65.jpg,126,Buffalo 1,Fresh,"(173, 207, 226)"
photo_66.jpg,128,Buffalo 1,Fresh,"(172, 207, 226)"
photo_67.jpg,130,Buffalo 1,Fresh,"(172, 206, 225)"
photo_68.jpg,132,Buffalo 1,Fresh,"(170, 206, 225)"
photo_69.jpg,134,Buffalo 1,Fresh,"(170, 205, 224)"
photo_70.jpg,136,Buffalo 1,Fresh,"(169, 205, 224)"
photo_71.jpg,138,Buffalo 1,Fresh,"(168, 204, 223)"
photo_72.jpg,140,Buffalo 1,Fresh,"(168, 204, 222)"
photo_73.jpg,142,Buffalo 1,Fresh,"(168, 204, 222)"
photo_74.jpg,144,Buffalo 1,Fresh,"(168, 203, 221)"
photo_75.jpg,146,Buffalo 1,Fresh,"(167, 203, 220)"
photo_76.jpg,148,Buffalo 1,Fresh,"(167, 202, 219)"
photo_77.jpg,150,Buffalo 1,Fresh,"(166, 202, 219)"
photo_78.jpg,152,Buffalo 1,Fresh,"(166, 201, 218)"
photo_79.jpg,154,Buffalo 1,Fresh,"(166, 201, 218)"
photo_80.jpg,156,Buffalo 1,Fresh,"(165, 200, 217)"
photo_81.jpg,158,Buffalo 1,Fresh,"(165, 200, 217)"
photo_82.jpg,160,Buffalo 1,Fresh,"(164, 199, 216)"
photo_83.jpg,162,Buffalo 1,Fresh,"(164, 199, 216)"
photo_84.jpg,164,Buffalo 1,Fresh,"(164, 199, 215)"
photo_85.jpg,166,Buffalo 1,Fresh,"(161, 199, 215)"
photo_86.jpg,168,Buffalo 1,Fresh,"(161, 198, 215)"
photo_87.jpg,170,Buffalo 1,Fresh,"(161, 198, 214)"
photo_88.jpg,172,Buffalo 1,Fresh,"(160, 198, 213)"
photo_89.jpg,174,Buffalo 1,Fresh,"(161, 197, 213)"
photo_90.jpg,176,Buffalo 1,Fresh,"(160, 197, 212)"
photo_91.jpg,178,Buffalo 1,Fresh,"(159, 196, 212)"
photo_92.jpg,180,Buffalo 1,Fresh,"(159, 196, 212)"
photo_93.jpg,182,Buffalo 1,Fresh,"(158, 196, 211)"
photo_94.jpg,184,Buffalo 1,Fresh,"(159, 195, 211)"
photo_95.jpg,186,Buffalo 1,Fresh,"(158, 195, 210)"
photo_96.jpg,188,Buffalo 1,Fresh,"(158, 194, 210)"
photo_97.jpg,190,Buffalo 1,Fresh,"(157, 194, 210)"
photo_98.jpg,192,Buffalo 1,Fresh,"(157, 194, 209)"
photo_99.jpg,194,Buffalo 1,Fresh,"(157, 193, 208)"
photo_100.jpg,196,Buffalo 1,Fresh,"(157, 193, 208)"
photo_101.jpg,198,Buffalo 1,Fresh,"(157, 192, 208)"
photo_102.jpg,200,Buffalo 1,Fresh,"(156, 192, 208)"
photo_103.jpg,202,Buffalo 1,Fresh,"(156, 192, 207)"
photo_104.jpg,204,Buffalo 1,Fresh,"(155, 191, 207)"
photo_105.jpg,206,Buffalo 1,Fresh,"(155, 191, 207)"
photo_106.jpg,208,Buffalo 1,Fresh,"(155, 191, 206)"
photo_107.jpg,210,Buffalo 1,Fresh,"(155, 190, 206)"
photo_108.jpg,212,Buffalo 1,Fresh,"(154, 190, 205)"
photo_109.jpg,214,Buffalo 1,Fresh,"(154, 190, 205)"
photo_110.jpg,216,Buffalo 1,Fresh,"(151, 190, 205)"
photo_111.jpg,218,Buffalo 1,Fresh,"(151, 190, 205)"
photo_112.jpg,220,Buffalo 1,Fresh,"(150, 190, 204)"
photo_113.jpg,222,Buffalo 1,Fresh,"(151, 189, 204)"
photo_114.jpg,224,Buffalo 1,Fresh,"(151, 189, 204)"
photo_115.jpg,226,Buffalo 1,Fresh,"(150, 189, 204)"
photo_116.jpg,228,Buffalo 1,Fresh,"(150, 188, 203)"
photo_117.jpg,230,Buffalo 1,Fresh,"(149, 188, 202)"
photo_118.jpg,232,Buffalo 1,Fresh,"(150, 187, 201)"
photo_119.jpg,234,Buffalo 1,Fresh,"(149, 187, 201)"
photo_120.jpg,236,Buffalo 1,Fresh,"(149, 187, 201)"
photo_121.jpg,238,Buffalo 1,Fresh,"(149, 187, 201)"
photo_122.jpg,240,Buffalo 1,Fresh,"(149, 187, 201)"
photo_123.jpg,242,Buffalo 1,Fresh,"(149, 186, 201)"
photo_124.jpg,244,Buffalo 1,Fresh,"(149, 186, 201)"
photo_125.jpg,246,Buffalo 1,Fresh,"(149, 186, 201)"
photo_126.jpg,248,Buffalo 1,Fresh,"(148, 186, 201)"
photo_127.jpg,250,Buffalo 1,Fresh,"(149, 186, 200)"
photo_128.jpg,252,Buffalo 1,Fresh,"(149, 185, 201)"
photo_129.jpg,254,Buffalo 1,Fresh,"(148, 185, 200)"
photo_130.jpg,256,Buffalo 1,Fresh,"(148, 185, 200)"
photo_131.jpg,258,Buffalo 1,Fresh,"(148, 185, 200)"
photo_132.jpg,260,Buffalo 1,Fresh,"(147, 185, 200)"
photo_133.jpg,262,Buffalo 1,Fresh,"(147, 185, 199)"
photo_134.jpg,264,Buffalo 1,Fresh,"(147, 185, 199)"
photo_135.jpg,266,Buffalo 1,Fresh,"(147, 184, 199)"
photo_136.jpg,268,Buffalo 1,Fresh,"(146, 185, 199)"
photo_137.jpg,270,Buffalo 1,Fresh,"(147, 184, 199)"
photo_138.jpg,272,Buffalo 1,Fresh,"(147, 184, 199)"
photo_139.jpg,274,Buffalo 1,Fresh,"(146, 184, 199)"
photo_140.jpg,276,Buffalo 1,Fresh,"(146, 184, 198)"
photo_141.jpg,278,Buffalo 1,Fresh,"(146, 183, 199)"
photo_142.jpg,280,Buffalo 1,Fresh,"(145, 184, 199)"
photo_143.jpg,282,Buffalo 1,Fresh,"(146, 184, 199)"
photo_144.jpg,284,Buffalo 1,Fresh,"(147, 184, 199)"
photo_145.jpg,286,Buffalo 1,Fresh,"(146, 184, 199)"
photo_146.jpg,288,Buffalo 1,Fresh,"(146, 184, 199)"
photo_147.jpg,290,Buffalo 1,Fresh,"(147, 184, 199)"
photo_148.jpg,292,Buffalo 1,Fresh,"(146, 184, 199)"
photo_149.jpg,294,Buffalo 1,Fresh,"(146, 184, 199)"
photo_150.jpg,296,Buffalo 1,Fresh,"(146, 184, 199)"
photo_151.jpg,298,Buffalo 1,Fresh,"(146, 184, 199)"
photo_152.jpg,300,Buffalo 1,Fresh,"(147, 184, 199)"
photo_153.jpg,302,Buffalo 1,Fresh,"(145, 184, 200)"
photo_154.jpg,304,Buffalo 1,Fresh,"(147, 184, 199)"
photo_155.jpg,306,Buffalo 1,Fresh,"(146, 184, 199)"
photo_156.jpg,308,Buffalo 1,Fresh,"(146, 184, 199)"
photo_157.jpg,310,Buffalo 1,Fresh,"(146, 184, 199)"
photo_158.jpg,312,Buffalo 1,Fresh,"(145, 184, 199)"
photo_159.jpg,314,Buffalo 1,Fresh,"(146, 182, 198)"
photo_160.jpg,316,Buffalo 1,Fresh,"(145, 182, 197)"
photo_161.jpg,318,Buffalo 1,Fresh,"(144, 182, 197)"
photo_162.jpg,320,Buffalo 1,Fresh,"(145, 184, 199)"
photo_163.jpg,322,Buffalo 1,Fresh,"(146, 184, 199)"
photo_164.jpg,324,Buffalo 1,Fresh,"(146, 183, 199)"
photo_165.jpg,326,Buffalo 1,Fresh,"(145, 184, 199)"
photo_166.jpg,328,Buffalo 1,Fresh,"(145, 184, 199)"
photo_167.jpg,330,Buffalo 1,Fresh,"(145, 184, 199)"
photo_168.jpg,332,Buffalo 1,Fresh,"(145, 184, 199)"
photo_169.jpg,334,Buffalo 1,Fresh,"(145, 184, 199)"
photo_170.jpg,336,Buffalo 1,Fresh,"(146, 184, 199)"
photo_171.jpg,338,Buffalo 1,Fresh,"(145, 184, 199)"
photo_172.jpg,340,Buffalo 1,Fresh,"(146, 184, 199)"
photo_173.jpg,342,Buffalo 1,Fresh,"(146, 184, 200)"
photo_174.jpg,344,Buffalo 1,Fresh,"(145, 184, 199)"
photo_175.jpg,346,Buffalo 1,Fresh,"(146, 184, 199)"
photo_176.jpg,348,Buffalo 1,Fresh,"(146, 184, 200)"
photo_177.jpg,350,Buffalo 1,Fresh,"(146, 184, 200)"
photo_178.jpg,352,Buffalo 1,Fresh,"(146, 184, 200)"
photo_179.jpg,354,Buffalo 1,Fresh,"(147, 185, 200)"
photo_180.jpg,356,Buffalo 1,Fresh,"(146, 185, 200)"
photo_181.jpg,358,Buffalo 1,Fresh,"(146, 185, 200)"
photo_182.jpg,360,Buffalo 1,Fresh,"(146, 185, 201)"
photo_183.jpg,362,Buffalo 1,Fresh,"(146, 185, 201)"
photo_184.jpg,364,Buffalo 1,Fresh,"(147, 185, 201)"
photo_185.jpg,366,Buffalo 1,Fresh,"(146, 185, 201)"
photo_186.jpg,368,Buffalo 1,Fresh,"(146, 185, 201)"
photo_187.jpg,370,Buffalo 1,Fresh,"(147, 185, 201)"
photo_188.jpg,372,Buffalo 1,Fresh,"(146, 185, 201)"
photo_189.jpg,374,Buffalo 1,Fresh,"(147, 186, 201)"
photo_190.jpg,376,Buffalo 1,Fresh,"(147, 186, 201)"
photo_191.jpg,378,Buffalo 1,Fresh,"(147, 186, 201)"
photo_192.jpg,380,Buffalo 1,Fresh,"(147, 186, 202)"
photo_193.jpg,382,Buffalo 1,Fresh,"(147, 186, 202)"
photo_194.jpg,384,Buffalo 1,Fresh,"(147, 186, 202)"
photo_195.jpg,386,Buffalo 1,Fresh,"(147, 186, 202)"
photo_196.jpg,388,Buffalo 1,Fresh,"(148, 186, 202)"
photo_197.jpg,390,Buffalo 1,Fresh,"(148, 186, 203)"
photo_198.jpg,392,Buffalo 1,Fresh,"(147, 187, 202)"
photo_199.jpg,394,Buffalo 1,Fresh,"(148, 187, 202)"
photo_200.jpg,396,Buffalo 1,Fresh,"(147, 187, 202)"
photo_201.jpg,398,Buffalo 1,Fresh,"(147, 187, 203)"
photo_202.jpg,400,Buffalo 1,Fresh,"(147, 187, 203)"
photo_203.jpg,402,Buffalo 1,Fresh,"(148, 187, 203)"
photo_204.jpg,404,Buffalo 1,Fresh,"(148, 187, 203)"
photo_205.jpg,406,Buffalo 1,Fresh,"(148, 187, 204)"
photo_206.jpg,408,Buffalo 1,Fresh,"(149, 187, 203)"
photo_207.jpg,410,Buffalo 1,Fresh,"(148, 188, 204)"
photo_208.jpg,412,Buffalo 1,Fresh,"(149, 188, 204)"
photo_209.jpg,414,Buffalo 1,Fresh,"(149, 188, 204)"
photo_210.jpg,416,Buffalo 1,Fresh,"(149, 188, 204)"
photo_211.jpg,418,Buffalo 1,Fresh,"(149, 188, 204)"
photo_212.jpg,420,Buffalo 1,Fresh,"(150, 188, 205)"
photo_213.jpg,422,Buffalo 1,Fresh,"(149, 189, 204)"
photo_214.jpg,424,Buffalo 1,Fresh,"(149, 188, 205)"
photo_215.jpg,426,Buffalo 1,Fresh,"(149, 188, 206)"
photo_216.jpg,428,Buffalo 1,Fresh,"(150, 189, 206)"
photo_217.jpg,430,Buffalo 1,Fresh,"(149, 189, 206)"
photo_218.jpg,432,Buffalo 1,Fresh,"(150, 189, 206)"
photo_219.jpg,434,Buffalo 1,Fresh,"(150, 189, 206)"
photo_220.jpg,436,Buffalo 1,Fresh,"(150, 189, 206)"
photo_221.jpg,438,Buffalo 1,Fresh,"(151, 190, 207)"
photo_222.jpg,440,Buffalo 1,Fresh,"(150, 190, 207)"
photo_223.jpg,442,Buffalo 1,Fresh,"(151, 190, 207)"
photo_224.jpg,444,Buffalo 1,Fresh,"(150, 190, 207)"
photo_225.jpg,446,Buffalo 1,Fresh,"(151, 190, 207)"
photo_226.jpg,448,Buffalo 1,Fresh,"(151, 190, 207)"
photo_227.jpg,450,Buffalo 1,Fresh,"(151, 191, 207)"
photo_228.jpg,452,Buffalo 1,Fresh,"(152, 190, 208)"
photo_229.jpg,454,Buffalo 1,Fresh,"(152, 191, 208)"
photo_230.jpg,456,Buffalo 1,Fresh,"(151, 191, 208)"
photo_231.jpg,458,Buffalo 1,Fresh,"(151, 191, 208)"
photo_232.jpg,460,Buffalo 1,Fresh,"(151, 191, 208)"
photo_233.jpg,462,Buffalo 1,Fresh,"(152, 191, 209)"
photo_234.jpg,464,Buffalo 1,Fresh,"(152, 191, 209)"
photo_235.jpg,466,Buffalo 1,Fresh,"(152, 191, 209)"
photo_236.jpg,468,Buffalo 1,Fresh,"(152, 192, 209)"
photo_237.jpg,470,Buffalo 1,Fresh,"(152, 192, 209)"
photo_238.jpg,472,Buffalo 1,Fresh,"(152, 192, 210)"
photo_239.jpg,474,Buffalo 1,Fresh,"(152, 192, 210)"
photo_240.jpg,476,Buffalo 1,Fresh,"(153, 192, 210)"
photo_241.jpg,478,Buffalo 1,Fresh,"(152, 192, 210)"
photo_242.jpg,480,Buffalo 1,Fresh,"(153, 192, 210)"
photo_243.jpg,482,Buffalo 1,Fresh,"(153, 193, 210)"
photo_244.jpg,484,Buffalo 1,Fresh,"(153, 193, 210)"
photo_245.jpg,486,Buffalo 1,Fresh,"(153, 193, 211)"
photo_246.jpg,488,Buffalo 1,Fresh,"(153, 193, 210)"
photo_247.jpg,490,Buffalo 1,Fresh,"(153, 193, 210)"
photo_248.jpg,492,Buffalo 1,Fresh,"(153, 193, 211)"
photo_249.jpg,494,Buffalo 1,Fresh,"(153, 193, 211)"
photo_250.jpg,496,Buffalo 1,Fresh,"(153, 193, 211)"
photo_251.jpg,498,Buffalo 1,Fresh,"(153, 193, 211)"
photo_252.jpg,500,Buffalo 1,Fresh,"(153, 194, 212)"
photo_253.jpg,502,Buffalo 1,Fresh,"(140, 187, 202)"
photo_254.jpg,504,Buffalo 1,Fresh,"(145, 189, 203)"
photo_255.jpg,506,Buffalo 1,Fresh,"(145, 189, 203)"
photo_256.jpg,508,Buffalo 1,Fresh,"(145, 189, 203)"
photo_257.jpg,510,Buffalo 1,Fresh,"(145, 189, 203)"
photo_258.jpg,512,Buffalo 1,Fresh,"(145, 189, 204)"
photo_259.jpg,514,Buffalo 1,Fresh,"(146, 190, 204)"
photo_260.jpg,516,Buffalo 1,Fresh,"(146, 189, 204)"
photo_261.jpg,518,Buffalo 1,Fresh,"(145, 188, 203)"
photo_262.jpg,520,Buffalo 1,Fresh,"(145, 188, 203)"
photo_263.jpg,522,Buffalo 1,Fresh,"(145, 188, 203)"
photo_264.jpg,524,Buffalo 1,Fresh,"(145, 188, 203)"
photo_265.jpg,526,Buffalo 1,Fresh,"(145, 189, 203)"
photo_3.jpg,2,Buffalo 2,Spoiled,"(186, 223, 242)"
photo_4.jpg,4,Buffalo 2,Spoiled,"(190, 229, 249)"
photo_5.jpg,6,Buffalo 2,Spoiled,"(191, 230, 251)"
photo_6.jpg,8,Buffalo 2,Spoiled,"(191, 229, 250)"
photo_7.jpg,10,Buffalo 2,Spoiled,"(191, 229, 250)"
photo_8.jpg,12,Buffalo 2,Spoiled,"(191, 228, 250)"
photo_9.jpg,14,Buffalo 2,Spoiled,"(191, 228, 250)"
photo_10.jpg,16,Buffalo 2,Spoiled,"(191, 228, 250)"
photo_11.jpg,18,Buffalo 2,Spoiled,"(190, 227, 250)"
photo_12.jpg,20,Buffalo 2,Spoiled,"(190, 227, 249)"
photo_13.jpg,22,Buffalo 2,Spoiled,"(190, 227, 249)"
photo_14.jpg,24,Buffalo 2,Spoiled,"(190, 227, 249)"
photo_15.jpg,26,Buffalo 2,Spoiled,"(190, 227, 249)"
photo_16.jpg,28,Buffalo 2,Spoiled,"(190, 226, 249)"
photo_17.jpg,30,Buffalo 2,Spoiled,"(188, 227, 249)"
photo_18.jpg,32,Buffalo 2,Spoiled,"(187, 226, 249)"
photo_19.jpg,34,Buffalo 2,Spoiled,"(188, 226, 248)"
photo_20.jpg,36,Buffalo 2,Spoiled,"(188, 226, 248)"
photo_21.jpg,38,Buffalo 2,Spoiled,"(187, 226, 248)"
photo_22.jpg,40,Buffalo 2,Spoiled,"(187, 225, 248)"
photo_23.jpg,42,Buffalo 2,Spoiled,"(187, 225, 248)"
photo_24.jpg,44,Buffalo 2,Spoiled,"(187, 225, 248)"
photo_25.jpg,46,Buffalo 2,Spoiled,"(186, 225, 247)"
photo_26.jpg,48,Buffalo 2,Spoiled,"(185, 225, 247)"
photo_27.jpg,50,Buffalo 2,Spoiled,"(184, 224, 247)"
photo_28.jpg,52,Buffalo 2,Spoiled,"(184, 224, 247)"
photo_29.jpg,54,Buffalo 2,Spoiled,"(184, 223, 247)"
photo_30.jpg,56,Buffalo 2,Spoiled,"(183, 223, 246)"
photo_31.jpg,58,Buffalo 2,Spoiled,"(183, 223, 246)"
photo_32.jpg,60,Buffalo 2,Spoiled,"(183, 222, 245)"
photo_33.jpg,62,Buffalo 2,Spoiled,"(183, 222, 245)"
photo_34.jpg,64,Buffalo 2,Spoiled,"(182, 221, 244)"
photo_35.jpg,66,Buffalo 2,Spoiled,"(182, 221, 244)"
photo_36.jpg,68,Buffalo 2,Spoiled,"(181, 220, 243)"
photo_37.jpg,70,Buffalo 2,Spoiled,"(181, 220, 243)"
photo_38.jpg,72,Buffalo 2,Spoiled,"(181, 220, 242)"
photo_39.jpg,74,Buffalo 2,Spoiled,"(180, 219, 242)"
photo_40.jpg,76,Buffalo 2,Spoiled,"(180, 219, 241)"
photo_41.jpg,78,Buffalo 2,Spoiled,"(179, 218, 241)"
photo_42.jpg,80,Buffalo 2,Spoiled,"(179, 218, 240)"
photo_43.jpg,82,Buffalo 2,Spoiled,"(179, 217, 240)"
photo_44.jpg,84,Buffalo 2,Spoiled,"(178, 217, 239)"
photo_45.jpg,86,Buffalo 2,Spoiled,"(178, 216, 238)"
photo_46.jpg,88,Buffalo 2,Spoiled,"(178, 216, 238)"
photo_47.jpg,90,Buffalo 2,Spoiled,"(177, 215, 237)"
photo_48.jpg,92,Buffalo 2,Spoiled,"(177, 214, 236)"
photo_49.jpg,94,Buffalo 2,Spoiled,"(176, 214, 235)"
photo_50.jpg,96,Buffalo 2,Spoiled,"(176, 213, 234)"
photo_51.jpg,98,Buffalo 2,Spoiled,"(173, 213, 234)"
photo_52.jpg,100,Buffalo 2,Spoiled,"(173, 212, 233)"
photo_53.jpg,102,Buffalo 2,Spoiled,"(172, 212, 232)"
photo_54.jpg,104,Buffalo 2,Spoiled,"(172, 211, 232)"
photo_55.jpg,106,Buffalo 2,Spoiled,"(171, 211, 231)"
photo_56.jpg,108,Buffalo 2,Spoiled,"(171, 210, 230)"
photo_57.jpg,110,Buffalo 2,Spoiled,"(170, 209, 229)"
photo_58.jpg,112,Buffalo 2,Spoiled,"(169, 209, 228)"
photo_59.jpg,114,Buffalo 2,Spoiled,"(169, 208, 227)"
photo_60.jpg,116,Buffalo 2,Spoiled,"(168, 208, 227)"
photo_61.jpg,118,Buffalo 2,Spoiled,"(168, 207, 226)"
photo_62.jpg,120,Buffalo 2,Spoiled,"(167, 206, 225)"
photo_63.jpg,122,Buffalo 2,Spoiled,"(167, 206, 224)"
photo_64.jpg,124,Buffalo 2,Spoiled,"(166, 205, 224)"
photo_65.jpg,126,Buffalo 2,Spoiled,"(166, 205, 223)"
photo_66.jpg,128,Buffalo 2,Spoiled,"(165, 204, 223)"
photo_67.jpg,130,Buffalo 2,Spoiled,"(165, 204, 222)"
photo_68.jpg,132,Buffalo 2,Spoiled,"(163, 204, 222)"
photo_69.jpg,134,Buffalo 2,Spoiled,"(162, 203, 221)"
photo_70.jpg,136,Buffalo 2,Spoiled,"(162, 203, 221)"
photo_71.jpg,138,Buffalo 2,Spoiled,"(162, 202, 220)"
photo_72.jpg,140,Buffalo 2,Spoiled,"(161, 202, 219)"
photo_73.jpg,142,Buffalo 2,Spoiled,"(160, 201, 218)"
photo_74.jpg,144,Buffalo 2,Spoiled,"(160, 201, 218)"
photo_75.jpg,146,Buffalo 2,Spoiled,"(159, 200, 217)"
photo_76.jpg,148,Buffalo 2,Spoiled,"(159, 199, 217)"
photo_77.jpg,150,Buffalo 2,Spoiled,"(158, 199, 216)"
photo_78.jpg,152,Buffalo 2,Spoiled,"(158, 199, 215)"
photo_79.jpg,154,Buffalo 2,Spoiled,"(158, 198, 215)"
photo_80.jpg,156,Buffalo 2,Spoiled,"(157, 197, 214)"
photo_81.jpg,158,Buffalo 2,Spoiled,"(157, 197, 214)"
photo_82.jpg,160,Buffalo 2,Spoiled,"(156, 197, 213)"
photo_83.jpg,162,Buffalo 2,Spoiled,"(156, 196, 212)"
photo_84.jpg,164,Buffalo 2,Spoiled,"(156, 196, 212)"
photo_85.jpg,166,Buffalo 2,Spoiled,"(153, 196, 212)"
photo_86.jpg,168,Buffalo 2,Spoiled,"(153, 195, 211)"
photo_87.jpg,170,Buffalo 2,Spoiled,"(152, 195, 211)"
photo_88.jpg,172,Buffalo 2,Spoiled,"(151, 194, 210)"
photo_89.jpg,174,Buffalo 2,Spoiled,"(151, 194, 210)"
photo_90.jpg,176,Buffalo 2,Spoiled,"(151, 194, 209)"
photo_91.jpg,178,Buffalo 2,Spoiled,"(150, 193, 209)"
photo_92.jpg,180,Buffalo 2,Spoiled,"(150, 193, 208)"
photo_93.jpg,182,Buffalo 2,Spoiled,"(149, 193, 208)"
photo_94.jpg,184,Buffalo 2,Spoiled,"(149, 192, 208)"
photo_95.jpg,186,Buffalo 2,Spoiled,"(149, 191, 207)"
photo_96.jpg,188,Buffalo 2,Spoiled,"(148, 191, 206)"
photo_97.jpg,190,Buffalo 2,Spoiled,"(149, 191, 206)"
photo_98.jpg,192,Buffalo 2,Spoiled,"(148, 191, 206)"
photo_99.jpg,194,Buffalo 2,Spoiled,"(147, 190, 205)"
photo_100.jpg,196,Buffalo 2,Spoiled,"(147, 190, 204)"
photo_101.jpg,198,Buffalo 2,Spoiled,"(147, 189, 204)"
photo_102.jpg,200,Buffalo 2,Spoiled,"(146, 189, 204)"
photo_103.jpg,202,Buffalo 2,Spoiled,"(146, 189, 204)"
photo_104.jpg,204,Buffalo 2,Spoiled,"(146, 188, 203)"
photo_105.jpg,206,Buffalo 2,Spoiled,"(145, 188, 203)"
photo_106.jpg,208,Buffalo 2,Spoiled,"(145, 188, 202)"
photo_107.jpg,210,Buffalo 2,Spoiled,"(144, 187, 202)"
photo_108.jpg,212,Buffalo 2,Spoiled,"(144, 187, 201)"
photo_109.jpg,214,Buffalo 2,Spoiled,"(144, 187, 201)"
photo_110.jpg,216,Buffalo 2,Spoiled,"(141, 187, 201)"
photo_111.jpg,218,Buffalo 2,Spoiled,"(140, 187, 201)"
photo_112.jpg,220,Buffalo 2,Spoiled,"(140, 186, 201)"
photo_113.jpg,222,Buffalo 2,Spoiled,"(139, 186, 200)"
photo_114.jpg,224,Buffalo 2,Spoiled,"(139, 186, 200)"
photo_115.jpg,226,Buffalo 2,Spoiled,"(139, 186, 200)"
photo_116.jpg,228,Buffalo 2,Spoiled,"(139, 185, 198)"
photo_117.jpg,230,Buffalo 2,Spoiled,"(139, 184, 198)"
photo_118.jpg,232,Buffalo 2,Spoiled,"(139, 184, 197)"
photo_119.jpg,234,Buffalo 2,Spoiled,"(138, 183, 197)"
photo_120.jpg,236,Buffalo 2,Spoiled,"(138, 183, 197)"
photo_121.jpg,238,Buffalo 2,Spoiled,"(137, 183, 197)"
photo_122.jpg,240,Buffalo 2,Spoiled,"(138, 183, 197)"
photo_123.jpg,242,Buffalo 2,Spoiled,"(138, 183, 197)"
photo_124.jpg,244,Buffalo 2,Spoiled,"(137, 183, 197)"
photo_125.jpg,246,Buffalo 2,Spoiled,"(138, 183, 197)"
photo_126.jpg,248,Buffalo 2,Spoiled,"(137, 183, 196)"
photo_127.jpg,250,Buffalo 2,Spoiled,"(137, 183, 196)"
photo_128.jpg,252,Buffalo 2,Spoiled,"(137, 182, 196)"
photo_129.jpg,254,Buffalo 2,Spoiled,"(136, 182, 196)"
photo_130.jpg,256,Buffalo 2,Spoiled,"(136, 182, 195)"
photo_131.jpg,258,Buffalo 2,Spoiled,"(136, 182, 196)"
photo_132.jpg,260,Buffalo 2,Spoiled,"(136, 181, 195)"
photo_133.jpg,262,Buffalo 2,Spoiled,"(136, 181, 195)"
photo_134.jpg,264,Buffalo 2,Spoiled,"(135, 181, 195)"
photo_135.jpg,266,Buffalo 2,Spoiled,"(135, 181, 195)"
photo_136.jpg,268,Buffalo 2,Spoiled,"(136, 181, 195)"
photo_137.jpg,270,Buffalo 2,Spoiled,"(135, 180, 195)"
photo_138.jpg,272,Buffalo 2,Spoiled,"(135, 180, 195)"
photo_139.jpg,274,Buffalo 2,Spoiled,"(135, 180, 195)"
photo_140.jpg,276,Buffalo 2,Spoiled,"(135, 180, 194)"
photo_141.jpg,278,Buffalo 2,Spoiled,"(134, 180, 194)"
photo_142.jpg,280,Buffalo 2,Spoiled,"(135, 180, 194)"
photo_143.jpg,282,Buffalo 2,Spoiled,"(135, 180, 194)"
photo_144.jpg,284,Buffalo 2,Spoiled,"(135, 181, 195)"
photo_145.jpg,286,Buffalo 2,Spoiled,"(135, 181, 195)"
photo_146.jpg,288,Buffalo 2,Spoiled,"(134, 181, 195)"
photo_147.jpg,290,Buffalo 2,Spoiled,"(135, 181, 195)"
photo_148.jpg,292,Buffalo 2,Spoiled,"(135, 180, 195)"
photo_149.jpg,294,Buffalo 2,Spoiled,"(135, 180, 195)"
photo_150.jpg,296,Buffalo 2,Spoiled,"(134, 180, 195)"
photo_151.jpg,298,Buffalo 2,Spoiled,"(134, 181, 195)"
photo_152.jpg,300,Buffalo 2,Spoiled,"(135, 180, 195)"
photo_153.jpg,302,Buffalo 2,Spoiled,"(135, 180, 195)"
photo_154.jpg,304,Buffalo 2,Spoiled,"(135, 180, 195)"
photo_155.jpg,306,Buffalo 2,Spoiled,"(135, 180, 195)"
photo_156.jpg,308,Buffalo 2,Spoiled,"(134, 180, 195)"
photo_157.jpg,310,Buffalo 2,Spoiled,"(134, 180, 195)"
photo_158.jpg,312,Buffalo 2,Spoiled,"(134, 180, 195)"
photo_159.jpg,314,Buffalo 2,Spoiled,"(133, 178, 194)"
photo_160.jpg,316,Buffalo 2,Spoiled,"(133, 178, 193)"
photo_161.jpg,318,Buffalo 2,Spoiled,"(133, 178, 193)"
photo_162.jpg,320,Buffalo 2,Spoiled,"(133, 180, 195)"
photo_163.jpg,322,Buffalo 2,Spoiled,"(134, 180, 195)"
photo_164.jpg,324,Buffalo 2,Spoiled,"(134, 180, 195)"
photo_165.jpg,326,Buffalo 2,Spoiled,"(134, 180, 195)"
photo_166.jpg,328,Buffalo 2,Spoiled,"(134, 180, 195)"
photo_167.jpg,330,Buffalo 2,Spoiled,"(134, 180, 195)"
photo_168.jpg,332,Buffalo 2,Spoiled,"(133, 180, 195)"
photo_169.jpg,334,Buffalo 2,Spoiled,"(133, 180, 195)"
photo_170.jpg,336,Buffalo 2,Spoiled,"(134, 180, 195)"
photo_171.jpg,338,Buffalo 2,Spoiled,"(134, 180, 196)"
photo_172.jpg,340,Buffalo 2,Spoiled,"(134, 180, 195)"
photo_173.jpg,342,Buffalo 2,Spoiled,"(134, 180, 195)"
photo_174.jpg,344,Buffalo 2,Spoiled,"(134, 180, 195)"
photo_175.jpg,346,Buffalo 2,Spoiled,"(134, 181, 196)"
photo_176.jpg,348,Buffalo 2,Spoiled,"(134, 180, 196)"
photo_177.jpg,350,Buffalo 2,Spoiled,"(134, 181, 196)"
photo_178.jpg,352,Buffalo 2,Spoiled,"(135, 181, 196)"
photo_179.jpg,354,Buffalo 2,Spoiled,"(135, 181, 196)"
photo_180.jpg,356,Buffalo 2,Spoiled,"(135, 181, 196)"
photo_181.jpg,358,Buffalo 2,Spoiled,"(135, 181, 196)"
photo_182.jpg,360,Buffalo 2,Spoiled,"(135, 181, 197)"
photo_183.jpg,362,Buffalo 2,Spoiled,"(135, 181, 197)"
photo_184.jpg,364,Buffalo 2,Spoiled,"(135, 181, 197)"
photo_185.jpg,366,Buffalo 2,Spoiled,"(135, 181, 197)"
photo_186.jpg,368,Buffalo 2,Spoiled,"(134, 181, 197)"
photo_187.jpg,370,Buffalo 2,Spoiled,"(135, 181, 197)"
photo_188.jpg,372,Buffalo 2,Spoiled,"(136, 182, 197)"
photo_189.jpg,374,Buffalo 2,Spoiled,"(135, 182, 197)"
photo_190.jpg,376,Buffalo 2,Spoiled,"(135, 182, 197)"
photo_191.jpg,378,Buffalo 2,Spoiled,"(136, 182, 198)"
photo_192.jpg,380,Buffalo 2,Spoiled,"(136, 182, 198)"
photo_193.jpg,382,Buffalo 2,Spoiled,"(136, 182, 198)"
photo_194.jpg,384,Buffalo 2,Spoiled,"(136, 182, 198)"
photo_195.jpg,386,Buffalo 2,Spoiled,"(135, 183, 198)"
photo_196.jpg,388,Buffalo 2,Spoiled,"(136, 183, 198)"
photo_197.jpg,390,Buffalo 2,Spoiled,"(136, 183, 199)"
photo_198.jpg,392,Buffalo 2,Spoiled,"(136, 183, 198)"
photo_199.jpg,394,Buffalo 2,Spoiled,"(136, 183, 198)"
photo_200.jpg,396,Buffalo 2,Spoiled,"(136, 183, 198)"
photo_201.jpg,398,Buffalo 2,Spoiled,"(137, 183, 199)"
photo_202.jpg,400,Buffalo 2,Spoiled,"(136, 183, 199)"
photo_203.jpg,402,Buffalo 2,Spoiled,"(137, 183, 199)"
photo_204.jpg,404,Buffalo 2,Spoiled,"(136, 184, 199)"
photo_205.jpg,406,Buffalo 2,Spoiled,"(137, 184, 199)"
photo_206.jpg,408,Buffalo 2,Spoiled,"(137, 184, 200)"
photo_207.jpg,410,Buffalo 2,Spoiled,"(138, 184, 200)"
photo_208.jpg,412,Buffalo 2,Spoiled,"(138, 184, 200)"
photo_209.jpg,414,Buffalo 2,Spoiled,"(138, 184, 200)"
photo_210.jpg,416,Buffalo 2,Spoiled,"(137, 185, 200)"
photo_211.jpg,418,Buffalo 2,Spoiled,"(138, 185, 200)"
photo_212.jpg,420,Buffalo 2,Spoiled,"(138, 185, 201)"
photo_213.jpg,422,Buffalo 2,Spoiled,"(138, 185, 201)"
photo_214.jpg,424,Buffalo 2,Spoiled,"(138, 185, 201)"
photo_215.jpg,426,Buffalo 2,Spoiled,"(138, 185, 201)"
photo_216.jpg,428,Buffalo 2,Spoiled,"(138, 185, 202)"
photo_217.jpg,430,Buffalo 2,Spoiled,"(139, 185, 202)"
photo_218.jpg,432,Buffalo 2,Spoiled,"(139, 185, 202)"
photo_219.jpg,434,Buffalo 2,Spoiled,"(139, 186, 203)"
photo_220.jpg,436,Buffalo 2,Spoiled,"(139, 186, 203)"
photo_221.jpg,438,Buffalo 2,Spoiled,"(139, 186, 203)"
photo_222.jpg,440,Buffalo 2,Spoiled,"(140, 186, 203)"
photo_223.jpg,442,Buffalo 2,Spoiled,"(140, 186, 203)"
photo_224.jpg,444,Buffalo 2,Spoiled,"(140, 186, 203)"
photo_225.jpg,446,Buffalo 2,Spoiled,"(140, 187, 203)"
photo_226.jpg,448,Buffalo 2,Spoiled,"(141, 187, 203)"
photo_227.jpg,450,Buffalo 2,Spoiled,"(141, 187, 204)"
photo_228.jpg,452,Buffalo 2,Spoiled,"(141, 187, 204)"
photo_229.jpg,454,Buffalo 2,Spoiled,"(141, 187, 205)"
photo_230.jpg,456,Buffalo 2,Spoiled,"(141, 187, 204)"
photo_231.jpg,458,Buffalo 2,Spoiled,"(141, 187, 205)"
photo_232.jpg,460,Buffalo 2,Spoiled,"(141, 187, 205)"
photo_233.jpg,462,Buffalo 2,Spoiled,"(141, 188, 205)"
photo_234.jpg,464,Buffalo 2,Spoiled,"(142, 188, 205)"
photo_235.jpg,466,Buffalo 2,Spoiled,"(142, 188, 205)"
photo_236.jpg,468,Buffalo 2,Spoiled,"(142, 188, 205)"
photo_237.jpg,470,Buffalo 2,Spoiled,"(142, 188, 206)"
photo_238.jpg,472,Buffalo 2,Spoiled,"(142, 189, 206)"
photo_239.jpg,474,Buffalo 2,Spoiled,"(142, 189, 206)"
photo_240.jpg,476,Buffalo 2,Spoiled,"(142, 189, 206)"
photo_241.jpg,478,Buffalo 2,Spoiled,"(143, 189, 207)"
photo_242.jpg,480,Buffalo 2,Spoiled,"(143, 189, 207)"
photo_243.jpg,482,Buffalo 2,Spoiled,"(143, 189, 207)"
photo_244.jpg,484,Buffalo 2,Spoiled,"(143, 189, 207)"
photo_245.jpg,486,Buffalo 2,Spoiled,"(143, 189, 207)"
photo_246.jpg,488,Buffalo 2,Spoiled,"(143, 189, 207)"
photo_247.jpg,490,Buffalo 2,Spoiled,"(143, 189, 207)"
photo_248.jpg,492,Buffalo 2,Spoiled,"(143, 190, 207)"
photo_249.jpg,494,Buffalo 2,Spoiled,"(143, 190, 208)"
photo_250.jpg,496,Buffalo 2,Spoiled,"(143, 190, 207)"
photo_251.jpg,498,Buffalo 2,Spoiled,"(143, 190, 208)"
photo_252.jpg,500,Buffalo 2,Spoiled,"(143, 190, 208)"
photo_253.jpg,502,Buffalo 2,Spoiled,"(131, 186, 201)"
photo_254.jpg,504,Buffalo 2,Spoiled,"(136, 188, 203)"
photo_255.jpg,506,Buffalo 2,Spoiled,"(135, 187, 202)"
photo_256.jpg,508,Buffalo 2,Spoiled,"(136, 188, 203)"
photo_257.jpg,510,Buffalo 2,Spoiled,"(136, 188, 203)"
photo_258.jpg,512,Buffalo 2,Spoiled,"(136, 188, 203)"
photo_259.jpg,514,Buffalo 2,Spoiled,"(137, 188, 204)"
photo_260.jpg,516,Buffalo 2,Spoiled,"(136, 188, 203)"
photo_261.jpg,518,Buffalo 2,Spoiled,"(135, 187, 202)"
photo_262.jpg,520,Buffalo 2,Spoiled,"(136, 187, 202)"
photo_263.jpg,522,Buffalo 2,Spoiled,"(136, 187, 203)"
photo_264.jpg,524,Buffalo 2,Spoiled,"(136, 187, 203)"
photo_265.jpg,526,Buffalo 2,Spoiled,"(136, 188, 203)"
photo_3.jpg,2,Buffalo 3,Spoiled,"(161, 197, 218)"
photo_4.jpg,4,Buffalo 3,Spoiled,"(166, 205, 230)"
photo_5.jpg,6,Buffalo 3,Spoiled,"(170, 209, 235)"
photo_6.jpg,8,Buffalo 3,Spoiled,"(171, 211, 237)"
photo_7.jpg,10,Buffalo 3,Spoiled,"(172, 210, 237)"
photo_8.jpg,12,Buffalo 3,Spoiled,"(171, 210, 237)"
photo_9.jpg,14,Buffalo 3,Spoiled,"(172, 210, 237)"
photo_10.jpg,16,Buffalo 3,Spoiled,"(171, 210, 236)"
photo_11.jpg,18,Buffalo 3,Spoiled,"(170, 209, 236)"
photo_12.jpg,20,Buffalo 3,Spoiled,"(170, 209, 236)"
photo_13.jpg,22,Buffalo 3,Spoiled,"(170, 209, 236)"
photo_14.jpg,24,Buffalo 3,Spoiled,"(170, 209, 236)"
photo_15.jpg,26,Buffalo 3,Spoiled,"(170, 208, 236)"
photo_16.jpg,28,Buffalo 3,Spoiled,"(170, 208, 235)"
photo_17.jpg,30,Buffalo 3,Spoiled,"(168, 208, 235)"
photo_18.jpg,32,Buffalo 3,Spoiled,"(167, 208, 235)"
photo_19.jpg,34,Buffalo 3,Spoiled,"(167, 208, 235)"
photo_20.jpg,36,Buffalo 3,Spoiled,"(167, 208, 235)"
photo_21.jpg,38,Buffalo 3,Spoiled,"(167, 207, 235)"
photo_22.jpg,40,Buffalo 3,Spoiled,"(166, 207, 235)"
photo_23.jpg,42,Buffalo 3,Spoiled,"(167, 207, 235)"
photo_24.jpg,44,Buffalo 3,Spoiled,"(166, 207, 234)"
photo_25.jpg,46,Buffalo 3,Spoiled,"(166, 206, 234)"
photo_26.jpg,48,Buffalo 3,Spoiled,"(164, 206, 234)"
photo_27.jpg,50,Buffalo 3,Spoiled,"(163, 206, 234)"
photo_28.jpg,52,Buffalo 3,Spoiled,"(163, 206, 233)"
photo_29.jpg,54,Buffalo 3,Spoiled,"(163, 206, 233)"
photo_30.jpg,56,Buffalo 3,Spoiled,"(162, 205, 233)"
photo_31.jpg,58,Buffalo 3,Spoiled,"(162, 205, 232)"
photo_32.jpg,60,Buffalo 3,Spoiled,"(162, 205, 232)"
photo_33.jpg,62,Buffalo 3,Spoiled,"(161, 204, 231)"
photo_34.jpg,64,Buffalo 3,Spoiled,"(161, 203, 230)"
photo_35.jpg,66,Buffalo 3,Spoiled,"(160, 203, 230)"
photo_36.jpg,68,Buffalo 3,Spoiled,"(160, 203, 230)"
photo_37.jpg,70,Buffalo 3,Spoiled,"(160, 202, 229)"
photo_38.jpg,72,Buffalo 3,Spoiled,"(159, 202, 229)"
photo_39.jpg,74,Buffalo 3,Spoiled,"(158, 202, 228)"
photo_40.jpg,76,Buffalo 3,Spoiled,"(158, 201, 228)"
photo_41.jpg,78,Buffalo 3,Spoiled,"(158, 201, 227)"
photo_42.jpg,80,Buffalo 3,Spoiled,"(158, 200, 227)"
photo_43.jpg,82,Buffalo 3,Spoiled,"(157, 200, 227)"
photo_44.jpg,84,Buffalo 3,Spoiled,"(157, 199, 226)"
photo_45.jpg,86,Buffalo 3,Spoiled,"(156, 199, 225)"
photo_46.jpg,88,Buffalo 3,Spoiled,"(156, 199, 225)"
photo_47.jpg,90,Buffalo 3,Spoiled,"(155, 198, 223)"
photo_48.jpg,92,Buffalo 3,Spoiled,"(155, 197, 223)"
photo_49.jpg,94,Buffalo 3,Spoiled,"(154, 197, 222)"
photo_50.jpg,96,Buffalo 3,Spoiled,"(154, 196, 221)"
photo_51.jpg,98,Buffalo 3,Spoiled,"(151, 196, 221)"
photo_52.jpg,100,Buffalo 3,Spoiled,"(151, 195, 220)"
photo_53.jpg,102,Buffalo 3,Spoiled,"(150, 195, 219)"
photo_54.jpg,104,Buffalo 3,Spoiled,"(150, 194, 219)"
photo_55.jpg,106,Buffalo 3,Spoiled,"(148, 194, 218)"
photo_56.jpg,108,Buffalo 3,Spoiled,"(147, 193, 218)"
photo_57.jpg,110,Buffalo 3,Spoiled,"(147, 192, 217)"
photo_58.jpg,112,Buffalo 3,Spoiled,"(147, 192, 216)"
photo_59.jpg,114,Buffalo 3,Spoiled,"(146, 191, 215)"
photo_60.jpg,116,Buffalo 3,Spoiled,"(146, 191, 215)"
photo_61.jpg,118,Buffalo 3,Spoiled,"(145, 190, 214)"
photo_62.jpg,120,Buffalo 3,Spoiled,"(145, 189, 213)"
photo_63.jpg,122,Buffalo 3,Spoiled,"(144, 189, 213)"
photo_64.jpg,124,Buffalo 3,Spoiled,"(144, 188, 212)"
photo_65.jpg,126,Buffalo 3,Spoiled,"(143, 188, 212)"
photo_66.jpg,128,Buffalo 3,Spoiled,"(143, 187, 211)"
photo_67.jpg,130,Buffalo 3,Spoiled,"(142, 186, 210)"
photo_68.jpg,132,Buffalo 3,Spoiled,"(140, 186, 210)"
photo_69.jpg,134,Buffalo 3,Spoiled,"(138, 186, 210)"
photo_70.jpg,136,Buffalo 3,Spoiled,"(139, 186, 209)"
photo_71.jpg,138,Buffalo 3,Spoiled,"(139, 185, 208)"
photo_72.jpg,140,Buffalo 3,Spoiled,"(138, 185, 208)"
photo_73.jpg,142,Buffalo 3,Spoiled,"(136, 184, 207)"
photo_74.jpg,144,Buffalo 3,Spoiled,"(136, 184, 206)"
photo_75.jpg,146,Buffalo 3,Spoiled,"(136, 183, 205)"
photo_76.jpg,148,Buffalo 3,Spoiled,"(136, 183, 205)"
photo_77.jpg,150,Buffalo 3,Spoiled,"(135, 182, 204)"
photo_78.jpg,152,Buffalo 3,Spoiled,"(134, 181, 204)"
photo_79.jpg,154,Buffalo 3,Spoiled,"(134, 181, 203)"
photo_80.jpg,156,Buffalo 3,Spoiled,"(133, 180, 202)"
photo_81.jpg,158,Buffalo 3,Spoiled,"(134, 180, 201)"
photo_82.jpg,160,Buffalo 3,Spoiled,"(133, 180, 201)"
photo_83.jpg,162,Buffalo 3,Spoiled,"(133, 179, 200)"
photo_84.jpg,164,Buffalo 3,Spoiled,"(132, 179, 200)"
photo_85.jpg,166,Buffalo 3,Spoiled,"(128, 179, 200)"
photo_86.jpg,168,Buffalo 3,Spoiled,"(128, 178, 199)"
photo_87.jpg,170,Buffalo 3,Spoiled,"(127, 178, 198)"
photo_88.jpg,172,Buffalo 3,Spoiled,"(127, 177, 198)"
photo_89.jpg,174,Buffalo 3,Spoiled,"(127, 177, 197)"
photo_90.jpg,176,Buffalo 3,Spoiled,"(127, 176, 197)"
photo_91.jpg,178,Buffalo 3,Spoiled,"(126, 176, 196)"
photo_92.jpg,180,Buffalo 3,Spoiled,"(126, 175, 195)"
photo_93.jpg,182,Buffalo 3,Spoiled,"(125, 175, 195)"
photo_94.jpg,184,Buffalo 3,Spoiled,"(126, 174, 195)"
photo_95.jpg,186,Buffalo 3,Spoiled,"(125, 174, 194)"
photo_96.jpg,188,Buffalo 3,Spoiled,"(125, 173, 194)"
photo_97.jpg,190,Buffalo 3,Spoiled,"(124, 173, 193)"
photo_98.jpg,192,Buffalo 3,Spoiled,"(124, 172, 193)"
photo_99.jpg,194,Buffalo 3,Spoiled,"(124, 172, 193)"
photo_100.jpg,196,Buffalo 3,Spoiled,"(123, 171, 192)"
photo_101.jpg,198,Buffalo 3,Spoiled,"(123, 171, 192)"
photo_102.jpg,200,Buffalo 3,Spoiled,"(123, 170, 191)"
photo_103.jpg,202,Buffalo 3,Spoiled,"(123, 170, 190)"
photo_104.jpg,204,Buffalo 3,Spoiled,"(122, 170, 190)"
photo_105.jpg,206,Buffalo 3,Spoiled,"(123, 169, 189)"
photo_106.jpg,208,Buffalo 3,Spoiled,"(122, 169, 189)"
photo_107.jpg,210,Buffalo 3,Spoiled,"(121, 168, 189)"
photo_108.jpg,212,Buffalo 3,Spoiled,"(122, 168, 188)"
photo_109.jpg,214,Buffalo 3,Spoiled,"(122, 167, 188)"
photo_110.jpg,216,Buffalo 3,Spoiled,"(119, 168, 188)"
photo_111.jpg,218,Buffalo 3,Spoiled,"(119, 167, 188)"
photo_112.jpg,220,Buffalo 3,Spoiled,"(117, 167, 187)"
photo_113.jpg,222,Buffalo 3,Spoiled,"(117, 167, 187)"
photo_114.jpg,224,Buffalo 3,Spoiled,"(118, 166, 187)"
photo_115.jpg,226,Buffalo 3,Spoiled,"(117, 166, 186)"
photo_116.jpg,228,Buffalo 3,Spoiled,"(117, 164, 184)"
photo_117.jpg,230,Buffalo 3,Spoiled,"(117, 164, 183)"
photo_118.jpg,232,Buffalo 3,Spoiled,"(116, 163, 183)"
photo_119.jpg,234,Buffalo 3,Spoiled,"(116, 163, 182)"
photo_120.jpg,236,Buffalo 3,Spoiled,"(116, 163, 182)"
photo_121.jpg,238,Buffalo 3,Spoiled,"(116, 163, 182)"
photo_122.jpg,240,Buffalo 3,Spoiled,"(117, 163, 182)"
photo_123.jpg,242,Buffalo 3,Spoiled,"(116, 163, 181)"
photo_124.jpg,244,Buffalo 3,Spoiled,"(115, 163, 181)"
photo_125.jpg,246,Buffalo 3,Spoiled,"(116, 162, 182)"
photo_126.jpg,248,Buffalo 3,Spoiled,"(116, 162, 182)"
photo_127.jpg,250,Buffalo 3,Spoiled,"(115, 162, 181)"
photo_128.jpg,252,Buffalo 3,Spoiled,"(116, 161, 181)"
photo_129.jpg,254,Buffalo 3,Spoiled,"(115, 161, 180)"
photo_130.jpg,256,Buffalo 3,Spoiled,"(116, 161, 180)"
photo_131.jpg,258,Buffalo 3,Spoiled,"(115, 161, 181)"
photo_132.jpg,260,Buffalo 3,Spoiled,"(114, 161, 180)"
photo_133.jpg,262,Buffalo 3,Spoiled,"(115, 160, 180)"
photo_134.jpg,264,Buffalo 3,Spoiled,"(114, 160, 180)"
photo_135.jpg,266,Buffalo 3,Spoiled,"(114, 160, 180)"
photo_136.jpg,268,Buffalo 3,Spoiled,"(115, 160, 180)"
photo_137.jpg,270,Buffalo 3,Spoiled,"(115, 160, 179)"
photo_138.jpg,272,Buffalo 3,Spoiled,"(115, 159, 180)"
photo_139.jpg,274,Buffalo 3,Spoiled,"(114, 159, 180)"
photo_140.jpg,276,Buffalo 3,Spoiled,"(113, 159, 179)"
photo_141.jpg,278,Buffalo 3,Spoiled,"(114, 159, 179)"
photo_142.jpg,280,Buffalo 3,Spoiled,"(114, 159, 179)"
photo_143.jpg,282,Buffalo 3,Spoiled,"(114, 159, 179)"
photo_144.jpg,284,Buffalo 3,Spoiled,"(115, 160, 180)"
photo_145.jpg,286,Buffalo 3,Spoiled,"(114, 160, 180)"
photo_146.jpg,288,Buffalo 3,Spoiled,"(114, 160, 180)"
photo_147.jpg,290,Buffalo 3,Spoiled,"(114, 160, 180)"
photo_148.jpg,292,Buffalo 3,Spoiled,"(115, 160, 179)"
photo_149.jpg,294,Buffalo 3,Spoiled,"(114, 160, 180)"
photo_150.jpg,296,Buffalo 3,Spoiled,"(113, 160, 180)"
photo_151.jpg,298,Buffalo 3,Spoiled,"(113, 160, 180)"
photo_152.jpg,300,Buffalo 3,Spoiled,"(115, 159, 179)"
photo_153.jpg,302,Buffalo 3,Spoiled,"(114, 159, 180)"
photo_154.jpg,304,Buffalo 3,Spoiled,"(114, 159, 180)"
photo_155.jpg,306,Buffalo 3,Spoiled,"(113, 159, 180)"
photo_156.jpg,308,Buffalo 3,Spoiled,"(114, 159, 180)"
photo_157.jpg,310,Buffalo 3,Spoiled,"(114, 159, 180)"
photo_158.jpg,312,Buffalo 3,Spoiled,"(113, 159, 179)"
photo_159.jpg,314,Buffalo 3,Spoiled,"(113, 157, 178)"
photo_160.jpg,316,Buffalo 3,Spoiled,"(113, 157, 177)"
photo_161.jpg,318,Buffalo 3,Spoiled,"(113, 157, 177)"
photo_162.jpg,320,Buffalo 3,Spoiled,"(113, 159, 179)"
photo_163.jpg,322,Buffalo 3,Spoiled,"(113, 159, 180)"
photo_164.jpg,324,Buffalo 3,Spoiled,"(113, 159, 180)"
photo_165.jpg,326,Buffalo 3,Spoiled,"(113, 159, 180)"
photo_166.jpg,328,Buffalo 3,Spoiled,"(113, 159, 180)"
photo_167.jpg,330,Buffalo 3,Spoiled,"(113, 159, 180)"
photo_168.jpg,332,Buffalo 3,Spoiled,"(113, 159, 180)"
photo_169.jpg,334,Buffalo 3,Spoiled,"(113, 159, 180)"
photo_170.jpg,336,Buffalo 3,Spoiled,"(114, 159, 179)"
photo_171.jpg,338,Buffalo 3,Spoiled,"(113, 159, 180)"
photo_172.jpg,340,Buffalo 3,Spoiled,"(113, 159, 180)"
photo_173.jpg,342,Buffalo 3,Spoiled,"(114, 159, 181)"
photo_174.jpg,344,Buffalo 3,Spoiled,"(113, 159, 180)"
photo_175.jpg,346,Buffalo 3,Spoiled,"(113, 159, 181)"
photo_176.jpg,348,Buffalo 3,Spoiled,"(114, 160, 181)"
photo_177.jpg,350,Buffalo 3,Spoiled,"(113, 160, 181)"
photo_178.jpg,352,Buffalo 3,Spoiled,"(114, 160, 181)"
photo_179.jpg,354,Buffalo 3,Spoiled,"(114, 160, 182)"
photo_180.jpg,356,Buffalo 3,Spoiled,"(114, 160, 182)"
photo_181.jpg,358,Buffalo 3,Spoiled,"(114, 160, 182)"
photo_182.jpg,360,Buffalo 3,Spoiled,"(114, 160, 182)"
photo_183.jpg,362,Buffalo 3,Spoiled,"(113, 161, 182)"
photo_184.jpg,364,Buffalo 3,Spoiled,"(114, 160, 182)"
photo_185.jpg,366,Buffalo 3,Spoiled,"(113, 161, 182)"
photo_186.jpg,368,Buffalo 3,Spoiled,"(114, 160, 182)"
photo_187.jpg,370,Buffalo 3,Spoiled,"(114, 161, 182)"
photo_188.jpg,372,Buffalo 3,Spoiled,"(114, 161, 182)"
photo_189.jpg,374,Buffalo 3,Spoiled,"(114, 161, 182)"
photo_190.jpg,376,Buffalo 3,Spoiled,"(114, 161, 182)"
photo_191.jpg,378,Buffalo 3,Spoiled,"(114, 161, 183)"
photo_192.jpg,380,Buffalo 3,Spoiled,"(113, 161, 183)"
photo_193.jpg,382,Buffalo 3,Spoiled,"(115, 161, 183)"
photo_194.jpg,384,Buffalo 3,Spoiled,"(114, 161, 183)"
photo_195.jpg,386,Buffalo 3,Spoiled,"(114, 162, 183)"
photo_196.jpg,388,Buffalo 3,Spoiled,"(114, 162, 184)"
photo_197.jpg,390,Buffalo 3,Spoiled,"(115, 162, 184)"
photo_198.jpg,392,Buffalo 3,Spoiled,"(114, 162, 184)"
photo_199.jpg,394,Buffalo 3,Spoiled,"(114, 162, 183)"
photo_200.jpg,396,Buffalo 3,Spoiled,"(114, 163, 183)"
photo_201.jpg,398,Buffalo 3,Spoiled,"(115, 162, 183)"
photo_202.jpg,400,Buffalo 3,Spoiled,"(115, 163, 184)"
photo_203.jpg,402,Buffalo 3,Spoiled,"(114, 163, 184)"
photo_204.jpg,404,Buffalo 3,Spoiled,"(114, 163, 184)"
photo_205.jpg,406,Buffalo 3,Spoiled,"(115, 163, 185)"
photo_206.jpg,408,Buffalo 3,Spoiled,"(115, 164, 185)"
photo_207.jpg,410,Buffalo 3,Spoiled,"(115, 164, 185)"
photo_208.jpg,412,Buffalo 3,Spoiled,"(115, 164, 185)"
photo_209.jpg,414,Buffalo 3,Spoiled,"(115, 164, 186)"
photo_210.jpg,416,Buffalo 3,Spoiled,"(115, 164, 186)"
photo_211.jpg,418,Buffalo 3,Spoiled,"(116, 164, 186)"
photo_212.jpg,420,Buffalo 3,Spoiled,"(116, 164, 186)"
photo_213.jpg,422,Buffalo 3,Spoiled,"(115, 164, 186)"
photo_214.jpg,424,Buffalo 3,Spoiled,"(115, 165, 186)"
photo_215.jpg,426,Buffalo 3,Spoiled,"(115, 165, 187)"
photo_216.jpg,428,Buffalo 3,Spoiled,"(116, 165, 187)"
photo_217.jpg,430,Buffalo 3,Spoiled,"(116, 165, 187)"
photo_218.jpg,432,Buffalo 3,Spoiled,"(116, 165, 187)"
photo_219.jpg,434,Buffalo 3,Spoiled,"(116, 165, 188)"
photo_220.jpg,436,Buffalo 3,Spoiled,"(117, 165, 188)"
photo_221.jpg,438,Buffalo 3,Spoiled,"(116, 166, 188)"
photo_222.jpg,440,Buffalo 3,Spoiled,"(116, 166, 189)"
photo_223.jpg,442,Buffalo 3,Spoiled,"(117, 166, 188)"
photo_224.jpg,444,Buffalo 3,Spoiled,"(117, 166, 189)"
photo_225.jpg,446,Buffalo 3,Spoiled,"(116, 167, 189)"
photo_226.jpg,448,Buffalo 3,Spoiled,"(117, 167, 189)"
photo_227.jpg,450,Buffalo 3,Spoiled,"(117, 167, 189)"
photo_228.jpg,452,Buffalo 3,Spoiled,"(117, 167, 189)"
photo_229.jpg,454,Buffalo 3,Spoiled,"(117, 167, 190)"
photo_230.jpg,456,Buffalo 3,Spoiled,"(117, 168, 190)"
photo_231.jpg,458,Buffalo 3,Spoiled,"(117, 168, 190)"
photo_232.jpg,460,Buffalo 3,Spoiled,"(117, 168, 190)"
photo_233.jpg,462,Buffalo 3,Spoiled,"(118, 168, 190)"
photo_234.jpg,464,Buffalo 3,Spoiled,"(118, 168, 191)"
photo_235.jpg,466,Buffalo 3,Spoiled,"(117, 168, 191)"
photo_236.jpg,468,Buffalo 3,Spoiled,"(118, 168, 191)"
photo_237.jpg,470,Buffalo 3,Spoiled,"(118, 168, 191)"
photo_238.jpg,472,Buffalo 3,Spoiled,"(118, 169, 191)"
photo_239.jpg,474,Buffalo 3,Spoiled,"(118, 169, 192)"
photo_240.jpg,476,Buffalo 3,Spoiled,"(118, 169, 192)"
photo_241.jpg,478,Buffalo 3,Spoiled,"(118, 169, 192)"
photo_242.jpg,480,Buffalo 3,Spoiled,"(118, 170, 192)"
photo_243.jpg,482,Buffalo 3,Spoiled,"(119, 169, 192)"
photo_244.jpg,484,Buffalo 3,Spoiled,"(118, 169, 193)"
photo_245.jpg,486,Buffalo 3,Spoiled,"(119, 170, 193)"
photo_246.jpg,488,Buffalo 3,Spoiled,"(118, 170, 192)"
photo_247.jpg,490,Buffalo 3,Spoiled,"(118, 170, 193)"
photo_248.jpg,492,Buffalo 3,Spoiled,"(118, 170, 193)"
photo_249.jpg,494,Buffalo 3,Spoiled,"(118, 170, 193)"
photo_250.jpg,496,Buffalo 3,Spoiled,"(119, 170, 193)"
photo_251.jpg,498,Buffalo 3,Spoiled,"(119, 170, 193)"
photo_252.jpg,500,Buffalo 3,Spoiled,"(119, 171, 193)"
photo_253.jpg,502,Buffalo 3,Spoiled,"(107, 166, 185)"
photo_254.jpg,504,Buffalo 3,Spoiled,"(112, 168, 186)"
photo_255.jpg,506,Buffalo 3,Spoiled,"(112, 168, 186)"
photo_256.jpg,508,Buffalo 3,Spoiled,"(112, 168, 186)"
photo_257.jpg,510,Buffalo 3,Spoiled,"(112, 168, 186)"
photo_258.jpg,512,Buffalo 3,Spoiled,"(112, 168, 187)"
photo_259.jpg,514,Buffalo 3,Spoiled,"(113, 168, 187)"
photo_260.jpg,516,Buffalo 3,Spoiled,"(113, 168, 187)"
photo_261.jpg,518,Buffalo 3,Spoiled,"(111, 167, 186)"
photo_262.jpg,520,Buffalo 3,Spoiled,"(112, 167, 186)"
photo_263.jpg,522,Buffalo 3,Spoiled,"(112, 167, 187)"
photo_264.jpg,524,Buffalo 3,Spoiled,"(112, 167, 186)"
photo_265.jpg,526,Buffalo 3,Spoiled,"(112, 167, 186)"
photo_5.jpg,2,Buffalo 1,Mildly Spoiled,"(190, 222, 233)"
photo_6.jpg,4,Buffalo 1,Mildly Spoiled,"(189, 221, 233)"
photo_7.jpg,6,Buffalo 1,Mildly Spoiled,"(190, 222, 234)"
photo_8.jpg,8,Buffalo 1,Mildly Spoiled,"(191, 223, 231)"
photo_9.jpg,10,Buffalo 1,Mildly Spoiled,"(192, 224, 232)"
photo_10.jpg,12,Buffalo 1,Mildly Spoiled,"(192, 224, 232)"
photo_11.jpg,14,Buffalo 1,Mildly Spoiled,"(192, 224, 232)"
photo_12.jpg,16,Buffalo 1,Mildly Spoiled,"(191, 224, 233)"
photo_13.jpg,18,Buffalo 1,Mildly Spoiled,"(191, 224, 233)"
photo_14.jpg,20,Buffalo 1,Mildly Spoiled,"(191, 224, 233)"
photo_15.jpg,22,Buffalo 1,Mildly Spoiled,"(191, 224, 233)"
photo_16.jpg,24,Buffalo 1,Mildly Spoiled,"(191, 224, 233)"
photo_17.jpg,26,Buffalo 1,Mildly Spoiled,"(191, 224, 233)"
photo_18.jpg,28,Buffalo 1,Mildly Spoiled,"(191, 224, 233)"
photo_19.jpg,30,Buffalo 1,Mildly Spoiled,"(191, 224, 233)"
photo_20.jpg,32,Buffalo 1,Mildly Spoiled,"(191, 224, 233)"
photo_21.jpg,34,Buffalo 1,Mildly Spoiled,"(191, 224, 233)"
photo_22.jpg,36,Buffalo 1,Mildly Spoiled,"(191, 224, 234)"
photo_23.jpg,38,Buffalo 1,Mildly Spoiled,"(191, 224, 233)"
photo_24.jpg,40,Buffalo 1,Mildly Spoiled,"(191, 224, 233)"
photo_25.jpg,42,Buffalo 1,Mildly Spoiled,"(192, 224, 233)"
photo_26.jpg,44,Buffalo 1,Mildly Spoiled,"(192, 225, 233)"
photo_27.jpg,46,Buffalo 1,Mildly Spoiled,"(192, 225, 233)"
photo_28.jpg,48,Buffalo 1,Mildly Spoiled,"(192, 225, 233)"
photo_29.jpg,50,Buffalo 1,Mildly Spoiled,"(192, 225, 233)"
photo_30.jpg,52,Buffalo 1,Mildly Spoiled,"(193, 225, 233)"
photo_31.jpg,54,Buffalo 1,Mildly Spoiled,"(193, 225, 233)"
photo_32.jpg,56,Buffalo 1,Mildly Spoiled,"(193, 225, 233)"
photo_33.jpg,58,Buffalo 1,Mildly Spoiled,"(193, 225, 233)"
photo_34.jpg,60,Buffalo 1,Mildly Spoiled,"(193, 226, 233)"
photo_35.jpg,62,Buffalo 1,Mildly Spoiled,"(194, 226, 233)"
photo_36.jpg,64,Buffalo 1,Mildly Spoiled,"(194, 226, 233)"
photo_37.jpg,66,Buffalo 1,Mildly Spoiled,"(194, 226, 233)"
photo_38.jpg,68,Buffalo 1,Mildly Spoiled,"(195, 226, 233)"
photo_39.jpg,70,Buffalo 1,Mildly Spoiled,"(195, 226, 233)"
photo_40.jpg,72,Buffalo 1,Mildly Spoiled,"(195, 226, 233)"
photo_41.jpg,74,Buffalo 1,Mildly Spoiled,"(196, 227, 233)"
photo_42.jpg,76,Buffalo 1,Mildly Spoiled,"(196, 227, 233)"
photo_43.jpg,78,Buffalo 1,Mildly Spoiled,"(196, 227, 233)"
photo_44.jpg,80,Buffalo 1,Mildly Spoiled,"(196, 227, 233)"
photo_45.jpg,82,Buffalo 1,Mildly Spoiled,"(197, 227, 233)"
photo_46.jpg,84,Buffalo 1,Mildly Spoiled,"(197, 227, 233)"
photo_47.jpg,86,Buffalo 1,Mildly Spoiled,"(197, 228, 233)"
photo_48.jpg,88,Buffalo 1,Mildly Spoiled,"(197, 228, 233)"
photo_49.jpg,90,Buffalo 1,Mildly Spoiled,"(198, 228, 233)"
photo_50.jpg,92,Buffalo 1,Mildly Spoiled,"(198, 228, 233)"
photo_51.jpg,94,Buffalo 1,Mildly Spoiled,"(198, 228, 233)"
photo_52.jpg,96,Buffalo 1,Mildly Spoiled,"(199, 228, 233)"
photo_53.jpg,98,Buffalo 1,Mildly Spoiled,"(199, 229, 233)"
photo_54.jpg,100,Buffalo 1,Mildly Spoiled,"(200, 229, 233)"
photo_55.jpg,102,Buffalo 1,Mildly Spoiled,"(200, 229, 233)"
photo_56.jpg,104,Buffalo 1,Mildly Spoiled,"(200, 229, 233)"
photo_57.jpg,106,Buffalo 1,Mildly Spoiled,"(201, 230, 233)"
photo_58.jpg,108,Buffalo 1,Mildly Spoiled,"(201, 230, 233)"
photo_59.jpg,110,Buffalo 1,Mildly Spoiled,"(202, 230, 233)"
photo_60.jpg,112,Buffalo 1,Mildly Spoiled,"(202, 230, 233)"
photo_61.jpg,114,Buffalo 1,Mildly Spoiled,"(203, 231, 233)"
photo_62.jpg,116,Buffalo 1,Mildly Spoiled,"(203, 231, 233)"
photo_63.jpg,118,Buffalo 1,Mildly Spoiled,"(204, 231, 233)"
photo_64.jpg,120,Buffalo 1,Mildly Spoiled,"(204, 231, 233)"
photo_65.jpg,122,Buffalo 1,Mildly Spoiled,"(205, 232, 233)"
photo_66.jpg,124,Buffalo 1,Mildly Spoiled,"(206, 232, 233)"
photo_67.jpg,126,Buffalo 1,Mildly Spoiled,"(206, 232, 233)"
photo_68.jpg,128,Buffalo 1,Mildly Spoiled,"(207, 233, 233)"
photo_69.jpg,130,Buffalo 1,Mildly Spoiled,"(207, 233, 233)"
photo_70.jpg,132,Buffalo 1,Mildly Spoiled,"(208, 233, 233)"
photo_71.jpg,134,Buffalo 1,Mildly Spoiled,"(209, 233, 232)"
photo_72.jpg,136,Buffalo 1,Mildly Spoiled,"(209, 234, 233)"
photo_73.jpg,138,Buffalo 1,Mildly Spoiled,"(210, 234, 233)"
photo_74.jpg,140,Buffalo 1,Mildly Spoiled,"(210, 234, 233)"
photo_75.jpg,142,Buffalo 1,Mildly Spoiled,"(211, 235, 233)"
photo_76.jpg,144,Buffalo 1,Mildly Spoiled,"(212, 235, 233)"
photo_77.jpg,146,Buffalo 1,Mildly Spoiled,"(212, 235, 232)"
photo_78.jpg,148,Buffalo 1,Mildly Spoiled,"(213, 235, 233)"
photo_79.jpg,150,Buffalo 1,Mildly Spoiled,"(213, 236, 232)"
photo_80.jpg,152,Buffalo 1,Mildly Spoiled,"(214, 236, 232)"
photo_81.jpg,154,Buffalo 1,Mildly Spoiled,"(214, 236, 232)"
photo_82.jpg,156,Buffalo 1,Mildly Spoiled,"(215, 236, 232)"
photo_83.jpg,158,Buffalo 1,Mildly Spoiled,"(215, 236, 232)"
photo_84.jpg,160,Buffalo 1,Mildly Spoiled,"(216, 236, 232)"
photo_85.jpg,162,Buffalo 1,Mildly Spoiled,"(216, 237, 233)"
photo_86.jpg,164,Buffalo 1,Mildly Spoiled,"(217, 237, 232)"
photo_87.jpg,166,Buffalo 1,Mildly Spoiled,"(217, 237, 232)"
photo_88.jpg,168,Buffalo 1,Mildly Spoiled,"(218, 237, 232)"
photo_89.jpg,170,Buffalo 1,Mildly Spoiled,"(218, 238, 232)"
photo_90.jpg,172,Buffalo 1,Mildly Spoiled,"(218, 238, 232)"
photo_91.jpg,174,Buffalo 1,Mildly Spoiled,"(219, 238, 232)"
photo_92.jpg,176,Buffalo 1,Mildly Spoiled,"(219, 238, 232)"
photo_93.jpg,178,Buffalo 1,Mildly Spoiled,"(220, 238, 232)"
photo_94.jpg,180,Buffalo 1,Mildly Spoiled,"(220, 238, 232)"
photo_95.jpg,182,Buffalo 1,Mildly Spoiled,"(220, 238, 232)"
photo_96.jpg,184,Buffalo 1,Mildly Spoiled,"(220, 239, 232)"
photo_97.jpg,186,Buffalo 1,Mildly Spoiled,"(221, 239, 232)"
photo_98.jpg,188,Buffalo 1,Mildly Spoiled,"(221, 239, 232)"
photo_99.jpg,190,Buffalo 1,Mildly Spoiled,"(222, 239, 232)"
photo_100.jpg,192,Buffalo 1,Mildly Spoiled,"(222, 239, 232)"
photo_101.jpg,194,Buffalo 1,Mildly Spoiled,"(222, 239, 232)"
photo_102.jpg,196,Buffalo 1,Mildly Spoiled,"(223, 240, 232)"
photo_103.jpg,198,Buffalo 1,Mildly Spoiled,"(223, 240, 232)"
photo_104.jpg,200,Buffalo 1,Mildly Spoiled,"(223, 240, 232)"
photo_105.jpg,202,Buffalo 1,Mildly Spoiled,"(224, 240, 232)"
photo_106.jpg,204,Buffalo 1,Mildly Spoiled,"(224, 240, 232)"
photo_107.jpg,206,Buffalo 1,Mildly Spoiled,"(224, 240, 232)"
photo_108.jpg,208,Buffalo 1,Mildly Spoiled,"(225, 240, 232)"
photo_109.jpg,210,Buffalo 1,Mildly Spoiled,"(225, 241, 232)"
photo_110.jpg,212,Buffalo 1,Mildly Spoiled,"(225, 241, 232)"
photo_111.jpg,214,Buffalo 1,Mildly Spoiled,"(225, 241, 232)"
photo_112.jpg,216,Buffalo 1,Mildly Spoiled,"(226, 241, 232)"
photo_113.jpg,218,Buffalo 1,Mildly Spoiled,"(226, 241, 232)"
photo_114.jpg,220,Buffalo 1,Mildly Spoiled,"(226, 241, 232)"
photo_115.jpg,222,Buffalo 1,Mildly Spoiled,"(227, 241, 232)"
photo_116.jpg,224,Buffalo 1,Mildly Spoiled,"(227, 241, 232)"
photo_117.jpg,226,Buffalo 1,Mildly Spoiled,"(227, 242, 232)"
photo_118.jpg,228,Buffalo 1,Mildly Spoiled,"(227, 242, 232)"
photo_119.jpg,230,Buffalo 1,Mildly Spoiled,"(228, 242, 232)"
photo_120.jpg,232,Buffalo 1,Mildly Spoiled,"(228, 242, 232)"
photo_121.jpg,234,Buffalo 1,Mildly Spoiled,"(228, 242, 232)"
photo_122.jpg,236,Buffalo 1,Mildly Spoiled,"(229, 242, 231)"
photo_123.jpg,238,Buffalo 1,Mildly Spoiled,"(229, 242, 232)"
photo_124.jpg,240,Buffalo 1,Mildly Spoiled,"(229, 242, 232)"
photo_125.jpg,242,Buffalo 1,Mildly Spoiled,"(229, 242, 232)"
photo_126.jpg,244,Buffalo 1,Mildly Spoiled,"(229, 242, 232)"
photo_127.jpg,246,Buffalo 1,Mildly Spoiled,"(230, 243, 232)"
photo_128.jpg,248,Buffalo 1,Mildly Spoiled,"(230, 243, 232)"
photo_129.jpg,250,Buffalo 1,Mildly Spoiled,"(230, 243, 232)"
photo_130.jpg,252,Buffalo 1,Mildly Spoiled,"(231, 243, 232)"
photo_131.jpg,254,Buffalo 1,Mildly Spoiled,"(231, 243, 232)"
photo_132.jpg,256,Buffalo 1,Mildly Spoiled,"(231, 243, 231)"
photo_133.jpg,258,Buffalo 1,Mildly Spoiled,"(231, 243, 232)"
photo_134.jpg,260,Buffalo 1,Mildly Spoiled,"(232, 243, 231)"
photo_135.jpg,262,Buffalo 1,Mildly Spoiled,"(232, 243, 231)"
photo_136.jpg,264,Buffalo 1,Mildly Spoiled,"(232, 243, 232)"
photo_137.jpg,266,Buffalo 1,Mildly Spoiled,"(232, 243, 231)"
photo_138.jpg,268,Buffalo 1,Mildly Spoiled,"(232, 243, 231)"
photo_139.jpg,270,Buffalo 1,Mildly Spoiled,"(233, 244, 231)"
photo_140.jpg,272,Buffalo 1,Mildly Spoiled,"(233, 244, 232)"
photo_141.jpg,274,Buffalo 1,Mildly Spoiled,"(233, 244, 231)"
photo_142.jpg,276,Buffalo 1,Mildly Spoiled,"(233, 244, 231)"
photo_143.jpg,278,Buffalo 1,Mildly Spoiled,"(234, 244, 231)"
photo_144.jpg,280,Buffalo 1,Mildly Spoiled,"(234, 244, 231)"
photo_145.jpg,282,Buffalo 1,Mildly Spoiled,"(234, 244, 231)"
photo_146.jpg,284,Buffalo 1,Mildly Spoiled,"(234, 244, 231)"
photo_147.jpg,286,Buffalo 1,Mildly Spoiled,"(234, 244, 231)"
photo_148.jpg,288,Buffalo 1,Mildly Spoiled,"(235, 244, 231)"
photo_149.jpg,290,Buffalo 1,Mildly Spoiled,"(235, 244, 231)"
photo_150.jpg,292,Buffalo 1,Mildly Spoiled,"(235, 244, 231)"
photo_151.jpg,294,Buffalo 1,Mildly Spoiled,"(235, 244, 231)"
photo_152.jpg,296,Buffalo 1,Mildly Spoiled,"(235, 244, 231)"
photo_153.jpg,298,Buffalo 1,Mildly Spoiled,"(235, 244, 231)"
photo_154.jpg,300,Buffalo 1,Mildly Spoiled,"(236, 244, 231)"
photo_155.jpg,302,Buffalo 1,Mildly Spoiled,"(235, 244, 231)"
photo_156.jpg,304,Buffalo 1,Mildly Spoiled,"(236, 244, 231)"
photo_157.jpg,306,Buffalo 1,Mildly Spoiled,"(236, 244, 231)"
photo_158.jpg,308,Buffalo 1,Mildly Spoiled,"(236, 244, 231)"
photo_159.jpg,310,Buffalo 1,Mildly Spoiled,"(236, 244, 231)"
photo_160.jpg,312,Buffalo 1,Mildly Spoiled,"(236, 244, 231)"
photo_161.jpg,314,Buffalo 1,Mildly Spoiled,"(236, 244, 231)"
photo_162.jpg,316,Buffalo 1,Mildly Spoiled,"(236, 244, 231)"
photo_163.jpg,318,Buffalo 1,Mildly Spoiled,"(236, 244, 231)"
photo_164.jpg,320,Buffalo 1,Mildly Spoiled,"(236, 244, 231)"
photo_165.jpg,322,Buffalo 1,Mildly Spoiled,"(236, 244, 231)"
photo_166.jpg,324,Buffalo 1,Mildly Spoiled,"(236, 244, 231)"
photo_167.jpg,326,Buffalo 1,Mildly Spoiled,"(236, 244, 231)"
photo_168.jpg,328,Buffalo 1,Mildly Spoiled,"(236, 244, 231)"
photo_169.jpg,330,Buffalo 1,Mildly Spoiled,"(236, 244, 231)"
photo_170.jpg,332,Buffalo 1,Mildly Spoiled,"(236, 245, 231)"
photo_171.jpg,334,Buffalo 1,Mildly Spoiled,"(236, 244, 231)"
photo_172.jpg,336,Buffalo 1,Mildly Spoiled,"(236, 245, 231)"
photo_173.jpg,338,Buffalo 1,Mildly Spoiled,"(236, 245, 231)"
photo_174.jpg,340,Buffalo 1,Mildly Spoiled,"(236, 245, 231)"
photo_175.jpg,342,Buffalo 1,Mildly Spoiled,"(236, 244, 231)"
photo_176.jpg,344,Buffalo 1,Mildly Spoiled,"(236, 245, 231)"
photo_177.jpg,346,Buffalo 1,Mildly Spoiled,"(236, 245, 231)"
photo_178.jpg,348,Buffalo 1,Mildly Spoiled,"(236, 245, 231)"
photo_179.jpg,350,Buffalo 1,Mildly Spoiled,"(236, 245, 231)"
photo_180.jpg,352,Buffalo 1,Mildly Spoiled,"(236, 245, 231)"
photo_181.jpg,354,Buffalo 1,Mildly Spoiled,"(236, 245, 231)"
photo_182.jpg,356,Buffalo 1,Mildly Spoiled,"(236, 245, 231)"
photo_183.jpg,358,Buffalo 1,Mildly Spoiled,"(236, 245, 231)"
photo_184.jpg,360,Buffalo 1,Mildly Spoiled,"(236, 245, 231)"
photo_185.jpg,362,Buffalo 1,Mildly Spoiled,"(236, 244, 231)"
photo_186.jpg,364,Buffalo 1,Mildly Spoiled,"(236, 245, 231)"
photo_187.jpg,366,Buffalo 1,Mildly Spoiled,"(236, 245, 231)"
photo_188.jpg,368,Buffalo 1,Mildly Spoiled,"(237, 245, 231)"
photo_189.jpg,370,Buffalo 1,Mildly Spoiled,"(236, 245, 231)"
photo_190.jpg,372,Buffalo 1,Mildly Spoiled,"(236, 245, 231)"
photo_191.jpg,374,Buffalo 1,Mildly Spoiled,"(236, 245, 231)"
photo_192.jpg,376,Buffalo 1,Mildly Spoiled,"(237, 245, 231)"
photo_193.jpg,378,Buffalo 1,Mildly Spoiled,"(236, 245, 231)"
photo_194.jpg,380,Buffalo 1,Mildly Spoiled,"(237, 245, 231)"
photo_195.jpg,382,Buffalo 1,Mildly Spoiled,"(236, 245, 231)"
photo_196.jpg,384,Buffalo 1,Mildly Spoiled,"(237, 245, 231)"
photo_197.jpg,386,Buffalo 1,Mildly Spoiled,"(237, 245, 231)"
photo_198.jpg,388,Buffalo 1,Mildly Spoiled,"(237, 245, 231)"
photo_199.jpg,390,Buffalo 1,Mildly Spoiled,"(237, 245, 231)"
photo_200.jpg,392,Buffalo 1,Mildly Spoiled,"(237, 245, 231)"
photo_201.jpg,394,Buffalo 1,Mildly Spoiled,"(237, 245, 231)"
photo_202.jpg,396,Buffalo 1,Mildly Spoiled,"(237, 245, 231)"
photo_203.jpg,398,Buffalo 1,Mildly Spoiled,"(237, 245, 231)"
photo_204.jpg,400,Buffalo 1,Mildly Spoiled,"(237, 245, 231)"
photo_205.jpg,402,Buffalo 1,Mildly Spoiled,"(237, 245, 231)"
photo_206.jpg,404,Buffalo 1,Mildly Spoiled,"(237, 245, 231)"
photo_207.jpg,406,Buffalo 1,Mildly Spoiled,"(237, 245, 231)"
photo_208.jpg,408,Buffalo 1,Mildly Spoiled,"(237, 245, 231)"
photo_209.jpg,410,Buffalo 1,Mildly Spoiled,"(237, 245, 231)"
photo_210.jpg,412,Buffalo 1,Mildly Spoiled,"(237, 245, 230)"
photo_211.jpg,414,Buffalo 1,Mildly Spoiled,"(237, 245, 231)"
photo_212.jpg,416,Buffalo 1,Mildly Spoiled,"(237, 245, 230)"
photo_213.jpg,418,Buffalo 1,Mildly Spoiled,"(237, 245, 230)"
photo_214.jpg,420,Buffalo 1,Mildly Spoiled,"(237, 245, 230)"
photo_215.jpg,422,Buffalo 1,Mildly Spoiled,"(237, 245, 230)"
photo_216.jpg,424,Buffalo 1,Mildly Spoiled,"(237, 245, 230)"
photo_217.jpg,426,Buffalo 1,Mildly Spoiled,"(237, 245, 230)"
photo_218.jpg,428,Buffalo 1,Mildly Spoiled,"(237, 245, 230)"
photo_219.jpg,430,Buffalo 1,Mildly Spoiled,"(237, 245, 230)"
photo_220.jpg,432,Buffalo 1,Mildly Spoiled,"(237, 245, 230)"
photo_221.jpg,434,Buffalo 1,Mildly Spoiled,"(237, 245, 230)"
photo_222.jpg,436,Buffalo 1,Mildly Spoiled,"(237, 245, 230)"
photo_223.jpg,438,Buffalo 1,Mildly Spoiled,"(237, 245, 230)"
photo_224.jpg,440,Buffalo 1,Mildly Spoiled,"(237, 245, 230)"
photo_225.jpg,442,Buffalo 1,Mildly Spoiled,"(237, 245, 230)"
photo_226.jpg,444,Buffalo 1,Mildly Spoiled,"(237, 245, 230)"
photo_227.jpg,446,Buffalo 1,Mildly Spoiled,"(237, 245, 230)"
photo_228.jpg,448,Buffalo 1,Mildly Spoiled,"(237, 245, 230)"
photo_229.jpg,450,Buffalo 1,Mildly Spoiled,"(237, 244, 230)"
photo_230.jpg,452,Buffalo 1,Mildly Spoiled,"(237, 245, 230)"
photo_231.jpg,454,Buffalo 1,Mildly Spoiled,"(237, 245, 230)"
photo_232.jpg,456,Buffalo 1,Mildly Spoiled,"(237, 244, 230)"
photo_233.jpg,458,Buffalo 1,Mildly Spoiled,"(237, 244, 230)"
photo_234.jpg,460,Buffalo 1,Mildly Spoiled,"(237, 244, 230)"
photo_235.jpg,462,Buffalo 1,Mildly Spoiled,"(237, 244, 230)"
photo_236.jpg,464,Buffalo 1,Mildly Spoiled,"(237, 244, 229)"
photo_237.jpg,466,Buffalo 1,Mildly Spoiled,"(237, 244, 233)"
photo_238.jpg,468,Buffalo 1,Mildly Spoiled,"(237, 244, 233)"
photo_239.jpg,470,Buffalo 1,Mildly Spoiled,"(237, 244, 233)"
photo_240.jpg,472,Buffalo 1,Mildly Spoiled,"(237, 244, 233)"
photo_241.jpg,474,Buffalo 1,Mildly Spoiled,"(237, 244, 233)"
photo_242.jpg,476,Buffalo 1,Mildly Spoiled,"(237, 244, 233)"
photo_243.jpg,478,Buffalo 1,Mildly Spoiled,"(237, 244, 232)"
photo_244.jpg,480,Buffalo 1,Mildly Spoiled,"(237, 244, 232)"
photo_245.jpg,482,Buffalo 1,Mildly Spoiled,"(237, 244, 232)"
photo_246.jpg,484,Buffalo 1,Mildly Spoiled,"(237, 244, 232)"
photo_247.jpg,486,Buffalo 1,Mildly Spoiled,"(237, 244, 233)"
photo_248.jpg,488,Buffalo 1,Mildly Spoiled,"(237, 244, 232)"
photo_249.jpg,490,Buffalo 1,Mildly Spoiled,"(237, 244, 232)"
photo_250.jpg,492,Buffalo 1,Mildly Spoiled,"(237, 244, 232)"
photo_251.jpg,494,Buffalo 1,Mildly Spoiled,"(237, 244, 232)"
photo_252.jpg,496,Buffalo 1,Mildly Spoiled,"(237, 244, 233)"
photo_253.jpg,498,Buffalo 1,Mildly Spoiled,"(237, 244, 232)"
photo_5.jpg,2,Buffalo 2,Spoiled,"(190, 225, 233)"
photo_6.jpg,4,Buffalo 2,Spoiled,"(188, 224, 233)"
photo_7.jpg,6,Buffalo 2,Spoiled,"(188, 224, 234)"
photo_8.jpg,8,Buffalo 2,Spoiled,"(188, 225, 232)"
photo_9.jpg,10,Buffalo 2,Spoiled,"(189, 225, 233)"
photo_10.jpg,12,Buffalo 2,Spoiled,"(189, 226, 233)"
photo_11.jpg,14,Buffalo 2,Spoiled,"(189, 226, 233)"
photo_12.jpg,16,Buffalo 2,Spoiled,"(188, 226, 234)"
photo_13.jpg,18,Buffalo 2,Spoiled,"(188, 226, 234)"
photo_14.jpg,20,Buffalo 2,Spoiled,"(188, 226, 234)"
photo_15.jpg,22,Buffalo 2,Spoiled,"(188, 226, 234)"
photo_16.jpg,24,Buffalo 2,Spoiled,"(188, 226, 234)"
photo_17.jpg,26,Buffalo 2,Spoiled,"(189, 226, 234)"
photo_18.jpg,28,Buffalo 2,Spoiled,"(189, 226, 234)"
photo_19.jpg,30,Buffalo 2,Spoiled,"(189, 226, 234)"
photo_20.jpg,32,Buffalo 2,Spoiled,"(189, 226, 234)"
photo_21.jpg,34,Buffalo 2,Spoiled,"(189, 227, 234)"
photo_22.jpg,36,Buffalo 2,Spoiled,"(190, 227, 234)"
photo_23.jpg,38,Buffalo 2,Spoiled,"(190, 227, 234)"
photo_24.jpg,40,Buffalo 2,Spoiled,"(190, 227, 234)"
photo_25.jpg,42,Buffalo 2,Spoiled,"(190, 227, 234)"
photo_26.jpg,44,Buffalo 2,Spoiled,"(191, 227, 234)"
photo_27.jpg,46,Buffalo 2,Spoiled,"(191, 228, 234)"
photo_28.jpg,48,Buffalo 2,Spoiled,"(192, 228, 234)"
photo_29.jpg,50,Buffalo 2,Spoiled,"(192, 228, 234)"
photo_30.jpg,52,Buffalo 2,Spoiled,"(192, 228, 234)"
photo_31.jpg,54,Buffalo 2,Spoiled,"(193, 229, 234)"
photo_32.jpg,56,Buffalo 2,Spoiled,"(193, 229, 234)"
photo_33.jpg,58,Buffalo 2,Spoiled,"(194, 229, 234)"
photo_34.jpg,60,Buffalo 2,Spoiled,"(194, 229, 234)"
photo_35.jpg,62,Buffalo 2,Spoiled,"(194, 229, 234)"
photo_36.jpg,64,Buffalo 2,Spoiled,"(195, 230, 234)"
photo_37.jpg,66,Buffalo 2,Spoiled,"(195, 230, 234)"
photo_38.jpg,68,Buffalo 2,Spoiled,"(195, 230, 234)"
photo_39.jpg,70,Buffalo 2,Spoiled,"(196, 230, 234)"
photo_40.jpg,72,Buffalo 2,Spoiled,"(196, 230, 234)"
photo_41.jpg,74,Buffalo 2,Spoiled,"(196, 231, 234)"
photo_42.jpg,76,Buffalo 2,Spoiled,"(197, 231, 234)"
photo_43.jpg,78,Buffalo 2,Spoiled,"(197, 231, 234)"
photo_44.jpg,80,Buffalo 2,Spoiled,"(198, 231, 234)"
photo_45.jpg,82,Buffalo 2,Spoiled,"(198, 232, 234)"
photo_46.jpg,84,Buffalo 2,Spoiled,"(199, 232, 234)"
photo_47.jpg,86,Buffalo 2,Spoiled,"(199, 232, 234)"
photo_48.jpg,88,Buffalo 2,Spoiled,"(199, 232, 234)"
photo_49.jpg,90,Buffalo 2,Spoiled,"(200, 233, 234)"
photo_50.jpg,92,Buffalo 2,Spoiled,"(201, 233, 234)"
photo_51.jpg,94,Buffalo 2,Spoiled,"(201, 233, 234)"
photo_52.jpg,96,Buffalo 2,Spoiled,"(202, 233, 234)"
photo_53.jpg,98,Buffalo 2,Spoiled,"(202, 234, 234)"
photo_54.jpg,100,Buffalo 2,Spoiled,"(203, 234, 234)"
photo_55.jpg,102,Buffalo 2,Spoiled,"(203, 234, 234)"
photo_56.jpg,104,Buffalo 2,Spoiled,"(204, 235, 234)"
photo_57.jpg,106,Buffalo 2,Spoiled,"(205, 235, 234)"
photo_58.jpg,108,Buffalo 2,Spoiled,"(205, 235, 234)"
photo_59.jpg,110,Buffalo 2,Spoiled,"(206, 236, 234)"
photo_60.jpg,112,Buffalo 2,Spoiled,"(207, 236, 234)"
photo_61.jpg,114,Buffalo 2,Spoiled,"(207, 236, 234)"
photo_62.jpg,116,Buffalo 2,Spoiled,"(208, 237, 234)"
photo_63.jpg,118,Buffalo 2,Spoiled,"(209, 237, 234)"
photo_64.jpg,120,Buffalo 2,Spoiled,"(210, 237, 233)"
photo_65.jpg,122,Buffalo 2,Spoiled,"(210, 238, 233)"
photo_66.jpg,124,Buffalo 2,Spoiled,"(211, 238, 233)"
photo_67.jpg,126,Buffalo 2,Spoiled,"(212, 238, 233)"
photo_68.jpg,128,Buffalo 2,Spoiled,"(213, 239, 233)"
photo_69.jpg,130,Buffalo 2,Spoiled,"(214, 239, 233)"
photo_70.jpg,132,Buffalo 2,Spoiled,"(215, 240, 233)"
photo_71.jpg,134,Buffalo 2,Spoiled,"(216, 240, 233)"
photo_72.jpg,136,Buffalo 2,Spoiled,"(217, 240, 234)"
photo_73.jpg,138,Buffalo 2,Spoiled,"(218, 241, 233)"
photo_74.jpg,140,Buffalo 2,Spoiled,"(219, 241, 233)"
photo_75.jpg,142,Buffalo 2,Spoiled,"(220, 241, 233)"
photo_76.jpg,144,Buffalo 2,Spoiled,"(221, 242, 233)"
photo_77.jpg,146,Buffalo 2,Spoiled,"(222, 242, 233)"
photo_78.jpg,148,Buffalo 2,Spoiled,"(223, 242, 233)"
photo_79.jpg,150,Buffalo 2,Spoiled,"(223, 243, 233)"
photo_80.jpg,152,Buffalo 2,Spoiled,"(225, 243, 233)"
photo_81.jpg,154,Buffalo 2,Spoiled,"(226, 243, 232)"
photo_82.jpg,156,Buffalo 2,Spoiled,"(226, 244, 232)"
photo_83.jpg,158,Buffalo 2,Spoiled,"(227, 244, 232)"
photo_84.jpg,160,Buffalo 2,Spoiled,"(228, 244, 232)"
photo_85.jpg,162,Buffalo 2,Spoiled,"(229, 244, 232)"
photo_86.jpg,164,Buffalo 2,Spoiled,"(230, 245, 232)"
photo_87.jpg,166,Buffalo 2,Spoiled,"(230, 245, 232)"
photo_88.jpg,168,Buffalo 2,Spoiled,"(231, 245, 232)"
photo_89.jpg,170,Buffalo 2,Spoiled,"(231, 245, 232)"
photo_90.jpg,172,Buffalo 2,Spoiled,"(232, 245, 231)"
photo_91.jpg,174,Buffalo 2,Spoiled,"(232, 245, 232)"
photo_92.jpg,176,Buffalo 2,Spoiled,"(233, 245, 231)"
photo_93.jpg,178,Buffalo 2,Spoiled,"(233, 246, 231)"
photo_94.jpg,180,Buffalo 2,Spoiled,"(233, 246, 231)"
photo_95.jpg,182,Buffalo 2,Spoiled,"(234, 246, 231)"
photo_96.jpg,184,Buffalo 2,Spoiled,"(234, 246, 231)"
photo_97.jpg,186,Buffalo 2,Spoiled,"(234, 246, 231)"
photo_98.jpg,188,Buffalo 2,Spoiled,"(234, 246, 231)"
photo_99.jpg,190,Buffalo 2,Spoiled,"(235, 246, 231)"
photo_100.jpg,192,Buffalo 2,Spoiled,"(235, 246, 231)"
photo_101.jpg,194,Buffalo 2,Spoiled,"(235, 246, 231)"
photo_102.jpg,196,Buffalo 2,Spoiled,"(235, 246, 231)"
photo_103.jpg,198,Buffalo 2,Spoiled,"(235, 246, 231)"
photo_104.jpg,200,Buffalo 2,Spoiled,"(236, 246, 231)"
photo_105.jpg,202,Buffalo 2,Spoiled,"(236, 247, 231)"
photo_106.jpg,204,Buffalo 2,Spoiled,"(236, 247, 231)"
photo_107.jpg,206,Buffalo 2,Spoiled,"(236, 247, 231)"
photo_108.jpg,208,Buffalo 2,Spoiled,"(236, 247, 231)"
photo_109.jpg,210,Buffalo 2,Spoiled,"(236, 247, 231)"
photo_110.jpg,212,Buffalo 2,Spoiled,"(237, 247, 231)"
photo_111.jpg,214,Buffalo 2,Spoiled,"(237, 247, 231)"
photo_112.jpg,216,Buffalo 2,Spoiled,"(237, 247, 231)"
photo_113.jpg,218,Buffalo 2,Spoiled,"(237, 247, 231)"
photo_114.jpg,220,Buffalo 2,Spoiled,"(237, 247, 231)"
photo_115.jpg,222,Buffalo 2,Spoiled,"(237, 247, 231)"
photo_116.jpg,224,Buffalo 2,Spoiled,"(238, 247, 231)"
photo_117.jpg,226,Buffalo 2,Spoiled,"(238, 247, 231)"
photo_118.jpg,228,Buffalo 2,Spoiled,"(238, 247, 231)"
photo_119.jpg,230,Buffalo 2,Spoiled,"(238, 247, 231)"
photo_120.jpg,232,Buffalo 2,Spoiled,"(238, 247, 231)"
photo_121.jpg,234,Buffalo 2,Spoiled,"(238, 247, 231)"
photo_122.jpg,236,Buffalo 2,Spoiled,"(238, 247, 231)"
photo_123.jpg,238,Buffalo 2,Spoiled,"(238, 247, 231)"
photo_124.jpg,240,Buffalo 2,Spoiled,"(239, 247, 231)"
photo_125.jpg,242,Buffalo 2,Spoiled,"(239, 247, 231)"
photo_126.jpg,244,Buffalo 2,Spoiled,"(239, 247, 231)"
photo_127.jpg,246,Buffalo 2,Spoiled,"(239, 247, 230)"
photo_128.jpg,248,Buffalo 2,Spoiled,"(239, 247, 231)"
photo_129.jpg,250,Buffalo 2,Spoiled,"(239, 247, 231)"
photo_130.jpg,252,Buffalo 2,Spoiled,"(239, 247, 231)"
photo_131.jpg,254,Buffalo 2,Spoiled,"(239, 247, 231)"
photo_132.jpg,256,Buffalo 2,Spoiled,"(239, 247, 231)"
photo_133.jpg,258,Buffalo 2,Spoiled,"(239, 247, 230)"
photo_134.jpg,260,Buffalo 2,Spoiled,"(239, 248, 231)"
photo_135.jpg,262,Buffalo 2,Spoiled,"(239, 248, 230)"
photo_136.jpg,264,Buffalo 2,Spoiled,"(240, 248, 230)"
photo_137.jpg,266,Buffalo 2,Spoiled,"(239, 248, 230)"
photo_138.jpg,268,Buffalo 2,Spoiled,"(240, 248, 230)"
photo_139.jpg,270,Buffalo 2,Spoiled,"(240, 248, 231)"
photo_140.jpg,272,Buffalo 2,Spoiled,"(240, 248, 231)"
photo_141.jpg,274,Buffalo 2,Spoiled,"(240, 248, 231)"
photo_142.jpg,276,Buffalo 2,Spoiled,"(240, 248, 231)"
photo_143.jpg,278,Buffalo 2,Spoiled,"(240, 248, 231)"
photo_144.jpg,280,Buffalo 2,Spoiled,"(240, 248, 230)"
photo_145.jpg,282,Buffalo 2,Spoiled,"(240, 248, 230)"
photo_146.jpg,284,Buffalo 2,Spoiled,"(240, 248, 230)"
photo_147.jpg,286,Buffalo 2,Spoiled,"(240, 248, 230)"
photo_148.jpg,288,Buffalo 2,Spoiled,"(240, 248, 230)"
photo_149.jpg,290,Buffalo 2,Spoiled,"(240, 248, 230)"
photo_150.jpg,292,Buffalo 2,Spoiled,"(240, 248, 230)"
photo_151.jpg,294,Buffalo 2,Spoiled,"(240, 248, 230)"
photo_152.jpg,296,Buffalo 2,Spoiled,"(240, 248, 230)"
photo_153.jpg,298,Buffalo 2,Spoiled,"(240, 248, 230)"
photo_154.jpg,300,Buffalo 2,Spoiled,"(240, 248, 231)"
photo_155.jpg,302,Buffalo 2,Spoiled,"(241, 248, 230)"
photo_156.jpg,304,Buffalo 2,Spoiled,"(240, 248, 230)"
photo_157.jpg,306,Buffalo 2,Spoiled,"(240, 248, 230)"
photo_158.jpg,308,Buffalo 2,Spoiled,"(240, 248, 230)"
photo_159.jpg,310,Buffalo 2,Spoiled,"(240, 248, 230)"
photo_160.jpg,312,Buffalo 2,Spoiled,"(240, 248, 230)"
photo_161.jpg,314,Buffalo 2,Spoiled,"(241, 248, 230)"
photo_162.jpg,316,Buffalo 2,Spoiled,"(240, 248, 230)"
photo_163.jpg,318,Buffalo 2,Spoiled,"(240, 248, 231)"
photo_164.jpg,320,Buffalo 2,Spoiled,"(241, 248, 230)"
photo_165.jpg,322,Buffalo 2,Spoiled,"(241, 248, 230)"
photo_166.jpg,324,Buffalo 2,Spoiled,"(240, 248, 230)"
photo_167.jpg,326,Buffalo 2,Spoiled,"(241, 248, 230)"
photo_168.jpg,328,Buffalo 2,Spoiled,"(241, 248, 230)"
photo_169.jpg,330,Buffalo 2,Spoiled,"(240, 248, 230)"
photo_170.jpg,332,Buffalo 2,Spoiled,"(240, 248, 230)"
photo_171.jpg,334,Buffalo 2,Spoiled,"(240, 248, 230)"
photo_172.jpg,336,Buffalo 2,Spoiled,"(240, 248, 230)"
photo_173.jpg,338,Buffalo 2,Spoiled,"(240, 248, 230)"
photo_174.jpg,340,Buffalo 2,Spoiled,"(241, 248, 230)"
photo_175.jpg,342,Buffalo 2,Spoiled,"(240, 248, 230)"
photo_176.jpg,344,Buffalo 2,Spoiled,"(240, 248, 230)"
photo_177.jpg,346,Buffalo 2,Spoiled,"(240, 248, 230)"
photo_178.jpg,348,Buffalo 2,Spoiled,"(241, 248, 230)"
photo_179.jpg,350,Buffalo 2,Spoiled,"(240, 248, 230)"
photo_180.jpg,352,Buffalo 2,Spoiled,"(241, 248, 230)"
photo_181.jpg,354,Buffalo 2,Spoiled,"(240, 248, 230)"
photo_182.jpg,356,Buffalo 2,Spoiled,"(240, 248, 230)"
photo_183.jpg,358,Buffalo 2,Spoiled,"(241, 248, 230)"
photo_184.jpg,360,Buffalo 2,Spoiled,"(241, 248, 230)"
photo_185.jpg,362,Buffalo 2,Spoiled,"(240, 248, 230)"
photo_186.jpg,364,Buffalo 2,Spoiled,"(240, 248, 230)"
photo_187.jpg,366,Buffalo 2,Spoiled,"(241, 248, 230)"
photo_188.jpg,368,Buffalo 2,Spoiled,"(241, 248, 230)"
photo_189.jpg,370,Buffalo 2,Spoiled,"(240, 248, 230)"
photo_190.jpg,372,Buffalo 2,Spoiled,"(241, 248, 230)"
photo_191.jpg,374,Buffalo 2,Spoiled,"(240, 248, 230)"
photo_192.jpg,376,Buffalo 2,Spoiled,"(240, 248, 230)"
photo_193.jpg,378,Buffalo 2,Spoiled,"(240, 248, 230)"
photo_194.jpg,380,Buffalo 2,Spoiled,"(240, 247, 230)"
photo_195.jpg,382,Buffalo 2,Spoiled,"(240, 248, 230)"
photo_196.jpg,384,Buffalo 2,Spoiled,"(240, 248, 230)"
photo_197.jpg,386,Buffalo 2,Spoiled,"(240, 248, 230)"
photo_198.jpg,388,Buffalo 2,Spoiled,"(241, 248, 230)"
photo_199.jpg,390,Buffalo 2,Spoiled,"(240, 248, 230)"
photo_200.jpg,392,Buffalo 2,Spoiled,"(240, 248, 230)"
photo_201.jpg,394,Buffalo 2,Spoiled,"(240, 248, 230)"
photo_202.jpg,396,Buffalo 2,Spoiled,"(240, 247, 230)"
photo_203.jpg,398,Buffalo 2,Spoiled,"(240, 248, 230)"
photo_204.jpg,400,Buffalo 2,Spoiled,"(240, 248, 230)"
photo_205.jpg,402,Buffalo 2,Spoiled,"(240, 248, 230)"
photo_206.jpg,404,Buffalo 2,Spoiled,"(240, 248, 230)"
photo_207.jpg,406,Buffalo 2,Spoiled,"(240, 247, 230)"
photo_208.jpg,408,Buffalo 2,Spoiled,"(240, 247, 230)"
photo_209.jpg,410,Buffalo 2,Spoiled,"(241, 247, 230)"
photo_210.jpg,412,Buffalo 2,Spoiled,"(240, 248, 230)"
photo_211.jpg,414,Buffalo 2,Spoiled,"(240, 247, 230)"
photo_212.jpg,416,Buffalo 2,Spoiled,"(240, 247, 230)"
photo_213.jpg,418,Buffalo 2,Spoiled,"(240, 247, 230)"
photo_214.jpg,420,Buffalo 2,Spoiled,"(240, 247, 230)"
photo_215.jpg,422,Buffalo 2,Spoiled,"(240, 247, 230)"
photo_216.jpg,424,Buffalo 2,Spoiled,"(240, 247, 230)"
photo_217.jpg,426,Buffalo 2,Spoiled,"(240, 247, 230)"
photo_218.jpg,428,Buffalo 2,Spoiled,"(240, 247, 230)"
photo_219.jpg,430,Buffalo 2,Spoiled,"(241, 247, 230)"
photo_220.jpg,432,Buffalo 2,Spoiled,"(240, 247, 230)"
photo_221.jpg,434,Buffalo 2,Spoiled,"(240, 247, 230)"
photo_222.jpg,436,Buffalo 2,Spoiled,"(240, 247, 230)"
photo_223.jpg,438,Buffalo 2,Spoiled,"(240, 247, 230)"
photo_224.jpg,440,Buffalo 2,Spoiled,"(240, 247, 229)"
photo_225.jpg,442,Buffalo 2,Spoiled,"(240, 247, 230)"
photo_226.jpg,444,Buffalo 2,Spoiled,"(240, 247, 229)"
photo_227.jpg,446,Buffalo 2,Spoiled,"(240, 247, 230)"
photo_228.jpg,448,Buffalo 2,Spoiled,"(240, 247, 229)"
photo_229.jpg,450,Buffalo 2,Spoiled,"(240, 247, 229)"
photo_230.jpg,452,Buffalo 2,Spoiled,"(240, 247, 229)"
photo_231.jpg,454,Buffalo 2,Spoiled,"(240, 247, 229)"
photo_232.jpg,456,Buffalo 2,Spoiled,"(240, 247, 229)"
photo_233.jpg,458,Buffalo 2,Spoiled,"(240, 247, 229)"
photo_234.jpg,460,Buffalo 2,Spoiled,"(240, 247, 229)"
photo_235.jpg,462,Buffalo 2,Spoiled,"(240, 247, 229)"
photo_236.jpg,464,Buffalo 2,Spoiled,"(240, 247, 229)"
photo_237.jpg,466,Buffalo 2,Spoiled,"(240, 247, 232)"
photo_238.jpg,468,Buffalo 2,Spoiled,"(240, 247, 232)"
photo_239.jpg,470,Buffalo 2,Spoiled,"(240, 247, 232)"
photo_240.jpg,472,Buffalo 2,Spoiled,"(240, 247, 232)"
photo_241.jpg,474,Buffalo 2,Spoiled,"(240, 247, 232)"
photo_242.jpg,476,Buffalo 2,Spoiled,"(240, 247, 232)"
photo_243.jpg,478,Buffalo 2,Spoiled,"(240, 247, 232)"
photo_244.jpg,480,Buffalo 2,Spoiled,"(240, 247, 232)"
photo_245.jpg,482,Buffalo 2,Spoiled,"(240, 247, 232)"
photo_246.jpg,484,Buffalo 2,Spoiled,"(240, 247, 232)"
photo_247.jpg,486,Buffalo 2,Spoiled,"(240, 247, 232)"
photo_248.jpg,488,Buffalo 2,Spoiled,"(240, 247, 232)"
photo_249.jpg,490,Buffalo 2,Spoiled,"(240, 247, 232)"
photo_250.jpg,492,Buffalo 2,Spoiled,"(240, 247, 232)"
photo_251.jpg,494,Buffalo 2,Spoiled,"(240, 247, 232)"
photo_252.jpg,496,Buffalo 2,Spoiled,"(240, 246, 232)"
photo_253.jpg,498,Buffalo 2,Spoiled,"(240, 247, 232)"
photo_5.jpg,2,Buffalo 3,Spoiled,"(173, 208, 218)"
photo_6.jpg,4,Buffalo 3,Spoiled,"(172, 207, 217)"
photo_7.jpg,6,Buffalo 3,Spoiled,"(172, 208, 219)"
photo_8.jpg,8,Buffalo 3,Spoiled,"(172, 209, 217)"
photo_9.jpg,10,Buffalo 3,Spoiled,"(173, 209, 217)"
photo_10.jpg,12,Buffalo 3,Spoiled,"(173, 210, 218)"
photo_11.jpg,14,Buffalo 3,Spoiled,"(174, 210, 218)"
photo_12.jpg,16,Buffalo 3,Spoiled,"(174, 211, 218)"
photo_13.jpg,18,Buffalo 3,Spoiled,"(175, 211, 218)"
photo_14.jpg,20,Buffalo 3,Spoiled,"(176, 212, 218)"
photo_15.jpg,22,Buffalo 3,Spoiled,"(177, 213, 219)"
photo_16.jpg,24,Buffalo 3,Spoiled,"(178, 213, 219)"
photo_17.jpg,26,Buffalo 3,Spoiled,"(180, 213, 219)"
photo_18.jpg,28,Buffalo 3,Spoiled,"(180, 214, 219)"
photo_19.jpg,30,Buffalo 3,Spoiled,"(181, 214, 219)"
photo_20.jpg,32,Buffalo 3,Spoiled,"(181, 215, 219)"
photo_21.jpg,34,Buffalo 3,Spoiled,"(182, 215, 219)"
photo_22.jpg,36,Buffalo 3,Spoiled,"(183, 215, 219)"
photo_23.jpg,38,Buffalo 3,Spoiled,"(184, 216, 219)"
photo_24.jpg,40,Buffalo 3,Spoiled,"(185, 216, 219)"
photo_25.jpg,42,Buffalo 3,Spoiled,"(185, 217, 219)"
photo_26.jpg,44,Buffalo 3,Spoiled,"(186, 217, 219)"
photo_27.jpg,46,Buffalo 3,Spoiled,"(187, 217, 219)"
photo_28.jpg,48,Buffalo 3,Spoiled,"(188, 218, 219)"
photo_29.jpg,50,Buffalo 3,Spoiled,"(188, 218, 219)"
photo_30.jpg,52,Buffalo 3,Spoiled,"(188, 218, 219)"
photo_31.jpg,54,Buffalo 3,Spoiled,"(190, 218, 219)"
photo_32.jpg,56,Buffalo 3,Spoiled,"(190, 219, 219)"
photo_33.jpg,58,Buffalo 3,Spoiled,"(191, 219, 219)"
photo_34.jpg,60,Buffalo 3,Spoiled,"(191, 219, 218)"
photo_35.jpg,62,Buffalo 3,Spoiled,"(192, 220, 219)"
photo_36.jpg,64,Buffalo 3,Spoiled,"(193, 220, 218)"
photo_37.jpg,66,Buffalo 3,Spoiled,"(193, 220, 218)"
photo_38.jpg,68,Buffalo 3,Spoiled,"(194, 220, 218)"
photo_39.jpg,70,Buffalo 3,Spoiled,"(195, 220, 219)"
photo_40.jpg,72,Buffalo 3,Spoiled,"(196, 221, 218)"
photo_41.jpg,74,Buffalo 3,Spoiled,"(196, 221, 218)"
photo_42.jpg,76,Buffalo 3,Spoiled,"(197, 221, 218)"
photo_43.jpg,78,Buffalo 3,Spoiled,"(197, 222, 219)"
photo_44.jpg,80,Buffalo 3,Spoiled,"(198, 222, 218)"
photo_45.jpg,82,Buffalo 3,Spoiled,"(198, 222, 219)"
photo_46.jpg,84,Buffalo 3,Spoiled,"(199, 223, 219)"
photo_47.jpg,86,Buffalo 3,Spoiled,"(200, 223, 218)"
photo_48.jpg,88,Buffalo 3,Spoiled,"(200, 223, 218)"
photo_49.jpg,90,Buffalo 3,Spoiled,"(201, 223, 218)"
photo_50.jpg,92,Buffalo 3,Spoiled,"(201, 224, 218)"
photo_51.jpg,94,Buffalo 3,Spoiled,"(202, 224, 218)"
photo_52.jpg,96,Buffalo 3,Spoiled,"(203, 224, 218)"
photo_53.jpg,98,Buffalo 3,Spoiled,"(203, 224, 218)"
photo_54.jpg,100,Buffalo 3,Spoiled,"(204, 224, 218)"
photo_55.jpg,102,Buffalo 3,Spoiled,"(205, 225, 218)"
photo_56.jpg,104,Buffalo 3,Spoiled,"(205, 225, 218)"
photo_57.jpg,106,Buffalo 3,Spoiled,"(206, 225, 218)"
photo_58.jpg,108,Buffalo 3,Spoiled,"(207, 226, 218)"
photo_59.jpg,110,Buffalo 3,Spoiled,"(207, 226, 218)"
photo_60.jpg,112,Buffalo 3,Spoiled,"(208, 226, 218)"
photo_61.jpg,114,Buffalo 3,Spoiled,"(209, 226, 218)"
photo_62.jpg,116,Buffalo 3,Spoiled,"(210, 227, 218)"
photo_63.jpg,118,Buffalo 3,Spoiled,"(211, 227, 218)"
photo_64.jpg,120,Buffalo 3,Spoiled,"(212, 227, 217)"
photo_65.jpg,122,Buffalo 3,Spoiled,"(212, 228, 218)"
photo_66.jpg,124,Buffalo 3,Spoiled,"(213, 228, 218)"
photo_67.jpg,126,Buffalo 3,Spoiled,"(214, 228, 217)"
photo_68.jpg,128,Buffalo 3,Spoiled,"(214, 228, 217)"
photo_69.jpg,130,Buffalo 3,Spoiled,"(215, 229, 217)"
photo_70.jpg,132,Buffalo 3,Spoiled,"(215, 229, 217)"
photo_71.jpg,134,Buffalo 3,Spoiled,"(216, 229, 217)"
photo_72.jpg,136,Buffalo 3,Spoiled,"(216, 229, 217)"
photo_73.jpg,138,Buffalo 3,Spoiled,"(217, 229, 217)"
photo_74.jpg,140,Buffalo 3,Spoiled,"(217, 229, 217)"
photo_75.jpg,142,Buffalo 3,Spoiled,"(217, 229, 217)"
photo_76.jpg,144,Buffalo 3,Spoiled,"(218, 230, 217)"
photo_77.jpg,146,Buffalo 3,Spoiled,"(218, 230, 217)"
photo_78.jpg,148,Buffalo 3,Spoiled,"(218, 230, 217)"
photo_79.jpg,150,Buffalo 3,Spoiled,"(218, 230, 217)"
photo_80.jpg,152,Buffalo 3,Spoiled,"(218, 230, 217)"
photo_81.jpg,154,Buffalo 3,Spoiled,"(219, 230, 217)"
photo_82.jpg,156,Buffalo 3,Spoiled,"(219, 230, 217)"
photo_83.jpg,158,Buffalo 3,Spoiled,"(219, 230, 217)"
photo_84.jpg,160,Buffalo 3,Spoiled,"(219, 230, 217)"
photo_85.jpg,162,Buffalo 3,Spoiled,"(219, 230, 217)"
photo_86.jpg,164,Buffalo 3,Spoiled,"(219, 230, 217)"
photo_87.jpg,166,Buffalo 3,Spoiled,"(220, 230, 217)"
photo_88.jpg,168,Buffalo 3,Spoiled,"(220, 230, 217)"
photo_89.jpg,170,Buffalo 3,Spoiled,"(220, 230, 217)"
photo_90.jpg,172,Buffalo 3,Spoiled,"(220, 230, 217)"
photo_91.jpg,174,Buffalo 3,Spoiled,"(220, 230, 217)"
photo_92.jpg,176,Buffalo 3,Spoiled,"(220, 230, 217)"
photo_93.jpg,178,Buffalo 3,Spoiled,"(220, 230, 217)"
photo_94.jpg,180,Buffalo 3,Spoiled,"(220, 231, 217)"
photo_95.jpg,182,Buffalo 3,Spoiled,"(220, 230, 217)"
photo_96.jpg,184,Buffalo 3,Spoiled,"(220, 230, 217)"
photo_97.jpg,186,Buffalo 3,Spoiled,"(220, 230, 217)"
photo_98.jpg,188,Buffalo 3,Spoiled,"(221, 230, 217)"
photo_99.jpg,190,Buffalo 3,Spoiled,"(221, 231, 217)"
photo_100.jpg,192,Buffalo 3,Spoiled,"(221, 231, 217)"
photo_101.jpg,194,Buffalo 3,Spoiled,"(221, 231, 217)"
photo_102.jpg,196,Buffalo 3,Spoiled,"(221, 231, 217)"
photo_103.jpg,198,Buffalo 3,Spoiled,"(221, 231, 217)"
photo_104.jpg,200,Buffalo 3,Spoiled,"(221, 231, 217)"
photo_105.jpg,202,Buffalo 3,Spoiled,"(221, 231, 217)"
photo_106.jpg,204,Buffalo 3,Spoiled,"(221, 231, 217)"
photo_107.jpg,206,Buffalo 3,Spoiled,"(221, 231, 217)"
photo_108.jpg,208,Buffalo 3,Spoiled,"(221, 231, 217)"
photo_109.jpg,210,Buffalo 3,Spoiled,"(221, 231, 217)"
photo_110.jpg,212,Buffalo 3,Spoiled,"(221, 231, 217)"
photo_111.jpg,214,Buffalo 3,Spoiled,"(221, 231, 217)"
photo_112.jpg,216,Buffalo 3,Spoiled,"(221, 231, 217)"
photo_113.jpg,218,Buffalo 3,Spoiled,"(221, 231, 217)"
photo_114.jpg,220,Buffalo 3,Spoiled,"(221, 231, 217)"
photo_115.jpg,222,Buffalo 3,Spoiled,"(221, 231, 217)"
photo_116.jpg,224,Buffalo 3,Spoiled,"(222, 231, 216)"
photo_117.jpg,226,Buffalo 3,Spoiled,"(222, 231, 217)"
photo_118.jpg,228,Buffalo 3,Spoiled,"(222, 231, 217)"
photo_119.jpg,230,Buffalo 3,Spoiled,"(222, 231, 217)"
photo_120.jpg,232,Buffalo 3,Spoiled,"(222, 231, 216)"
photo_121.jpg,234,Buffalo 3,Spoiled,"(222, 231, 217)"
photo_122.jpg,236,Buffalo 3,Spoiled,"(222, 231, 217)"
photo_123.jpg,238,Buffalo 3,Spoiled,"(222, 231, 217)"
photo_124.jpg,240,Buffalo 3,Spoiled,"(222, 231, 217)"
photo_125.jpg,242,Buffalo 3,Spoiled,"(222, 231, 217)"
photo_126.jpg,244,Buffalo 3,Spoiled,"(222, 231, 217)"
photo_127.jpg,246,Buffalo 3,Spoiled,"(222, 231, 217)"
photo_128.jpg,248,Buffalo 3,Spoiled,"(222, 231, 217)"
photo_129.jpg,250,Buffalo 3,Spoiled,"(222, 231, 217)"
photo_130.jpg,252,Buffalo 3,Spoiled,"(222, 231, 217)"
photo_131.jpg,254,Buffalo 3,Spoiled,"(222, 231, 217)"
photo_132.jpg,256,Buffalo 3,Spoiled,"(222, 231, 217)"
photo_133.jpg,258,Buffalo 3,Spoiled,"(222, 231, 217)"
photo_134.jpg,260,Buffalo 3,Spoiled,"(222, 231, 217)"
photo_135.jpg,262,Buffalo 3,Spoiled,"(222, 231, 217)"
photo_136.jpg,264,Buffalo 3,Spoiled,"(222, 231, 216)"
photo_137.jpg,266,Buffalo 3,Spoiled,"(222, 231, 217)"
photo_138.jpg,268,Buffalo 3,Spoiled,"(222, 231, 216)"
photo_139.jpg,270,Buffalo 3,Spoiled,"(222, 231, 217)"
photo_140.jpg,272,Buffalo 3,Spoiled,"(222, 231, 217)"
photo_141.jpg,274,Buffalo 3,Spoiled,"(222, 231, 217)"
photo_142.jpg,276,Buffalo 3,Spoiled,"(222, 231, 217)"
photo_143.jpg,278,Buffalo 3,Spoiled,"(222, 231, 217)"
photo_144.jpg,280,Buffalo 3,Spoiled,"(222, 231, 217)"
photo_145.jpg,282,Buffalo 3,Spoiled,"(222, 231, 216)"
photo_146.jpg,284,Buffalo 3,Spoiled,"(222, 231, 216)"
photo_147.jpg,286,Buffalo 3,Spoiled,"(222, 231, 216)"
photo_148.jpg,288,Buffalo 3,Spoiled,"(222, 231, 216)"
photo_149.jpg,290,Buffalo 3,Spoiled,"(222, 231, 216)"
photo_150.jpg,292,Buffalo 3,Spoiled,"(222, 231, 217)"
photo_151.jpg,294,Buffalo 3,Spoiled,"(222, 231, 217)"
photo_152.jpg,296,Buffalo 3,Spoiled,"(222, 231, 216)"
photo_153.jpg,298,Buffalo 3,Spoiled,"(222, 231, 216)"
photo_154.jpg,300,Buffalo 3,Spoiled,"(222, 231, 217)"
photo_155.jpg,302,Buffalo 3,Spoiled,"(222, 231, 216)"
photo_156.jpg,304,Buffalo 3,Spoiled,"(222, 231, 216)"
photo_157.jpg,306,Buffalo 3,Spoiled,"(222, 231, 216)"
photo_158.jpg,308,Buffalo 3,Spoiled,"(222, 231, 216)"
photo_159.jpg,310,Buffalo 3,Spoiled,"(222, 231, 216)"
photo_160.jpg,312,Buffalo 3,Spoiled,"(222, 231, 216)"
photo_161.jpg,314,Buffalo 3,Spoiled,"(222, 231, 216)"
photo_162.jpg,316,Buffalo 3,Spoiled,"(222, 231, 216)"
photo_163.jpg,318,Buffalo 3,Spoiled,"(222, 231, 216)"
photo_164.jpg,320,Buffalo 3,Spoiled,"(222, 231, 216)"
photo_165.jpg,322,Buffalo 3,Spoiled,"(222, 231, 216)"
photo_166.jpg,324,Buffalo 3,Spoiled,"(222, 231, 216)"
photo_167.jpg,326,Buffalo 3,Spoiled,"(222, 231, 216)"
photo_168.jpg,328,Buffalo 3,Spoiled,"(222, 231, 216)"
photo_169.jpg,330,Buffalo 3,Spoiled,"(222, 231, 216)"
photo_170.jpg,332,Buffalo 3,Spoiled,"(222, 231, 216)"
photo_171.jpg,334,Buffalo 3,Spoiled,"(222, 231, 216)"
photo_172.jpg,336,Buffalo 3,Spoiled,"(222, 231, 216)"
photo_173.jpg,338,Buffalo 3,Spoiled,"(222, 231, 216)"
photo_174.jpg,340,Buffalo 3,Spoiled,"(222, 231, 216)"
photo_175.jpg,342,Buffalo 3,Spoiled,"(222, 231, 216)"
photo_176.jpg,344,Buffalo 3,Spoiled,"(222, 231, 216)"
photo_177.jpg,346,Buffalo 3,Spoiled,"(222, 231, 216)"
photo_178.jpg,348,Buffalo 3,Spoiled,"(222, 231, 216)"
photo_179.jpg,350,Buffalo 3,Spoiled,"(222, 231, 216)"
photo_180.jpg,352,Buffalo 3,Spoiled,"(222, 231, 216)"
photo_181.jpg,354,Buffalo 3,Spoiled,"(222, 231, 216)"
photo_182.jpg,356,Buffalo 3,Spoiled,"(222, 231, 216)"
photo_183.jpg,358,Buffalo 3,Spoiled,"(222, 231, 216)"
photo_184.jpg,360,Buffalo 3,Spoiled,"(222, 231, 216)"
photo_185.jpg,362,Buffalo 3,Spoiled,"(222, 231, 216)"
photo_186.jpg,364,Buffalo 3,Spoiled,"(222, 231, 216)"
photo_187.jpg,366,Buffalo 3,Spoiled,"(222, 231, 216)"
photo_188.jpg,368,Buffalo 3,Spoiled,"(222, 231, 216)"
photo_189.jpg,370,Buffalo 3,Spoiled,"(222, 231, 216)"
photo_190.jpg,372,Buffalo 3,Spoiled,"(222, 231, 216)"
photo_191.jpg,374,Buffalo 3,Spoiled,"(222, 231, 216)"
photo_192.jpg,376,Buffalo 3,Spoiled,"(222, 231, 216)"
photo_193.jpg,378,Buffalo 3,Spoiled,"(222, 231, 216)"
photo_194.jpg,380,Buffalo 3,Spoiled,"(222, 231, 216)"
photo_195.jpg,382,Buffalo 3,Spoiled,"(222, 231, 216)"
photo_196.jpg,384,Buffalo 3,Spoiled,"(222, 231, 216)"
photo_197.jpg,386,Buffalo 3,Spoiled,"(222, 231, 216)"
photo_198.jpg,388,Buffalo 3,Spoiled,"(222, 230, 216)"
photo_199.jpg,390,Buffalo 3,Spoiled,"(222, 230, 216)"
photo_200.jpg,392,Buffalo 3,Spoiled,"(222, 230, 216)"
photo_201.jpg,394,Buffalo 3,Spoiled,"(222, 230, 216)"
photo_202.jpg,396,Buffalo 3,Spoiled,"(222, 230, 216)"
photo_203.jpg,398,Buffalo 3,Spoiled,"(222, 230, 216)"
photo_204.jpg,400,Buffalo 3,Spoiled,"(222, 230, 216)"
photo_205.jpg,402,Buffalo 3,Spoiled,"(222, 231, 216)"
photo_206.jpg,404,Buffalo 3,Spoiled,"(222, 230, 216)"
photo_207.jpg,406,Buffalo 3,Spoiled,"(222, 230, 216)"
photo_208.jpg,408,Buffalo 3,Spoiled,"(222, 230, 216)"
photo_209.jpg,410,Buffalo 3,Spoiled,"(222, 230, 216)"
photo_210.jpg,412,Buffalo 3,Spoiled,"(222, 230, 216)"
photo_211.jpg,414,Buffalo 3,Spoiled,"(222, 230, 216)"
photo_212.jpg,416,Buffalo 3,Spoiled,"(222, 230, 216)"
photo_213.jpg,418,Buffalo 3,Spoiled,"(222, 230, 215)"
photo_214.jpg,420,Buffalo 3,Spoiled,"(222, 230, 216)"
photo_215.jpg,422,Buffalo 3,Spoiled,"(222, 230, 216)"
photo_216.jpg,424,Buffalo 3,Spoiled,"(222, 230, 215)"
photo_217.jpg,426,Buffalo 3,Spoiled,"(222, 230, 215)"
photo_218.jpg,428,Buffalo 3,Spoiled,"(222, 230, 215)"
photo_219.jpg,430,Buffalo 3,Spoiled,"(222, 230, 216)"
photo_220.jpg,432,Buffalo 3,Spoiled,"(222, 230, 215)"
photo_221.jpg,434,Buffalo 3,Spoiled,"(222, 230, 215)"
photo_222.jpg,436,Buffalo 3,Spoiled,"(222, 230, 215)"
photo_223.jpg,438,Buffalo 3,Spoiled,"(221, 230, 215)"
photo_224.jpg,440,Buffalo 3,Spoiled,"(222, 230, 215)"
photo_225.jpg,442,Buffalo 3,Spoiled,"(221, 230, 215)"
photo_226.jpg,444,Buffalo 3,Spoiled,"(222, 230, 215)"
photo_227.jpg,446,Buffalo 3,Spoiled,"(222, 230, 215)"
photo_228.jpg,448,Buffalo 3,Spoiled,"(221, 230, 215)"
photo_229.jpg,450,Buffalo 3,Spoiled,"(221, 230, 215)"
photo_230.jpg,452,Buffalo 3,Spoiled,"(221, 230, 215)"
photo_231.jpg,454,Buffalo 3,Spoiled,"(222, 230, 215)"
photo_232.jpg,456,Buffalo 3,Spoiled,"(222, 230, 215)"
photo_233.jpg,458,Buffalo 3,Spoiled,"(221, 230, 215)"
photo_234.jpg,460,Buffalo 3,Spoiled,"(221, 230, 215)"
photo_235.jpg,462,Buffalo 3,Spoiled,"(221, 230, 215)"
photo_236.jpg,464,Buffalo 3,Spoiled,"(221, 230, 215)"
photo_237.jpg,466,Buffalo 3,Spoiled,"(221, 230, 218)"
photo_238.jpg,468,Buffalo 3,Spoiled,"(221, 230, 218)"
photo_239.jpg,470,Buffalo 3,Spoiled,"(221, 230, 218)"
photo_240.jpg,472,Buffalo 3,Spoiled,"(221, 230, 218)"
photo_241.jpg,474,Buffalo 3,Spoiled,"(221, 230, 218)"
photo_242.jpg,476,Buffalo 3,Spoiled,"(221, 230, 218)"
photo_243.jpg,478,Buffalo 3,Spoiled,"(221, 230, 218)"
photo_244.jpg,480,Buffalo 3,Spoiled,"(221, 230, 218)"
photo_245.jpg,482,Buffalo 3,Spoiled,"(221, 230, 218)"
photo_246.jpg,484,Buffalo 3,Spoiled,"(221, 230, 218)"
photo_247.jpg,486,Buffalo 3,Spoiled,"(221, 229, 218)"
photo_248.jpg,488,Buffalo 3,Spoiled,"(221, 229, 218)"
photo_249.jpg,490,Buffalo 3,Spoiled,"(221, 230, 218)"
photo_250.jpg,492,Buffalo 3,Spoiled,"(221, 230, 218)"
photo_251.jpg,494,Buffalo 3,Spoiled,"(221, 229, 218)"
photo_252.jpg,496,Buffalo 3,Spoiled,"(221, 229, 218)"
photo_253.jpg,498,Buffalo 3,Spoiled,"(221, 229, 218)"
photo_3.jpg,2,Buffalo 1,Mildly Spoiled,"(182, 215, 227)"
photo_4.jpg,4,Buffalo 1,Mildly Spoiled,"(185, 219, 230)"
photo_5.jpg,6,Buffalo 1,Mildly Spoiled,"(186, 220, 232)"
photo_6.jpg,8,Buffalo 1,Mildly Spoiled,"(186, 221, 233)"
photo_7.jpg,10,Buffalo 1,Mildly Spoiled,"(187, 221, 233)"
photo_8.jpg,12,Buffalo 1,Mildly Spoiled,"(186, 221, 234)"
photo_9.jpg,14,Buffalo 1,Mildly Spoiled,"(187, 222, 231)"
photo_10.jpg,16,Buffalo 1,Mildly Spoiled,"(187, 222, 231)"
photo_11.jpg,18,Buffalo 1,Mildly Spoiled,"(187, 222, 232)"
photo_12.jpg,20,Buffalo 1,Mildly Spoiled,"(187, 222, 232)"
photo_13.jpg,22,Buffalo 1,Mildly Spoiled,"(187, 222, 232)"
photo_14.jpg,24,Buffalo 1,Mildly Spoiled,"(187, 222, 231)"
photo_15.jpg,26,Buffalo 1,Mildly Spoiled,"(187, 223, 231)"
photo_16.jpg,28,Buffalo 1,Mildly Spoiled,"(188, 223, 232)"
photo_17.jpg,30,Buffalo 1,Mildly Spoiled,"(188, 223, 232)"
photo_18.jpg,32,Buffalo 1,Mildly Spoiled,"(188, 223, 232)"
photo_19.jpg,34,Buffalo 1,Mildly Spoiled,"(182, 218, 236)"
photo_20.jpg,36,Buffalo 1,Mildly Spoiled,"(182, 218, 236)"
photo_21.jpg,38,Buffalo 1,Mildly Spoiled,"(182, 218, 236)"
photo_22.jpg,40,Buffalo 1,Mildly Spoiled,"(182, 219, 235)"
photo_23.jpg,42,Buffalo 1,Mildly Spoiled,"(182, 219, 236)"
photo_24.jpg,44,Buffalo 1,Mildly Spoiled,"(183, 219, 236)"
photo_25.jpg,46,Buffalo 1,Mildly Spoiled,"(183, 219, 236)"
photo_26.jpg,48,Buffalo 1,Mildly Spoiled,"(183, 220, 236)"
photo_27.jpg,50,Buffalo 1,Mildly Spoiled,"(183, 219, 236)"
photo_28.jpg,52,Buffalo 1,Mildly Spoiled,"(183, 220, 236)"
photo_29.jpg,54,Buffalo 1,Mildly Spoiled,"(183, 220, 236)"
photo_30.jpg,56,Buffalo 1,Mildly Spoiled,"(184, 220, 236)"
photo_31.jpg,58,Buffalo 1,Mildly Spoiled,"(184, 220, 236)"
photo_32.jpg,60,Buffalo 1,Mildly Spoiled,"(184, 220, 236)"
photo_33.jpg,62,Buffalo 1,Mildly Spoiled,"(184, 220, 236)"
photo_34.jpg,64,Buffalo 1,Mildly Spoiled,"(185, 220, 236)"
photo_35.jpg,66,Buffalo 1,Mildly Spoiled,"(185, 221, 236)"
photo_36.jpg,68,Buffalo 1,Mildly Spoiled,"(185, 220, 236)"
photo_37.jpg,70,Buffalo 1,Mildly Spoiled,"(185, 221, 236)"
photo_38.jpg,72,Buffalo 1,Mildly Spoiled,"(185, 221, 236)"
photo_39.jpg,74,Buffalo 1,Mildly Spoiled,"(186, 221, 236)"
photo_40.jpg,76,Buffalo 1,Mildly Spoiled,"(186, 221, 236)"
photo_41.jpg,78,Buffalo 1,Mildly Spoiled,"(186, 221, 236)"
photo_42.jpg,80,Buffalo 1,Mildly Spoiled,"(186, 222, 236)"
photo_43.jpg,82,Buffalo 1,Mildly Spoiled,"(187, 222, 236)"
photo_44.jpg,84,Buffalo 1,Mildly Spoiled,"(187, 222, 236)"
photo_45.jpg,86,Buffalo 1,Mildly Spoiled,"(187, 222, 236)"
photo_46.jpg,88,Buffalo 1,Mildly Spoiled,"(187, 222, 236)"
photo_47.jpg,90,Buffalo 1,Mildly Spoiled,"(187, 222, 236)"
photo_48.jpg,92,Buffalo 1,Mildly Spoiled,"(187, 222, 236)"
photo_49.jpg,94,Buffalo 1,Mildly Spoiled,"(188, 222, 236)"
photo_50.jpg,96,Buffalo 1,Mildly Spoiled,"(188, 223, 236)"
photo_51.jpg,98,Buffalo 1,Mildly Spoiled,"(188, 223, 236)"
photo_52.jpg,100,Buffalo 1,Mildly Spoiled,"(188, 223, 236)"
photo_53.jpg,102,Buffalo 1,Mildly Spoiled,"(188, 223, 236)"
photo_54.jpg,104,Buffalo 1,Mildly Spoiled,"(188, 223, 236)"
photo_55.jpg,106,Buffalo 1,Mildly Spoiled,"(189, 223, 236)"
photo_56.jpg,108,Buffalo 1,Mildly Spoiled,"(189, 224, 236)"
photo_57.jpg,110,Buffalo 1,Mildly Spoiled,"(189, 224, 236)"
photo_58.jpg,112,Buffalo 1,Mildly Spoiled,"(190, 224, 236)"
photo_59.jpg,114,Buffalo 1,Mildly Spoiled,"(190, 224, 236)"
photo_60.jpg,116,Buffalo 1,Mildly Spoiled,"(190, 224, 236)"
photo_61.jpg,118,Buffalo 1,Mildly Spoiled,"(190, 224, 236)"
photo_62.jpg,120,Buffalo 1,Mildly Spoiled,"(190, 224, 236)"
photo_63.jpg,122,Buffalo 1,Mildly Spoiled,"(191, 225, 236)"
photo_64.jpg,124,Buffalo 1,Mildly Spoiled,"(191, 225, 236)"
photo_65.jpg,126,Buffalo 1,Mildly Spoiled,"(191, 225, 236)"
photo_66.jpg,128,Buffalo 1,Mildly Spoiled,"(191, 225, 236)"
photo_67.jpg,130,Buffalo 1,Mildly Spoiled,"(191, 225, 236)"
photo_68.jpg,132,Buffalo 1,Mildly Spoiled,"(192, 225, 236)"
photo_69.jpg,134,Buffalo 1,Mildly Spoiled,"(192, 226, 236)"
photo_70.jpg,136,Buffalo 1,Mildly Spoiled,"(192, 226, 236)"
photo_71.jpg,138,Buffalo 1,Mildly Spoiled,"(192, 226, 236)"
photo_72.jpg,140,Buffalo 1,Mildly Spoiled,"(193, 226, 236)"
photo_73.jpg,142,Buffalo 1,Mildly Spoiled,"(193, 226, 236)"
photo_74.jpg,144,Buffalo 1,Mildly Spoiled,"(193, 226, 236)"
photo_75.jpg,146,Buffalo 1,Mildly Spoiled,"(193, 226, 236)"
photo_76.jpg,148,Buffalo 1,Mildly Spoiled,"(194, 227, 236)"
photo_77.jpg,150,Buffalo 1,Mildly Spoiled,"(194, 227, 236)"
photo_78.jpg,152,Buffalo 1,Mildly Spoiled,"(194, 227, 236)"
photo_79.jpg,154,Buffalo 1,Mildly Spoiled,"(194, 227, 236)"
photo_80.jpg,156,Buffalo 1,Mildly Spoiled,"(195, 227, 236)"
photo_81.jpg,158,Buffalo 1,Mildly Spoiled,"(195, 228, 236)"
photo_82.jpg,160,Buffalo 1,Mildly Spoiled,"(196, 228, 236)"
photo_83.jpg,162,Buffalo 1,Mildly Spoiled,"(196, 228, 236)"
photo_84.jpg,164,Buffalo 1,Mildly Spoiled,"(196, 228, 236)"
photo_85.jpg,166,Buffalo 1,Mildly Spoiled,"(197, 229, 236)"
photo_86.jpg,168,Buffalo 1,Mildly Spoiled,"(197, 229, 236)"
photo_87.jpg,170,Buffalo 1,Mildly Spoiled,"(197, 229, 236)"
photo_88.jpg,172,Buffalo 1,Mildly Spoiled,"(198, 229, 236)"
photo_89.jpg,174,Buffalo 1,Mildly Spoiled,"(198, 229, 236)"
photo_90.jpg,176,Buffalo 1,Mildly Spoiled,"(198, 230, 236)"
photo_91.jpg,178,Buffalo 1,Mildly Spoiled,"(199, 230, 236)"
photo_92.jpg,180,Buffalo 1,Mildly Spoiled,"(199, 230, 236)"
photo_93.jpg,182,Buffalo 1,Mildly Spoiled,"(199, 230, 236)"
photo_94.jpg,184,Buffalo 1,Mildly Spoiled,"(200, 230, 236)"
photo_95.jpg,186,Buffalo 1,Mildly Spoiled,"(200, 231, 236)"
photo_96.jpg,188,Buffalo 1,Mildly Spoiled,"(201, 231, 236)"
photo_97.jpg,190,Buffalo 1,Mildly Spoiled,"(201, 231, 236)"
photo_98.jpg,192,Buffalo 1,Mildly Spoiled,"(201, 231, 236)"
photo_99.jpg,194,Buffalo 1,Mildly Spoiled,"(202, 231, 236)"
photo_100.jpg,196,Buffalo 1,Mildly Spoiled,"(202, 232, 236)"
photo_101.jpg,198,Buffalo 1,Mildly Spoiled,"(203, 232, 236)"
photo_102.jpg,200,Buffalo 1,Mildly Spoiled,"(203, 232, 236)"
photo_103.jpg,202,Buffalo 1,Mildly Spoiled,"(203, 232, 236)"
photo_104.jpg,204,Buffalo 1,Mildly Spoiled,"(204, 233, 236)"
photo_105.jpg,206,Buffalo 1,Mildly Spoiled,"(204, 233, 236)"
photo_106.jpg,208,Buffalo 1,Mildly Spoiled,"(205, 233, 236)"
photo_107.jpg,210,Buffalo 1,Mildly Spoiled,"(205, 234, 236)"
photo_108.jpg,212,Buffalo 1,Mildly Spoiled,"(206, 234, 236)"
photo_109.jpg,214,Buffalo 1,Mildly Spoiled,"(206, 234, 236)"
photo_110.jpg,216,Buffalo 1,Mildly Spoiled,"(207, 234, 236)"
photo_111.jpg,218,Buffalo 1,Mildly Spoiled,"(208, 235, 236)"
photo_112.jpg,220,Buffalo 1,Mildly Spoiled,"(208, 235, 236)"
photo_113.jpg,222,Buffalo 1,Mildly Spoiled,"(208, 235, 236)"
photo_114.jpg,224,Buffalo 1,Mildly Spoiled,"(209, 235, 236)"
photo_115.jpg,226,Buffalo 1,Mildly Spoiled,"(209, 236, 236)"
photo_116.jpg,228,Buffalo 1,Mildly Spoiled,"(210, 236, 236)"
photo_117.jpg,230,Buffalo 1,Mildly Spoiled,"(211, 236, 236)"
photo_118.jpg,232,Buffalo 1,Mildly Spoiled,"(211, 237, 236)"
photo_119.jpg,234,Buffalo 1,Mildly Spoiled,"(212, 237, 236)"
photo_120.jpg,236,Buffalo 1,Mildly Spoiled,"(212, 237, 236)"
photo_121.jpg,238,Buffalo 1,Mildly Spoiled,"(213, 238, 236)"
photo_122.jpg,240,Buffalo 1,Mildly Spoiled,"(214, 238, 236)"
photo_123.jpg,242,Buffalo 1,Mildly Spoiled,"(214, 238, 236)"
photo_124.jpg,244,Buffalo 1,Mildly Spoiled,"(215, 239, 236)"
photo_125.jpg,246,Buffalo 1,Mildly Spoiled,"(216, 239, 236)"
photo_126.jpg,248,Buffalo 1,Mildly Spoiled,"(216, 239, 236)"
photo_127.jpg,250,Buffalo 1,Mildly Spoiled,"(217, 239, 236)"
photo_128.jpg,252,Buffalo 1,Mildly Spoiled,"(218, 240, 236)"
photo_129.jpg,254,Buffalo 1,Mildly Spoiled,"(219, 240, 236)"
photo_130.jpg,256,Buffalo 1,Mildly Spoiled,"(219, 241, 236)"
photo_131.jpg,258,Buffalo 1,Mildly Spoiled,"(221, 241, 236)"
photo_132.jpg,260,Buffalo 1,Mildly Spoiled,"(221, 241, 236)"
photo_133.jpg,262,Buffalo 1,Mildly Spoiled,"(222, 242, 236)"
photo_134.jpg,264,Buffalo 1,Mildly Spoiled,"(223, 242, 236)"
photo_135.jpg,266,Buffalo 1,Mildly Spoiled,"(224, 242, 236)"
photo_136.jpg,268,Buffalo 1,Mildly Spoiled,"(225, 242, 236)"
photo_137.jpg,270,Buffalo 1,Mildly Spoiled,"(226, 243, 236)"
photo_138.jpg,272,Buffalo 1,Mildly Spoiled,"(227, 243, 236)"
photo_139.jpg,274,Buffalo 1,Mildly Spoiled,"(228, 243, 236)"
photo_140.jpg,276,Buffalo 1,Mildly Spoiled,"(228, 243, 238)"
photo_141.jpg,278,Buffalo 1,Mildly Spoiled,"(229, 244, 239)"
photo_142.jpg,280,Buffalo 1,Mildly Spoiled,"(230, 244, 238)"
photo_143.jpg,282,Buffalo 1,Mildly Spoiled,"(231, 244, 238)"
photo_144.jpg,284,Buffalo 1,Mildly Spoiled,"(232, 244, 238)"
photo_145.jpg,286,Buffalo 1,Mildly Spoiled,"(233, 245, 238)"
photo_146.jpg,288,Buffalo 1,Mildly Spoiled,"(234, 245, 238)"
photo_147.jpg,290,Buffalo 1,Mildly Spoiled,"(234, 245, 238)"
photo_148.jpg,292,Buffalo 1,Mildly Spoiled,"(235, 245, 238)"
photo_149.jpg,294,Buffalo 1,Mildly Spoiled,"(236, 245, 238)"
photo_150.jpg,296,Buffalo 1,Mildly Spoiled,"(236, 246, 238)"
photo_151.jpg,298,Buffalo 1,Mildly Spoiled,"(237, 246, 238)"
photo_152.jpg,300,Buffalo 1,Mildly Spoiled,"(238, 246, 238)"
photo_153.jpg,302,Buffalo 1,Mildly Spoiled,"(238, 246, 238)"
photo_154.jpg,304,Buffalo 1,Mildly Spoiled,"(239, 246, 238)"
photo_155.jpg,306,Buffalo 1,Mildly Spoiled,"(239, 246, 238)"
photo_156.jpg,308,Buffalo 1,Mildly Spoiled,"(239, 246, 238)"
photo_157.jpg,310,Buffalo 1,Mildly Spoiled,"(240, 246, 237)"
photo_158.jpg,312,Buffalo 1,Mildly Spoiled,"(240, 247, 237)"
photo_159.jpg,314,Buffalo 1,Mildly Spoiled,"(240, 247, 237)"
photo_160.jpg,316,Buffalo 1,Mildly Spoiled,"(241, 247, 237)"
photo_161.jpg,318,Buffalo 1,Mildly Spoiled,"(241, 247, 237)"
photo_162.jpg,320,Buffalo 1,Mildly Spoiled,"(241, 247, 237)"
photo_163.jpg,322,Buffalo 1,Mildly Spoiled,"(241, 247, 237)"
photo_164.jpg,324,Buffalo 1,Mildly Spoiled,"(241, 247, 237)"
photo_165.jpg,326,Buffalo 1,Mildly Spoiled,"(241, 247, 237)"
photo_166.jpg,328,Buffalo 1,Mildly Spoiled,"(241, 247, 237)"
photo_167.jpg,330,Buffalo 1,Mildly Spoiled,"(241, 247, 237)"
photo_168.jpg,332,Buffalo 1,Mildly Spoiled,"(241, 247, 237)"
photo_169.jpg,334,Buffalo 1,Mildly Spoiled,"(241, 247, 237)"
photo_170.jpg,336,Buffalo 1,Mildly Spoiled,"(242, 247, 237)"
photo_171.jpg,338,Buffalo 1,Mildly Spoiled,"(242, 247, 237)"
photo_172.jpg,340,Buffalo 1,Mildly Spoiled,"(242, 247, 237)"
photo_173.jpg,342,Buffalo 1,Mildly Spoiled,"(242, 247, 237)"
photo_174.jpg,344,Buffalo 1,Mildly Spoiled,"(242, 247, 237)"
photo_175.jpg,346,Buffalo 1,Mildly Spoiled,"(242, 247, 237)"
photo_176.jpg,348,Buffalo 1,Mildly Spoiled,"(242, 247, 237)"
photo_177.jpg,350,Buffalo 1,Mildly Spoiled,"(242, 247, 237)"
photo_178.jpg,352,Buffalo 1,Mildly Spoiled,"(242, 247, 237)"
photo_179.jpg,354,Buffalo 1,Mildly Spoiled,"(242, 247, 237)"
photo_180.jpg,356,Buffalo 1,Mildly Spoiled,"(242, 247, 237)"
photo_181.jpg,358,Buffalo 1,Mildly Spoiled,"(242, 247, 237)"
photo_182.jpg,360,Buffalo 1,Mildly Spoiled,"(242, 247, 237)"
photo_183.jpg,362,Buffalo 1,Mildly Spoiled,"(242, 247, 237)"
photo_184.jpg,364,Buffalo 1,Mildly Spoiled,"(242, 247, 237)"
photo_185.jpg,366,Buffalo 1,Mildly Spoiled,"(242, 247, 237)"
photo_186.jpg,368,Buffalo 1,Mildly Spoiled,"(242, 247, 237)"
photo_187.jpg,370,Buffalo 1,Mildly Spoiled,"(242, 247, 237)"
photo_188.jpg,372,Buffalo 1,Mildly Spoiled,"(242, 247, 237)"
photo_189.jpg,374,Buffalo 1,Mildly Spoiled,"(242, 247, 237)"
photo_190.jpg,376,Buffalo 1,Mildly Spoiled,"(242, 247, 237)"
photo_191.jpg,378,Buffalo 1,Mildly Spoiled,"(242, 247, 237)"
photo_192.jpg,380,Buffalo 1,Mildly Spoiled,"(242, 247, 237)"
photo_193.jpg,382,Buffalo 1,Mildly Spoiled,"(242, 247, 237)"
photo_194.jpg,384,Buffalo 1,Mildly Spoiled,"(242, 247, 237)"
photo_195.jpg,386,Buffalo 1,Mildly Spoiled,"(242, 247, 237)"
photo_196.jpg,388,Buffalo 1,Mildly Spoiled,"(242, 247, 237)"
photo_197.jpg,390,Buffalo 1,Mildly Spoiled,"(242, 247, 237)"
photo_198.jpg,392,Buffalo 1,Mildly Spoiled,"(242, 247, 237)"
photo_199.jpg,394,Buffalo 1,Mildly Spoiled,"(242, 247, 236)"
photo_200.jpg,396,Buffalo 1,Mildly Spoiled,"(243, 247, 237)"
photo_201.jpg,398,Buffalo 1,Mildly Spoiled,"(242, 247, 237)"
photo_202.jpg,400,Buffalo 1,Mildly Spoiled,"(243, 247, 236)"
photo_203.jpg,402,Buffalo 1,Mildly Spoiled,"(243, 247, 236)"
photo_204.jpg,404,Buffalo 1,Mildly Spoiled,"(243, 247, 237)"
photo_205.jpg,406,Buffalo 1,Mildly Spoiled,"(243, 247, 236)"
photo_206.jpg,408,Buffalo 1,Mildly Spoiled,"(243, 247, 237)"
photo_207.jpg,410,Buffalo 1,Mildly Spoiled,"(243, 247, 236)"
photo_208.jpg,412,Buffalo 1,Mildly Spoiled,"(243, 247, 237)"
photo_209.jpg,414,Buffalo 1,Mildly Spoiled,"(243, 247, 236)"
photo_210.jpg,416,Buffalo 1,Mildly Spoiled,"(243, 247, 236)"
photo_211.jpg,418,Buffalo 1,Mildly Spoiled,"(243, 247, 237)"
photo_212.jpg,420,Buffalo 1,Mildly Spoiled,"(243, 247, 236)"
photo_213.jpg,422,Buffalo 1,Mildly Spoiled,"(243, 247, 236)"
photo_214.jpg,424,Buffalo 1,Mildly Spoiled,"(243, 247, 236)"
photo_215.jpg,426,Buffalo 1,Mildly Spoiled,"(243, 247, 237)"
photo_216.jpg,428,Buffalo 1,Mildly Spoiled,"(243, 247, 236)"
photo_217.jpg,430,Buffalo 1,Mildly Spoiled,"(243, 247, 236)"
photo_218.jpg,432,Buffalo 1,Mildly Spoiled,"(243, 247, 236)"
photo_219.jpg,434,Buffalo 1,Mildly Spoiled,"(243, 247, 236)"
photo_220.jpg,436,Buffalo 1,Mildly Spoiled,"(243, 247, 236)"
photo_221.jpg,438,Buffalo 1,Mildly Spoiled,"(243, 247, 236)"
photo_222.jpg,440,Buffalo 1,Mildly Spoiled,"(243, 247, 236)"
photo_223.jpg,442,Buffalo 1,Mildly Spoiled,"(243, 247, 236)"
photo_224.jpg,444,Buffalo 1,Mildly Spoiled,"(243, 247, 236)"
photo_225.jpg,446,Buffalo 1,Mildly Spoiled,"(243, 247, 236)"
photo_226.jpg,448,Buffalo 1,Mildly Spoiled,"(243, 247, 236)"
photo_227.jpg,450,Buffalo 1,Mildly Spoiled,"(243, 247, 236)"
photo_228.jpg,452,Buffalo 1,Mildly Spoiled,"(243, 247, 236)"
photo_229.jpg,454,Buffalo 1,Mildly Spoiled,"(243, 247, 236)"
photo_230.jpg,456,Buffalo 1,Mildly Spoiled,"(243, 247, 236)"
photo_231.jpg,458,Buffalo 1,Mildly Spoiled,"(243, 247, 236)"
photo_232.jpg,460,Buffalo 1,Mildly Spoiled,"(243, 247, 236)"
photo_233.jpg,462,Buffalo 1,Mildly Spoiled,"(243, 247, 236)"
photo_3.jpg,2,Buffalo 2,Mildly Spoiled,"(176, 214, 227)"
photo_4.jpg,4,Buffalo 2,Mildly Spoiled,"(177, 218, 231)"
photo_5.jpg,6,Buffalo 2,Mildly Spoiled,"(179, 220, 233)"
photo_6.jpg,8,Buffalo 2,Mildly Spoiled,"(180, 221, 234)"
photo_7.jpg,10,Buffalo 2,Mildly Spoiled,"(181, 222, 235)"
photo_8.jpg,12,Buffalo 2,Mildly Spoiled,"(183, 223, 235)"
photo_9.jpg,14,Buffalo 2,Mildly Spoiled,"(183, 223, 233)"
photo_10.jpg,16,Buffalo 2,Mildly Spoiled,"(184, 224, 233)"
photo_11.jpg,18,Buffalo 2,Mildly Spoiled,"(185, 224, 233)"
photo_12.jpg,20,Buffalo 2,Mildly Spoiled,"(185, 225, 233)"
photo_13.jpg,22,Buffalo 2,Mildly Spoiled,"(185, 225, 233)"
photo_14.jpg,24,Buffalo 2,Mildly Spoiled,"(186, 225, 233)"
photo_15.jpg,26,Buffalo 2,Mildly Spoiled,"(186, 225, 233)"
photo_16.jpg,28,Buffalo 2,Mildly Spoiled,"(186, 226, 233)"
photo_17.jpg,30,Buffalo 2,Mildly Spoiled,"(187, 226, 233)"
photo_18.jpg,32,Buffalo 2,Mildly Spoiled,"(187, 226, 233)"
photo_19.jpg,34,Buffalo 2,Mildly Spoiled,"(184, 219, 230)"
photo_20.jpg,36,Buffalo 2,Mildly Spoiled,"(184, 219, 230)"
photo_21.jpg,38,Buffalo 2,Mildly Spoiled,"(185, 219, 230)"
photo_22.jpg,40,Buffalo 2,Mildly Spoiled,"(185, 219, 230)"
photo_23.jpg,42,Buffalo 2,Mildly Spoiled,"(185, 220, 230)"
photo_24.jpg,44,Buffalo 2,Mildly Spoiled,"(185, 220, 230)"
photo_25.jpg,46,Buffalo 2,Mildly Spoiled,"(185, 220, 230)"
photo_26.jpg,48,Buffalo 2,Mildly Spoiled,"(185, 220, 230)"
photo_27.jpg,50,Buffalo 2,Mildly Spoiled,"(185, 220, 230)"
photo_28.jpg,52,Buffalo 2,Mildly Spoiled,"(186, 220, 230)"
photo_29.jpg,54,Buffalo 2,Mildly Spoiled,"(186, 220, 230)"
photo_30.jpg,56,Buffalo 2,Mildly Spoiled,"(186, 220, 230)"
photo_31.jpg,58,Buffalo 2,Mildly Spoiled,"(187, 220, 230)"
photo_32.jpg,60,Buffalo 2,Mildly Spoiled,"(186, 221, 231)"
photo_33.jpg,62,Buffalo 2,Mildly Spoiled,"(187, 221, 230)"
photo_34.jpg,64,Buffalo 2,Mildly Spoiled,"(187, 221, 230)"
photo_35.jpg,66,Buffalo 2,Mildly Spoiled,"(187, 221, 230)"
photo_36.jpg,68,Buffalo 2,Mildly Spoiled,"(187, 221, 230)"
photo_37.jpg,70,Buffalo 2,Mildly Spoiled,"(188, 221, 231)"
photo_38.jpg,72,Buffalo 2,Mildly Spoiled,"(188, 221, 230)"
photo_39.jpg,74,Buffalo 2,Mildly Spoiled,"(188, 222, 230)"
photo_40.jpg,76,Buffalo 2,Mildly Spoiled,"(188, 222, 231)"
photo_41.jpg,78,Buffalo 2,Mildly Spoiled,"(189, 222, 230)"
photo_42.jpg,80,Buffalo 2,Mildly Spoiled,"(189, 222, 231)"
photo_43.jpg,82,Buffalo 2,Mildly Spoiled,"(189, 222, 230)"
photo_44.jpg,84,Buffalo 2,Mildly Spoiled,"(189, 222, 230)"
photo_45.jpg,86,Buffalo 2,Mildly Spoiled,"(190, 223, 230)"
photo_46.jpg,88,Buffalo 2,Mildly Spoiled,"(190, 223, 230)"
photo_47.jpg,90,Buffalo 2,Mildly Spoiled,"(191, 223, 230)"
photo_48.jpg,92,Buffalo 2,Mildly Spoiled,"(190, 223, 230)"
photo_49.jpg,94,Buffalo 2,Mildly Spoiled,"(191, 223, 230)"
photo_50.jpg,96,Buffalo 2,Mildly Spoiled,"(191, 223, 230)"
photo_51.jpg,98,Buffalo 2,Mildly Spoiled,"(191, 223, 230)"
photo_52.jpg,100,Buffalo 2,Mildly Spoiled,"(192, 224, 230)"
photo_53.jpg,102,Buffalo 2,Mildly Spoiled,"(192, 224, 230)"
photo_54.jpg,104,Buffalo 2,Mildly Spoiled,"(192, 224, 230)"
photo_55.jpg,106,Buffalo 2,Mildly Spoiled,"(193, 224, 230)"
photo_56.jpg,108,Buffalo 2,Mildly Spoiled,"(193, 224, 230)"
photo_57.jpg,110,Buffalo 2,Mildly Spoiled,"(193, 224, 230)"
photo_58.jpg,112,Buffalo 2,Mildly Spoiled,"(194, 225, 230)"
photo_59.jpg,114,Buffalo 2,Mildly Spoiled,"(194, 225, 231)"
photo_60.jpg,116,Buffalo 2,Mildly Spoiled,"(194, 225, 230)"
photo_61.jpg,118,Buffalo 2,Mildly Spoiled,"(194, 225, 230)"
photo_62.jpg,120,Buffalo 2,Mildly Spoiled,"(195, 225, 230)"
photo_63.jpg,122,Buffalo 2,Mildly Spoiled,"(195, 226, 230)"
photo_64.jpg,124,Buffalo 2,Mildly Spoiled,"(195, 226, 230)"
photo_65.jpg,126,Buffalo 2,Mildly Spoiled,"(196, 226, 230)"
photo_66.jpg,128,Buffalo 2,Mildly Spoiled,"(196, 226, 230)"
photo_67.jpg,130,Buffalo 2,Mildly Spoiled,"(197, 226, 230)"
photo_68.jpg,132,Buffalo 2,Mildly Spoiled,"(197, 226, 230)"
photo_69.jpg,134,Buffalo 2,Mildly Spoiled,"(197, 227, 230)"
photo_70.jpg,136,Buffalo 2,Mildly Spoiled,"(198, 227, 230)"
photo_71.jpg,138,Buffalo 2,Mildly Spoiled,"(198, 227, 230)"
photo_72.jpg,140,Buffalo 2,Mildly Spoiled,"(198, 227, 230)"
photo_73.jpg,142,Buffalo 2,Mildly Spoiled,"(199, 227, 230)"
photo_74.jpg,144,Buffalo 2,Mildly Spoiled,"(199, 228, 230)"
photo_75.jpg,146,Buffalo 2,Mildly Spoiled,"(200, 228, 230)"
photo_76.jpg,148,Buffalo 2,Mildly Spoiled,"(200, 228, 230)"
photo_77.jpg,150,Buffalo 2,Mildly Spoiled,"(201, 228, 230)"
photo_78.jpg,152,Buffalo 2,Mildly Spoiled,"(201, 228, 230)"
photo_79.jpg,154,Buffalo 2,Mildly Spoiled,"(201, 229, 230)"
photo_80.jpg,156,Buffalo 2,Mildly Spoiled,"(202, 229, 231)"
photo_81.jpg,158,Buffalo 2,Mildly Spoiled,"(202, 229, 230)"
photo_82.jpg,160,Buffalo 2,Mildly Spoiled,"(203, 229, 230)"
photo_83.jpg,162,Buffalo 2,Mildly Spoiled,"(203, 230, 230)"
photo_84.jpg,164,Buffalo 2,Mildly Spoiled,"(204, 230, 230)"
photo_85.jpg,166,Buffalo 2,Mildly Spoiled,"(204, 230, 230)"
photo_86.jpg,168,Buffalo 2,Mildly Spoiled,"(205, 230, 230)"
photo_87.jpg,170,Buffalo 2,Mildly Spoiled,"(205, 231, 230)"
photo_88.jpg,172,Buffalo 2,Mildly Spoiled,"(206, 231, 230)"
photo_89.jpg,174,Buffalo 2,Mildly Spoiled,"(206, 231, 230)"
photo_90.jpg,176,Buffalo 2,Mildly Spoiled,"(207, 231, 230)"
photo_91.jpg,178,Buffalo 2,Mildly Spoiled,"(208, 232, 230)"
photo_92.jpg,180,Buffalo 2,Mildly Spoiled,"(208, 232, 230)"
photo_93.jpg,182,Buffalo 2,Mildly Spoiled,"(209, 232, 230)"
photo_94.jpg,184,Buffalo 2,Mildly Spoiled,"(209, 232, 230)"
photo_95.jpg,186,Buffalo 2,Mildly Spoiled,"(210, 233, 230)"
photo_96.jpg,188,Buffalo 2,Mildly Spoiled,"(210, 233, 230)"
photo_97.jpg,190,Buffalo 2,Mildly Spoiled,"(211, 233, 230)"
photo_98.jpg,192,Buffalo 2,Mildly Spoiled,"(211, 233, 230)"
photo_99.jpg,194,Buffalo 2,Mildly Spoiled,"(212, 234, 230)"
photo_100.jpg,196,Buffalo 2,Mildly Spoiled,"(212, 234, 230)"
photo_101.jpg,198,Buffalo 2,Mildly Spoiled,"(213, 234, 230)"
photo_102.jpg,200,Buffalo 2,Mildly Spoiled,"(214, 234, 230)"
photo_103.jpg,202,Buffalo 2,Mildly Spoiled,"(214, 235, 230)"
photo_104.jpg,204,Buffalo 2,Mildly Spoiled,"(215, 235, 230)"
photo_105.jpg,206,Buffalo 2,Mildly Spoiled,"(215, 235, 230)"
photo_106.jpg,208,Buffalo 2,Mildly Spoiled,"(216, 235, 230)"
photo_107.jpg,210,Buffalo 2,Mildly Spoiled,"(217, 236, 230)"
photo_108.jpg,212,Buffalo 2,Mildly Spoiled,"(217, 236, 230)"
photo_109.jpg,214,Buffalo 2,Mildly Spoiled,"(218, 236, 230)"
photo_110.jpg,216,Buffalo 2,Mildly Spoiled,"(218, 236, 230)"
photo_111.jpg,218,Buffalo 2,Mildly Spoiled,"(219, 237, 230)"
photo_112.jpg,220,Buffalo 2,Mildly Spoiled,"(220, 237, 230)"
photo_113.jpg,222,Buffalo 2,Mildly Spoiled,"(220, 237, 230)"
photo_114.jpg,224,Buffalo 2,Mildly Spoiled,"(220, 237, 230)"
photo_115.jpg,226,Buffalo 2,Mildly Spoiled,"(221, 237, 230)"
photo_116.jpg,228,Buffalo 2,Mildly Spoiled,"(222, 238, 230)"
photo_117.jpg,230,Buffalo 2,Mildly Spoiled,"(222, 238, 230)"
photo_118.jpg,232,Buffalo 2,Mildly Spoiled,"(223, 238, 230)"
photo_119.jpg,234,Buffalo 2,Mildly Spoiled,"(223, 238, 230)"
photo_120.jpg,236,Buffalo 2,Mildly Spoiled,"(223, 238, 230)"
photo_121.jpg,238,Buffalo 2,Mildly Spoiled,"(224, 239, 229)"
photo_122.jpg,240,Buffalo 2,Mildly Spoiled,"(225, 239, 230)"
photo_123.jpg,242,Buffalo 2,Mildly Spoiled,"(225, 239, 229)"
photo_124.jpg,244,Buffalo 2,Mildly Spoiled,"(225, 239, 229)"
photo_125.jpg,246,Buffalo 2,Mildly Spoiled,"(226, 239, 229)"
photo_126.jpg,248,Buffalo 2,Mildly Spoiled,"(227, 239, 230)"
photo_127.jpg,250,Buffalo 2,Mildly Spoiled,"(227, 240, 229)"
photo_128.jpg,252,Buffalo 2,Mildly Spoiled,"(228, 240, 229)"
photo_129.jpg,254,Buffalo 2,Mildly Spoiled,"(228, 240, 230)"
photo_130.jpg,256,Buffalo 2,Mildly Spoiled,"(229, 240, 230)"
photo_131.jpg,258,Buffalo 2,Mildly Spoiled,"(229, 240, 229)"
photo_132.jpg,260,Buffalo 2,Mildly Spoiled,"(230, 241, 229)"
photo_133.jpg,262,Buffalo 2,Mildly Spoiled,"(230, 241, 229)"
photo_134.jpg,264,Buffalo 2,Mildly Spoiled,"(231, 241, 229)"
photo_135.jpg,266,Buffalo 2,Mildly Spoiled,"(231, 241, 229)"
photo_136.jpg,268,Buffalo 2,Mildly Spoiled,"(232, 241, 229)"
photo_137.jpg,270,Buffalo 2,Mildly Spoiled,"(233, 241, 229)"
photo_138.jpg,272,Buffalo 2,Mildly Spoiled,"(233, 241, 229)"
photo_139.jpg,274,Buffalo 2,Mildly Spoiled,"(234, 242, 229)"
photo_140.jpg,276,Buffalo 2,Mildly Spoiled,"(234, 241, 232)"
photo_141.jpg,278,Buffalo 2,Mildly Spoiled,"(234, 242, 231)"
photo_142.jpg,280,Buffalo 2,Mildly Spoiled,"(235, 242, 232)"
photo_143.jpg,282,Buffalo 2,Mildly Spoiled,"(235, 242, 231)"
photo_144.jpg,284,Buffalo 2,Mildly Spoiled,"(236, 242, 231)"
photo_145.jpg,286,Buffalo 2,Mildly Spoiled,"(236, 242, 231)"
photo_146.jpg,288,Buffalo 2,Mildly Spoiled,"(237, 242, 231)"
photo_147.jpg,290,Buffalo 2,Mildly Spoiled,"(237, 242, 231)"
photo_148.jpg,292,Buffalo 2,Mildly Spoiled,"(238, 242, 231)"
photo_149.jpg,294,Buffalo 2,Mildly Spoiled,"(238, 242, 231)"
photo_150.jpg,296,Buffalo 2,Mildly Spoiled,"(238, 242, 231)"
photo_151.jpg,298,Buffalo 2,Mildly Spoiled,"(238, 243, 231)"
photo_152.jpg,300,Buffalo 2,Mildly Spoiled,"(239, 243, 231)"
photo_153.jpg,302,Buffalo 2,Mildly Spoiled,"(239, 243, 231)"
photo_154.jpg,304,Buffalo 2,Mildly Spoiled,"(239, 243, 231)"
photo_155.jpg,306,Buffalo 2,Mildly Spoiled,"(239, 243, 231)"
photo_156.jpg,308,Buffalo 2,Mildly Spoiled,"(240, 243, 231)"
photo_157.jpg,310,Buffalo 2,Mildly Spoiled,"(240, 243, 230)"
photo_158.jpg,312,Buffalo 2,Mildly Spoiled,"(240, 243, 230)"
photo_159.jpg,314,Buffalo 2,Mildly Spoiled,"(240, 243, 231)"
photo_160.jpg,316,Buffalo 2,Mildly Spoiled,"(240, 243, 231)"
photo_161.jpg,318,Buffalo 2,Mildly Spoiled,"(240, 243, 231)"
photo_162.jpg,320,Buffalo 2,Mildly Spoiled,"(240, 243, 230)"
photo_163.jpg,322,Buffalo 2,Mildly Spoiled,"(240, 243, 231)"
photo_164.jpg,324,Buffalo 2,Mildly Spoiled,"(240, 243, 230)"
photo_165.jpg,326,Buffalo 2,Mildly Spoiled,"(240, 243, 230)"
photo_166.jpg,328,Buffalo 2,Mildly Spoiled,"(240, 243, 231)"
photo_167.jpg,330,Buffalo 2,Mildly Spoiled,"(240, 243, 230)"
photo_168.jpg,332,Buffalo 2,Mildly Spoiled,"(240, 243, 230)"
photo_169.jpg,334,Buffalo 2,Mildly Spoiled,"(240, 243, 230)"
photo_170.jpg,336,Buffalo 2,Mildly Spoiled,"(240, 243, 230)"
photo_171.jpg,338,Buffalo 2,Mildly Spoiled,"(240, 243, 230)"
photo_172.jpg,340,Buffalo 2,Mildly Spoiled,"(241, 243, 230)"
photo_173.jpg,342,Buffalo 2,Mildly Spoiled,"(241, 243, 230)"
photo_174.jpg,344,Buffalo 2,Mildly Spoiled,"(241, 243, 230)"
photo_175.jpg,346,Buffalo 2,Mildly Spoiled,"(241, 243, 230)"
photo_176.jpg,348,Buffalo 2,Mildly Spoiled,"(241, 243, 231)"
photo_177.jpg,350,Buffalo 2,Mildly Spoiled,"(241, 243, 230)"
photo_178.jpg,352,Buffalo 2,Mildly Spoiled,"(241, 243, 230)"
photo_179.jpg,354,Buffalo 2,Mildly Spoiled,"(241, 243, 230)"
photo_180.jpg,356,Buffalo 2,Mildly Spoiled,"(240, 243, 230)"
photo_181.jpg,358,Buffalo 2,Mildly Spoiled,"(241, 243, 230)"
photo_182.jpg,360,Buffalo 2,Mildly Spoiled,"(241, 243, 230)"
photo_183.jpg,362,Buffalo 2,Mildly Spoiled,"(241, 243, 230)"
photo_184.jpg,364,Buffalo 2,Mildly Spoiled,"(241, 243, 230)"
photo_185.jpg,366,Buffalo 2,Mildly Spoiled,"(241, 243, 230)"
photo_186.jpg,368,Buffalo 2,Mildly Spoiled,"(241, 243, 230)"
photo_187.jpg,370,Buffalo 2,Mildly Spoiled,"(241, 243, 230)"
photo_188.jpg,372,Buffalo 2,Mildly Spoiled,"(241, 243, 230)"
photo_189.jpg,374,Buffalo 2,Mildly Spoiled,"(241, 243, 230)"
photo_190.jpg,376,Buffalo 2,Mildly Spoiled,"(241, 243, 230)"
photo_191.jpg,378,Buffalo 2,Mildly Spoiled,"(241, 243, 230)"
photo_192.jpg,380,Buffalo 2,Mildly Spoiled,"(241, 243, 230)"
photo_193.jpg,382,Buffalo 2,Mildly Spoiled,"(241, 243, 230)"
photo_194.jpg,384,Buffalo 2,Mildly Spoiled,"(241, 243, 230)"
photo_195.jpg,386,Buffalo 2,Mildly Spoiled,"(241, 243, 230)"
photo_196.jpg,388,Buffalo 2,Mildly Spoiled,"(241, 243, 230)"
photo_197.jpg,390,Buffalo 2,Mildly Spoiled,"(240, 243, 230)"
photo_198.jpg,392,Buffalo 2,Mildly Spoiled,"(241, 243, 230)"
photo_199.jpg,394,Buffalo 2,Mildly Spoiled,"(240, 243, 230)"
photo_200.jpg,396,Buffalo 2,Mildly Spoiled,"(241, 243, 230)"
photo_201.jpg,398,Buffalo 2,Mildly Spoiled,"(241, 243, 230)"
photo_202.jpg,400,Buffalo 2,Mildly Spoiled,"(241, 243, 230)"
photo_203.jpg,402,Buffalo 2,Mildly Spoiled,"(241, 243, 230)"
photo_204.jpg,404,Buffalo 2,Mildly Spoiled,"(241, 243, 230)"
photo_205.jpg,406,Buffalo 2,Mildly Spoiled,"(241, 243, 230)"
photo_206.jpg,408,Buffalo 2,Mildly Spoiled,"(241, 243, 230)"
photo_207.jpg,410,Buffalo 2,Mildly Spoiled,"(241, 243, 230)"
photo_208.jpg,412,Buffalo 2,Mildly Spoiled,"(241, 243, 230)"
photo_209.jpg,414,Buffalo 2,Mildly Spoiled,"(241, 243, 230)"
photo_210.jpg,416,Buffalo 2,Mildly Spoiled,"(241, 243, 230)"
photo_211.jpg,418,Buffalo 2,Mildly Spoiled,"(241, 243, 230)"
photo_212.jpg,420,Buffalo 2,Mildly Spoiled,"(241, 243, 230)"
photo_213.jpg,422,Buffalo 2,Mildly Spoiled,"(241, 243, 230)"
photo_214.jpg,424,Buffalo 2,Mildly Spoiled,"(241, 243, 230)"
photo_215.jpg,426,Buffalo 2,Mildly Spoiled,"(241, 243, 230)"
photo_216.jpg,428,Buffalo 2,Mildly Spoiled,"(240, 243, 229)"
photo_217.jpg,430,Buffalo 2,Mildly Spoiled,"(241, 243, 230)"
photo_218.jpg,432,Buffalo 2,Mildly Spoiled,"(241, 243, 230)"
photo_219.jpg,434,Buffalo 2,Mildly Spoiled,"(241, 243, 229)"
photo_220.jpg,436,Buffalo 2,Mildly Spoiled,"(241, 243, 229)"
photo_221.jpg,438,Buffalo 2,Mildly Spoiled,"(241, 243, 229)"
photo_222.jpg,440,Buffalo 2,Mildly Spoiled,"(241, 243, 230)"
photo_223.jpg,442,Buffalo 2,Mildly Spoiled,"(241, 243, 229)"
photo_224.jpg,444,Buffalo 2,Mildly Spoiled,"(241, 243, 229)"
photo_225.jpg,446,Buffalo 2,Mildly Spoiled,"(241, 243, 229)"
photo_226.jpg,448,Buffalo 2,Mildly Spoiled,"(241, 243, 229)"
photo_227.jpg,450,Buffalo 2,Mildly Spoiled,"(241, 243, 229)"
photo_228.jpg,452,Buffalo 2,Mildly Spoiled,"(241, 243, 229)"
photo_229.jpg,454,Buffalo 2,Mildly Spoiled,"(241, 243, 229)"
photo_230.jpg,456,Buffalo 2,Mildly Spoiled,"(241, 243, 229)"
photo_231.jpg,458,Buffalo 2,Mildly Spoiled,"(241, 243, 229)"
photo_232.jpg,460,Buffalo 2,Mildly Spoiled,"(240, 243, 229)"
photo_233.jpg,462,Buffalo 2,Mildly Spoiled,"(241, 243, 229)"
photo_3.jpg,2,Buffalo 3, Spoiled,"(164, 203, 213)"
photo_4.jpg,4,Buffalo 3, Spoiled,"(167, 206, 218)"
photo_5.jpg,6,Buffalo 3, Spoiled,"(167, 208, 220)"
photo_6.jpg,8,Buffalo 3, Spoiled,"(168, 209, 221)"
photo_7.jpg,10,Buffalo 3, Spoiled,"(169, 209, 221)"
photo_8.jpg,12,Buffalo 3, Spoiled,"(170, 210, 222)"
photo_9.jpg,14,Buffalo 3, Spoiled,"(171, 211, 219)"
photo_10.jpg,16,Buffalo 3, Spoiled,"(171, 211, 219)"
photo_11.jpg,18,Buffalo 3, Spoiled,"(172, 211, 220)"
photo_12.jpg,20,Buffalo 3, Spoiled,"(173, 212, 220)"
photo_13.jpg,22,Buffalo 3, Spoiled,"(173, 212, 220)"
photo_14.jpg,24,Buffalo 3, Spoiled,"(174, 212, 220)"
photo_15.jpg,26,Buffalo 3, Spoiled,"(174, 212, 219)"
photo_16.jpg,28,Buffalo 3, Spoiled,"(175, 213, 219)"
photo_17.jpg,30,Buffalo 3, Spoiled,"(175, 213, 219)"
photo_18.jpg,32,Buffalo 3, Spoiled,"(175, 213, 219)"
photo_19.jpg,34,Buffalo 3, Spoiled,"(164, 200, 211)"
photo_20.jpg,36,Buffalo 3, Spoiled,"(164, 201, 211)"
photo_21.jpg,38,Buffalo 3, Spoiled,"(164, 201, 211)"
photo_22.jpg,40,Buffalo 3, Spoiled,"(165, 201, 211)"
photo_23.jpg,42,Buffalo 3, Spoiled,"(165, 202, 211)"
photo_24.jpg,44,Buffalo 3, Spoiled,"(166, 202, 211)"
photo_25.jpg,46,Buffalo 3, Spoiled,"(167, 202, 211)"
photo_26.jpg,48,Buffalo 3, Spoiled,"(167, 202, 211)"
photo_27.jpg,50,Buffalo 3, Spoiled,"(167, 203, 211)"
photo_28.jpg,52,Buffalo 3, Spoiled,"(167, 203, 211)"
photo_29.jpg,54,Buffalo 3, Spoiled,"(168, 203, 211)"
photo_30.jpg,56,Buffalo 3, Spoiled,"(169, 204, 211)"
photo_31.jpg,58,Buffalo 3, Spoiled,"(169, 204, 211)"
photo_32.jpg,60,Buffalo 3, Spoiled,"(170, 204, 211)"
photo_33.jpg,62,Buffalo 3, Spoiled,"(170, 204, 211)"
photo_34.jpg,64,Buffalo 3, Spoiled,"(171, 204, 211)"
photo_35.jpg,66,Buffalo 3, Spoiled,"(171, 205, 211)"
photo_36.jpg,68,Buffalo 3, Spoiled,"(172, 205, 211)"
photo_37.jpg,70,Buffalo 3, Spoiled,"(172, 205, 211)"
photo_38.jpg,72,Buffalo 3, Spoiled,"(173, 205, 211)"
photo_39.jpg,74,Buffalo 3, Spoiled,"(173, 206, 211)"
photo_40.jpg,76,Buffalo 3, Spoiled,"(174, 206, 211)"
photo_41.jpg,78,Buffalo 3, Spoiled,"(174, 206, 211)"
photo_42.jpg,80,Buffalo 3, Spoiled,"(175, 207, 211)"
photo_43.jpg,82,Buffalo 3, Spoiled,"(176, 207, 211)"
photo_44.jpg,84,Buffalo 3, Spoiled,"(176, 207, 210)"
photo_45.jpg,86,Buffalo 3, Spoiled,"(177, 207, 211)"
photo_46.jpg,88,Buffalo 3, Spoiled,"(177, 208, 210)"
photo_47.jpg,90,Buffalo 3, Spoiled,"(178, 208, 210)"
photo_48.jpg,92,Buffalo 3, Spoiled,"(179, 208, 211)"
photo_49.jpg,94,Buffalo 3, Spoiled,"(180, 208, 211)"
photo_50.jpg,96,Buffalo 3, Spoiled,"(180, 209, 210)"
photo_51.jpg,98,Buffalo 3, Spoiled,"(180, 209, 211)"
photo_52.jpg,100,Buffalo 3, Spoiled,"(181, 209, 210)"
photo_53.jpg,102,Buffalo 3, Spoiled,"(182, 210, 211)"
photo_54.jpg,104,Buffalo 3, Spoiled,"(183, 210, 210)"
photo_55.jpg,106,Buffalo 3, Spoiled,"(183, 210, 210)"
photo_56.jpg,108,Buffalo 3, Spoiled,"(184, 211, 211)"
photo_57.jpg,110,Buffalo 3, Spoiled,"(184, 211, 210)"
photo_58.jpg,112,Buffalo 3, Spoiled,"(185, 211, 210)"
photo_59.jpg,114,Buffalo 3, Spoiled,"(186, 211, 210)"
photo_60.jpg,116,Buffalo 3, Spoiled,"(186, 212, 210)"
photo_61.jpg,118,Buffalo 3, Spoiled,"(187, 212, 210)"
photo_62.jpg,120,Buffalo 3, Spoiled,"(188, 213, 210)"
photo_63.jpg,122,Buffalo 3, Spoiled,"(189, 213, 210)"
photo_64.jpg,124,Buffalo 3, Spoiled,"(189, 213, 210)"
photo_65.jpg,126,Buffalo 3, Spoiled,"(190, 213, 210)"
photo_66.jpg,128,Buffalo 3, Spoiled,"(191, 214, 210)"
photo_67.jpg,130,Buffalo 3, Spoiled,"(192, 214, 210)"
photo_68.jpg,132,Buffalo 3, Spoiled,"(193, 214, 210)"
photo_69.jpg,134,Buffalo 3, Spoiled,"(193, 215, 210)"
photo_70.jpg,136,Buffalo 3, Spoiled,"(194, 215, 209)"
photo_71.jpg,138,Buffalo 3, Spoiled,"(195, 215, 210)"
photo_72.jpg,140,Buffalo 3, Spoiled,"(196, 216, 210)"
photo_73.jpg,142,Buffalo 3, Spoiled,"(197, 216, 210)"
photo_74.jpg,144,Buffalo 3, Spoiled,"(198, 216, 210)"
photo_75.jpg,146,Buffalo 3, Spoiled,"(199, 216, 210)"
photo_76.jpg,148,Buffalo 3, Spoiled,"(200, 217, 210)"
photo_77.jpg,150,Buffalo 3, Spoiled,"(200, 217, 210)"
photo_78.jpg,152,Buffalo 3, Spoiled,"(201, 217, 210)"
photo_79.jpg,154,Buffalo 3, Spoiled,"(202, 218, 209)"
photo_80.jpg,156,Buffalo 3, Spoiled,"(203, 218, 210)"
photo_81.jpg,158,Buffalo 3, Spoiled,"(204, 218, 209)"
photo_82.jpg,160,Buffalo 3, Spoiled,"(205, 219, 210)"
photo_83.jpg,162,Buffalo 3, Spoiled,"(206, 219, 209)"
photo_84.jpg,164,Buffalo 3, Spoiled,"(206, 219, 209)"
photo_85.jpg,166,Buffalo 3, Spoiled,"(207, 219, 209)"
photo_86.jpg,168,Buffalo 3, Spoiled,"(208, 220, 209)"
photo_87.jpg,170,Buffalo 3, Spoiled,"(209, 220, 209)"
photo_88.jpg,172,Buffalo 3, Spoiled,"(209, 220, 209)"
photo_89.jpg,174,Buffalo 3, Spoiled,"(210, 220, 209)"
photo_90.jpg,176,Buffalo 3, Spoiled,"(211, 221, 209)"
photo_91.jpg,178,Buffalo 3, Spoiled,"(212, 221, 209)"
photo_92.jpg,180,Buffalo 3, Spoiled,"(212, 221, 208)"
photo_93.jpg,182,Buffalo 3, Spoiled,"(213, 221, 208)"
photo_94.jpg,184,Buffalo 3, Spoiled,"(213, 221, 208)"
photo_95.jpg,186,Buffalo 3, Spoiled,"(214, 222, 208)"
photo_96.jpg,188,Buffalo 3, Spoiled,"(214, 222, 208)"
photo_97.jpg,190,Buffalo 3, Spoiled,"(215, 222, 208)"
photo_98.jpg,192,Buffalo 3, Spoiled,"(215, 222, 208)"
photo_99.jpg,194,Buffalo 3, Spoiled,"(216, 222, 208)"
photo_100.jpg,196,Buffalo 3, Spoiled,"(216, 222, 208)"
photo_101.jpg,198,Buffalo 3, Spoiled,"(216, 222, 208)"
photo_102.jpg,200,Buffalo 3, Spoiled,"(217, 222, 208)"
photo_103.jpg,202,Buffalo 3, Spoiled,"(217, 223, 208)"
photo_104.jpg,204,Buffalo 3, Spoiled,"(217, 223, 208)"
photo_105.jpg,206,Buffalo 3, Spoiled,"(217, 223, 207)"
photo_106.jpg,208,Buffalo 3, Spoiled,"(218, 223, 208)"
photo_107.jpg,210,Buffalo 3, Spoiled,"(217, 223, 208)"
photo_108.jpg,212,Buffalo 3, Spoiled,"(218, 223, 208)"
photo_109.jpg,214,Buffalo 3, Spoiled,"(218, 223, 208)"
photo_110.jpg,216,Buffalo 3, Spoiled,"(218, 223, 208)"
photo_111.jpg,218,Buffalo 3, Spoiled,"(218, 223, 208)"
photo_112.jpg,220,Buffalo 3, Spoiled,"(218, 223, 208)"
photo_113.jpg,222,Buffalo 3, Spoiled,"(218, 223, 208)"
photo_114.jpg,224,Buffalo 3, Spoiled,"(218, 223, 208)"
photo_115.jpg,226,Buffalo 3, Spoiled,"(218, 223, 208)"
photo_116.jpg,228,Buffalo 3, Spoiled,"(218, 223, 208)"
photo_117.jpg,230,Buffalo 3, Spoiled,"(218, 223, 208)"
photo_118.jpg,232,Buffalo 3, Spoiled,"(218, 223, 208)"
photo_119.jpg,234,Buffalo 3, Spoiled,"(218, 223, 208)"
photo_120.jpg,236,Buffalo 3, Spoiled,"(218, 223, 207)"
photo_121.jpg,238,Buffalo 3, Spoiled,"(218, 223, 207)"
photo_122.jpg,240,Buffalo 3, Spoiled,"(218, 223, 208)"
photo_123.jpg,242,Buffalo 3, Spoiled,"(218, 223, 208)"
photo_124.jpg,244,Buffalo 3, Spoiled,"(218, 223, 207)"
photo_125.jpg,246,Buffalo 3, Spoiled,"(218, 223, 207)"
photo_126.jpg,248,Buffalo 3, Spoiled,"(218, 223, 208)"
photo_127.jpg,250,Buffalo 3, Spoiled,"(218, 223, 207)"
photo_128.jpg,252,Buffalo 3, Spoiled,"(218, 223, 207)"
photo_129.jpg,254,Buffalo 3, Spoiled,"(218, 223, 208)"
photo_130.jpg,256,Buffalo 3, Spoiled,"(218, 223, 207)"
photo_131.jpg,258,Buffalo 3, Spoiled,"(218, 223, 208)"
photo_132.jpg,260,Buffalo 3, Spoiled,"(218, 223, 208)"
photo_133.jpg,262,Buffalo 3, Spoiled,"(218, 223, 208)"
photo_134.jpg,264,Buffalo 3, Spoiled,"(219, 223, 207)"
photo_135.jpg,266,Buffalo 3, Spoiled,"(218, 223, 207)"
photo_136.jpg,268,Buffalo 3, Spoiled,"(218, 223, 207)"
photo_137.jpg,270,Buffalo 3, Spoiled,"(218, 223, 207)"
photo_138.jpg,272,Buffalo 3, Spoiled,"(218, 223, 207)"
photo_139.jpg,274,Buffalo 3, Spoiled,"(218, 223, 207)"
photo_140.jpg,276,Buffalo 3, Spoiled,"(218, 223, 210)"
photo_141.jpg,278,Buffalo 3, Spoiled,"(218, 223, 210)"
photo_142.jpg,280,Buffalo 3, Spoiled,"(219, 222, 210)"
photo_143.jpg,282,Buffalo 3, Spoiled,"(218, 223, 210)"
photo_144.jpg,284,Buffalo 3, Spoiled,"(218, 223, 210)"
photo_145.jpg,286,Buffalo 3, Spoiled,"(219, 223, 210)"
photo_146.jpg,288,Buffalo 3, Spoiled,"(219, 223, 210)"
photo_147.jpg,290,Buffalo 3, Spoiled,"(219, 223, 210)"
photo_148.jpg,292,Buffalo 3, Spoiled,"(219, 223, 210)"
photo_149.jpg,294,Buffalo 3, Spoiled,"(218, 223, 210)"
photo_150.jpg,296,Buffalo 3, Spoiled,"(218, 222, 210)"
photo_151.jpg,298,Buffalo 3, Spoiled,"(218, 223, 210)"
photo_152.jpg,300,Buffalo 3, Spoiled,"(218, 223, 210)"
photo_153.jpg,302,Buffalo 3, Spoiled,"(218, 223, 210)"
photo_154.jpg,304,Buffalo 3, Spoiled,"(218, 223, 210)"
photo_155.jpg,306,Buffalo 3, Spoiled,"(218, 223, 210)"
photo_156.jpg,308,Buffalo 3, Spoiled,"(219, 223, 210)"
photo_157.jpg,310,Buffalo 3, Spoiled,"(219, 223, 210)"
photo_158.jpg,312,Buffalo 3, Spoiled,"(219, 223, 210)"
photo_159.jpg,314,Buffalo 3, Spoiled,"(218, 223, 210)"
photo_160.jpg,316,Buffalo 3, Spoiled,"(219, 223, 210)"
photo_161.jpg,318,Buffalo 3, Spoiled,"(219, 223, 210)"
photo_162.jpg,320,Buffalo 3, Spoiled,"(219, 222, 210)"
photo_163.jpg,322,Buffalo 3, Spoiled,"(219, 223, 210)"
photo_164.jpg,324,Buffalo 3, Spoiled,"(219, 223, 210)"
photo_165.jpg,326,Buffalo 3, Spoiled,"(219, 223, 210)"
photo_166.jpg,328,Buffalo 3, Spoiled,"(219, 223, 210)"
photo_167.jpg,330,Buffalo 3, Spoiled,"(219, 223, 210)"
photo_168.jpg,332,Buffalo 3, Spoiled,"(219, 223, 210)"
photo_169.jpg,334,Buffalo 3, Spoiled,"(219, 223, 210)"
photo_170.jpg,336,Buffalo 3, Spoiled,"(219, 223, 210)"
photo_171.jpg,338,Buffalo 3, Spoiled,"(219, 223, 210)"
photo_172.jpg,340,Buffalo 3, Spoiled,"(219, 222, 210)"
photo_173.jpg,342,Buffalo 3, Spoiled,"(219, 223, 210)"
photo_174.jpg,344,Buffalo 3, Spoiled,"(219, 223, 210)"
photo_175.jpg,346,Buffalo 3, Spoiled,"(219, 223, 210)"
photo_176.jpg,348,Buffalo 3, Spoiled,"(219, 223, 210)"
photo_177.jpg,350,Buffalo 3, Spoiled,"(219, 222, 210)"
photo_178.jpg,352,Buffalo 3, Spoiled,"(219, 223, 210)"
photo_179.jpg,354,Buffalo 3, Spoiled,"(219, 223, 210)"
photo_180.jpg,356,Buffalo 3, Spoiled,"(219, 223, 210)"
photo_181.jpg,358,Buffalo 3, Spoiled,"(219, 222, 210)"
photo_182.jpg,360,Buffalo 3, Spoiled,"(219, 223, 210)"
photo_183.jpg,362,Buffalo 3, Spoiled,"(219, 223, 210)"
photo_184.jpg,364,Buffalo 3, Spoiled,"(219, 223, 210)"
photo_185.jpg,366,Buffalo 3, Spoiled,"(219, 222, 210)"
photo_186.jpg,368,Buffalo 3, Spoiled,"(219, 222, 210)"
photo_187.jpg,370,Buffalo 3, Spoiled,"(218, 223, 210)"
photo_188.jpg,372,Buffalo 3, Spoiled,"(219, 222, 210)"
photo_189.jpg,374,Buffalo 3, Spoiled,"(219, 222, 210)"
photo_190.jpg,376,Buffalo 3, Spoiled,"(219, 222, 210)"
photo_191.jpg,378,Buffalo 3, Spoiled,"(219, 222, 209)"
photo_192.jpg,380,Buffalo 3, Spoiled,"(219, 222, 210)"
photo_193.jpg,382,Buffalo 3, Spoiled,"(219, 222, 209)"
photo_194.jpg,384,Buffalo 3, Spoiled,"(219, 222, 209)"
photo_195.jpg,386,Buffalo 3, Spoiled,"(219, 222, 209)"
photo_196.jpg,388,Buffalo 3, Spoiled,"(219, 222, 210)"
photo_197.jpg,390,Buffalo 3, Spoiled,"(219, 222, 210)"
photo_198.jpg,392,Buffalo 3, Spoiled,"(219, 222, 209)"
photo_199.jpg,394,Buffalo 3, Spoiled,"(219, 222, 209)"
photo_200.jpg,396,Buffalo 3, Spoiled,"(219, 222, 209)"
photo_201.jpg,398,Buffalo 3, Spoiled,"(219, 222, 209)"
photo_202.jpg,400,Buffalo 3, Spoiled,"(219, 222, 210)"
photo_203.jpg,402,Buffalo 3, Spoiled,"(218, 222, 209)"
photo_204.jpg,404,Buffalo 3, Spoiled,"(219, 222, 209)"
photo_205.jpg,406,Buffalo 3, Spoiled,"(219, 222, 209)"
photo_206.jpg,408,Buffalo 3, Spoiled,"(219, 222, 209)"
photo_207.jpg,410,Buffalo 3, Spoiled,"(219, 222, 209)"
photo_208.jpg,412,Buffalo 3, Spoiled,"(218, 222, 209)"
photo_209.jpg,414,Buffalo 3, Spoiled,"(219, 222, 209)"
photo_210.jpg,416,Buffalo 3, Spoiled,"(218, 222, 209)"
photo_211.jpg,418,Buffalo 3, Spoiled,"(219, 222, 209)"
photo_212.jpg,420,Buffalo 3, Spoiled,"(219, 222, 209)"
photo_213.jpg,422,Buffalo 3, Spoiled,"(218, 222, 209)"
photo_214.jpg,424,Buffalo 3, Spoiled,"(218, 222, 209)"
photo_215.jpg,426,Buffalo 3, Spoiled,"(219, 222, 209)"
photo_216.jpg,428,Buffalo 3, Spoiled,"(218, 222, 209)"
photo_217.jpg,430,Buffalo 3, Spoiled,"(219, 222, 209)"
photo_218.jpg,432,Buffalo 3, Spoiled,"(218, 222, 209)"
photo_219.jpg,434,Buffalo 3, Spoiled,"(218, 222, 209)"
photo_220.jpg,436,Buffalo 3, Spoiled,"(218, 222, 209)"
photo_221.jpg,438,Buffalo 3, Spoiled,"(218, 222, 209)"
photo_222.jpg,440,Buffalo 3, Spoiled,"(218, 222, 209)"
photo_223.jpg,442,Buffalo 3, Spoiled,"(218, 222, 209)"
photo_224.jpg,444,Buffalo 3, Spoiled,"(218, 222, 209)"
photo_225.jpg,446,Buffalo 3, Spoiled,"(219, 222, 208)"
photo_226.jpg,448,Buffalo 3, Spoiled,"(218, 222, 209)"
photo_227.jpg,450,Buffalo 3, Spoiled,"(218, 222, 208)"
photo_228.jpg,452,Buffalo 3, Spoiled,"(218, 221, 208)"
photo_229.jpg,454,Buffalo 3, Spoiled,"(218, 221, 208)"
photo_230.jpg,456,Buffalo 3, Spoiled,"(218, 221, 208)"
photo_231.jpg,458,Buffalo 3, Spoiled,"(218, 221, 209)"
photo_232.jpg,460,Buffalo 3, Spoiled,"(218, 221, 208)"
photo_233.jpg,462,Buffalo 3, Spoiled,"(218, 221, 208)"
photo_3.jpg,2,Buffalo 1,Mildly Spoiled,"(167, 194, 219)"
photo_4.jpg,4,Buffalo 1,Mildly Spoiled,"(168, 196, 221)"
photo_5.jpg,6,Buffalo 1,Mildly Spoiled,"(169, 197, 219)"
photo_6.jpg,8,Buffalo 1,Mildly Spoiled,"(170, 198, 220)"
photo_7.jpg,10,Buffalo 1,Mildly Spoiled,"(171, 198, 220)"
photo_8.jpg,12,Buffalo 1,Mildly Spoiled,"(171, 199, 220)"
photo_9.jpg,14,Buffalo 1,Mildly Spoiled,"(171, 199, 220)"
photo_10.jpg,16,Buffalo 1,Mildly Spoiled,"(171, 199, 221)"
photo_11.jpg,18,Buffalo 1,Mildly Spoiled,"(171, 200, 221)"
photo_12.jpg,20,Buffalo 1,Mildly Spoiled,"(171, 200, 221)"
photo_13.jpg,22,Buffalo 1,Mildly Spoiled,"(172, 200, 220)"
photo_14.jpg,24,Buffalo 1,Mildly Spoiled,"(173, 200, 221)"
photo_15.jpg,26,Buffalo 1,Mildly Spoiled,"(172, 200, 221)"
photo_16.jpg,28,Buffalo 1,Mildly Spoiled,"(173, 201, 221)"
photo_17.jpg,30,Buffalo 1,Mildly Spoiled,"(158, 169, 175)"
photo_18.jpg,32,Buffalo 1,Mildly Spoiled,"(158, 168, 175)"
photo_19.jpg,34,Buffalo 1,Mildly Spoiled,"(158, 169, 174)"
photo_20.jpg,36,Buffalo 1,Mildly Spoiled,"(158, 168, 174)"
photo_21.jpg,38,Buffalo 1,Mildly Spoiled,"(159, 168, 174)"
photo_22.jpg,40,Buffalo 1,Mildly Spoiled,"(158, 168, 174)"
photo_23.jpg,42,Buffalo 1,Mildly Spoiled,"(158, 168, 173)"
photo_24.jpg,44,Buffalo 1,Mildly Spoiled,"(159, 168, 173)"
photo_25.jpg,46,Buffalo 1,Mildly Spoiled,"(160, 167, 173)"
photo_26.jpg,48,Buffalo 1,Mildly Spoiled,"(159, 168, 172)"
photo_27.jpg,50,Buffalo 1,Mildly Spoiled,"(159, 168, 172)"
photo_28.jpg,52,Buffalo 1,Mildly Spoiled,"(159, 167, 172)"
photo_29.jpg,54,Buffalo 1,Mildly Spoiled,"(160, 167, 172)"
photo_30.jpg,56,Buffalo 1,Mildly Spoiled,"(159, 167, 171)"
photo_31.jpg,58,Buffalo 1,Mildly Spoiled,"(159, 167, 171)"
photo_32.jpg,60,Buffalo 1,Mildly Spoiled,"(160, 167, 171)"
photo_33.jpg,62,Buffalo 1,Mildly Spoiled,"(160, 167, 171)"
photo_34.jpg,64,Buffalo 1,Mildly Spoiled,"(160, 167, 170)"
photo_35.jpg,66,Buffalo 1,Mildly Spoiled,"(160, 167, 170)"
photo_36.jpg,68,Buffalo 1,Mildly Spoiled,"(160, 166, 170)"
photo_37.jpg,70,Buffalo 1,Mildly Spoiled,"(160, 167, 170)"
photo_38.jpg,72,Buffalo 1,Mildly Spoiled,"(160, 166, 170)"
photo_39.jpg,74,Buffalo 1,Mildly Spoiled,"(160, 166, 170)"
photo_40.jpg,76,Buffalo 1,Mildly Spoiled,"(160, 166, 170)"
photo_41.jpg,78,Buffalo 1,Mildly Spoiled,"(160, 166, 169)"
photo_42.jpg,80,Buffalo 1,Mildly Spoiled,"(161, 166, 169)"
photo_43.jpg,82,Buffalo 1,Mildly Spoiled,"(160, 166, 169)"
photo_44.jpg,84,Buffalo 1,Mildly Spoiled,"(161, 165, 168)"
photo_45.jpg,86,Buffalo 1,Mildly Spoiled,"(161, 165, 168)"
photo_46.jpg,88,Buffalo 1,Mildly Spoiled,"(161, 165, 168)"
photo_47.jpg,90,Buffalo 1,Mildly Spoiled,"(161, 166, 167)"
photo_48.jpg,92,Buffalo 1,Mildly Spoiled,"(161, 165, 167)"
photo_49.jpg,94,Buffalo 1,Mildly Spoiled,"(160, 165, 167)"
photo_50.jpg,96,Buffalo 1,Mildly Spoiled,"(161, 165, 168)"
photo_51.jpg,98,Buffalo 1,Mildly Spoiled,"(161, 165, 167)"
photo_52.jpg,100,Buffalo 1,Mildly Spoiled,"(161, 165, 167)"
photo_53.jpg,102,Buffalo 1,Mildly Spoiled,"(160, 165, 167)"
photo_54.jpg,104,Buffalo 1,Mildly Spoiled,"(161, 165, 167)"
photo_55.jpg,106,Buffalo 1,Mildly Spoiled,"(162, 165, 167)"
photo_56.jpg,108,Buffalo 1,Mildly Spoiled,"(161, 165, 167)"
photo_57.jpg,110,Buffalo 1,Mildly Spoiled,"(161, 165, 167)"
photo_58.jpg,112,Buffalo 1,Mildly Spoiled,"(161, 165, 167)"
photo_59.jpg,114,Buffalo 1,Mildly Spoiled,"(161, 165, 167)"
photo_60.jpg,116,Buffalo 1,Mildly Spoiled,"(161, 165, 166)"
photo_61.jpg,118,Buffalo 1,Mildly Spoiled,"(161, 165, 167)"
photo_62.jpg,120,Buffalo 1,Mildly Spoiled,"(161, 165, 167)"
photo_63.jpg,122,Buffalo 1,Mildly Spoiled,"(162, 165, 166)"
photo_64.jpg,124,Buffalo 1,Mildly Spoiled,"(161, 165, 166)"
photo_65.jpg,126,Buffalo 1,Mildly Spoiled,"(162, 165, 166)"
photo_66.jpg,128,Buffalo 1,Mildly Spoiled,"(161, 165, 166)"
photo_67.jpg,130,Buffalo 1,Mildly Spoiled,"(162, 165, 166)"
photo_68.jpg,132,Buffalo 1,Mildly Spoiled,"(161, 165, 166)"
photo_69.jpg,134,Buffalo 1,Mildly Spoiled,"(162, 165, 166)"
photo_70.jpg,136,Buffalo 1,Mildly Spoiled,"(162, 165, 166)"
photo_71.jpg,138,Buffalo 1,Mildly Spoiled,"(162, 165, 166)"
photo_72.jpg,140,Buffalo 1,Mildly Spoiled,"(162, 165, 166)"
photo_73.jpg,142,Buffalo 1,Mildly Spoiled,"(162, 165, 166)"
photo_74.jpg,144,Buffalo 1,Mildly Spoiled,"(162, 165, 166)"
photo_75.jpg,146,Buffalo 1,Mildly Spoiled,"(162, 165, 165)"
photo_76.jpg,148,Buffalo 1,Mildly Spoiled,"(162, 165, 165)"
photo_77.jpg,150,Buffalo 1,Mildly Spoiled,"(162, 165, 165)"
photo_78.jpg,152,Buffalo 1,Mildly Spoiled,"(162, 165, 165)"
photo_79.jpg,154,Buffalo 1,Mildly Spoiled,"(162, 165, 165)"
photo_80.jpg,156,Buffalo 1,Mildly Spoiled,"(162, 165, 165)"
photo_81.jpg,158,Buffalo 1,Mildly Spoiled,"(162, 165, 165)"
photo_82.jpg,160,Buffalo 1,Mildly Spoiled,"(163, 165, 165)"
photo_83.jpg,162,Buffalo 1,Mildly Spoiled,"(162, 165, 165)"
photo_84.jpg,164,Buffalo 1,Mildly Spoiled,"(163, 165, 165)"
photo_85.jpg,166,Buffalo 1,Mildly Spoiled,"(163, 165, 165)"
photo_86.jpg,168,Buffalo 1,Mildly Spoiled,"(162, 165, 164)"
photo_87.jpg,170,Buffalo 1,Mildly Spoiled,"(162, 165, 164)"
photo_88.jpg,172,Buffalo 1,Mildly Spoiled,"(163, 165, 165)"
photo_89.jpg,174,Buffalo 1,Mildly Spoiled,"(163, 165, 165)"
photo_90.jpg,176,Buffalo 1,Mildly Spoiled,"(162, 165, 165)"
photo_91.jpg,178,Buffalo 1,Mildly Spoiled,"(163, 165, 165)"
photo_92.jpg,180,Buffalo 1,Mildly Spoiled,"(163, 165, 165)"
photo_93.jpg,182,Buffalo 1,Mildly Spoiled,"(163, 165, 165)"
photo_94.jpg,184,Buffalo 1,Mildly Spoiled,"(163, 165, 165)"
photo_95.jpg,186,Buffalo 1,Mildly Spoiled,"(163, 165, 164)"
photo_96.jpg,188,Buffalo 1,Mildly Spoiled,"(164, 165, 165)"
photo_97.jpg,190,Buffalo 1,Mildly Spoiled,"(164, 165, 165)"
photo_98.jpg,192,Buffalo 1,Mildly Spoiled,"(164, 165, 164)"
photo_99.jpg,194,Buffalo 1,Mildly Spoiled,"(164, 165, 164)"
photo_100.jpg,196,Buffalo 1,Mildly Spoiled,"(163, 165, 165)"
photo_101.jpg,198,Buffalo 1,Mildly Spoiled,"(163, 165, 164)"
photo_102.jpg,200,Buffalo 1,Mildly Spoiled,"(163, 165, 165)"
photo_103.jpg,202,Buffalo 1,Mildly Spoiled,"(163, 165, 164)"
photo_104.jpg,204,Buffalo 1,Mildly Spoiled,"(164, 165, 164)"
photo_105.jpg,206,Buffalo 1,Mildly Spoiled,"(163, 165, 165)"
photo_106.jpg,208,Buffalo 1,Mildly Spoiled,"(164, 165, 164)"
photo_107.jpg,210,Buffalo 1,Mildly Spoiled,"(164, 165, 164)"
photo_108.jpg,212,Buffalo 1,Mildly Spoiled,"(164, 165, 164)"
photo_109.jpg,214,Buffalo 1,Mildly Spoiled,"(164, 165, 164)"
photo_110.jpg,216,Buffalo 1,Mildly Spoiled,"(164, 166, 164)"
photo_111.jpg,218,Buffalo 1,Mildly Spoiled,"(163, 165, 163)"
photo_112.jpg,220,Buffalo 1,Mildly Spoiled,"(164, 166, 163)"
photo_113.jpg,222,Buffalo 1,Mildly Spoiled,"(164, 165, 163)"
photo_114.jpg,224,Buffalo 1,Mildly Spoiled,"(164, 165, 164)"
photo_115.jpg,226,Buffalo 1,Mildly Spoiled,"(164, 165, 163)"
photo_116.jpg,228,Buffalo 1,Mildly Spoiled,"(164, 165, 164)"
photo_117.jpg,230,Buffalo 1,Mildly Spoiled,"(165, 166, 163)"
photo_118.jpg,232,Buffalo 1,Mildly Spoiled,"(165, 166, 164)"
photo_119.jpg,234,Buffalo 1,Mildly Spoiled,"(164, 166, 163)"
photo_120.jpg,236,Buffalo 1,Mildly Spoiled,"(164, 166, 164)"
photo_121.jpg,238,Buffalo 1,Mildly Spoiled,"(165, 166, 163)"
photo_122.jpg,240,Buffalo 1,Mildly Spoiled,"(164, 166, 163)"
photo_123.jpg,242,Buffalo 1,Mildly Spoiled,"(165, 166, 163)"
photo_124.jpg,244,Buffalo 1,Mildly Spoiled,"(165, 166, 163)"
photo_125.jpg,246,Buffalo 1,Mildly Spoiled,"(165, 166, 163)"
photo_126.jpg,248,Buffalo 1,Mildly Spoiled,"(166, 165, 164)"
photo_127.jpg,250,Buffalo 1,Mildly Spoiled,"(165, 166, 163)"
photo_128.jpg,252,Buffalo 1,Mildly Spoiled,"(165, 165, 164)"
photo_129.jpg,254,Buffalo 1,Mildly Spoiled,"(165, 166, 163)"
photo_130.jpg,256,Buffalo 1,Mildly Spoiled,"(165, 166, 163)"
photo_131.jpg,258,Buffalo 1,Mildly Spoiled,"(166, 166, 163)"
photo_132.jpg,260,Buffalo 1,Mildly Spoiled,"(166, 166, 163)"
photo_133.jpg,262,Buffalo 1,Mildly Spoiled,"(165, 166, 163)"
photo_134.jpg,264,Buffalo 1,Mildly Spoiled,"(166, 166, 163)"
photo_135.jpg,266,Buffalo 1,Mildly Spoiled,"(165, 166, 163)"
photo_136.jpg,268,Buffalo 1,Mildly Spoiled,"(166, 166, 163)"
photo_137.jpg,270,Buffalo 1,Mildly Spoiled,"(166, 166, 163)"
photo_138.jpg,272,Buffalo 1,Mildly Spoiled,"(166, 166, 163)"
photo_139.jpg,274,Buffalo 1,Mildly Spoiled,"(167, 166, 163)"
photo_140.jpg,276,Buffalo 1,Mildly Spoiled,"(166, 166, 163)"
photo_141.jpg,278,Buffalo 1,Mildly Spoiled,"(166, 166, 163)"
photo_142.jpg,280,Buffalo 1,Mildly Spoiled,"(167, 166, 163)"
photo_143.jpg,282,Buffalo 1,Mildly Spoiled,"(166, 166, 163)"
photo_144.jpg,284,Buffalo 1,Mildly Spoiled,"(167, 166, 162)"
photo_145.jpg,286,Buffalo 1,Mildly Spoiled,"(167, 166, 162)"
photo_146.jpg,288,Buffalo 1,Mildly Spoiled,"(168, 166, 163)"
photo_147.jpg,290,Buffalo 1,Mildly Spoiled,"(167, 166, 163)"
photo_148.jpg,292,Buffalo 1,Mildly Spoiled,"(167, 166, 162)"
photo_149.jpg,294,Buffalo 1,Mildly Spoiled,"(167, 167, 162)"
photo_150.jpg,296,Buffalo 1,Mildly Spoiled,"(167, 166, 162)"
photo_151.jpg,298,Buffalo 1,Mildly Spoiled,"(167, 166, 163)"
photo_152.jpg,300,Buffalo 1,Mildly Spoiled,"(167, 166, 162)"
photo_153.jpg,302,Buffalo 1,Mildly Spoiled,"(167, 166, 162)"
photo_154.jpg,304,Buffalo 1,Mildly Spoiled,"(168, 166, 163)"
photo_155.jpg,306,Buffalo 1,Mildly Spoiled,"(168, 166, 162)"
photo_156.jpg,308,Buffalo 1,Mildly Spoiled,"(167, 166, 163)"
photo_157.jpg,310,Buffalo 1,Mildly Spoiled,"(167, 166, 162)"
photo_158.jpg,312,Buffalo 1,Mildly Spoiled,"(168, 166, 162)"
photo_159.jpg,314,Buffalo 1,Mildly Spoiled,"(168, 166, 163)"
photo_160.jpg,316,Buffalo 1,Mildly Spoiled,"(168, 167, 161)"
photo_161.jpg,318,Buffalo 1,Mildly Spoiled,"(168, 166, 162)"
photo_162.jpg,320,Buffalo 1,Mildly Spoiled,"(168, 166, 162)"
photo_163.jpg,322,Buffalo 1,Mildly Spoiled,"(168, 166, 161)"
photo_164.jpg,324,Buffalo 1,Mildly Spoiled,"(168, 166, 162)"
photo_165.jpg,326,Buffalo 1,Mildly Spoiled,"(168, 166, 162)"
photo_166.jpg,328,Buffalo 1,Mildly Spoiled,"(168, 166, 162)"
photo_167.jpg,330,Buffalo 1,Mildly Spoiled,"(168, 166, 161)"
photo_168.jpg,332,Buffalo 1,Mildly Spoiled,"(167, 166, 162)"
photo_169.jpg,334,Buffalo 1,Mildly Spoiled,"(168, 166, 162)"
photo_170.jpg,336,Buffalo 1,Mildly Spoiled,"(168, 166, 162)"
photo_171.jpg,338,Buffalo 1,Mildly Spoiled,"(168, 166, 162)"
photo_172.jpg,340,Buffalo 1,Mildly Spoiled,"(167, 167, 162)"
photo_173.jpg,342,Buffalo 1,Mildly Spoiled,"(168, 166, 161)"
photo_174.jpg,344,Buffalo 1,Mildly Spoiled,"(168, 166, 162)"
photo_175.jpg,346,Buffalo 1,Mildly Spoiled,"(168, 166, 162)"
photo_176.jpg,348,Buffalo 1,Mildly Spoiled,"(168, 166, 161)"
photo_177.jpg,350,Buffalo 1,Mildly Spoiled,"(168, 166, 162)"
photo_178.jpg,352,Buffalo 1,Mildly Spoiled,"(168, 166, 161)"
photo_179.jpg,354,Buffalo 1,Mildly Spoiled,"(168, 166, 162)"
photo_180.jpg,356,Buffalo 1,Mildly Spoiled,"(168, 166, 161)"
photo_181.jpg,358,Buffalo 1,Mildly Spoiled,"(168, 166, 162)"
photo_182.jpg,360,Buffalo 1,Mildly Spoiled,"(167, 166, 162)"
photo_183.jpg,362,Buffalo 1,Mildly Spoiled,"(168, 166, 161)"
photo_184.jpg,364,Buffalo 1,Mildly Spoiled,"(168, 166, 162)"
photo_185.jpg,366,Buffalo 1,Mildly Spoiled,"(168, 166, 162)"
photo_186.jpg,368,Buffalo 1,Mildly Spoiled,"(168, 166, 161)"
photo_187.jpg,370,Buffalo 1,Mildly Spoiled,"(168, 166, 162)"
photo_188.jpg,372,Buffalo 1,Mildly Spoiled,"(169, 166, 162)"
photo_189.jpg,374,Buffalo 1,Mildly Spoiled,"(168, 166, 161)"
photo_190.jpg,376,Buffalo 1,Mildly Spoiled,"(168, 166, 161)"
photo_191.jpg,378,Buffalo 1,Mildly Spoiled,"(168, 166, 161)"
photo_192.jpg,380,Buffalo 1,Mildly Spoiled,"(169, 166, 161)"
photo_193.jpg,382,Buffalo 1,Mildly Spoiled,"(168, 166, 162)"
photo_194.jpg,384,Buffalo 1,Mildly Spoiled,"(168, 166, 161)"
photo_195.jpg,386,Buffalo 1,Mildly Spoiled,"(168, 166, 162)"
photo_196.jpg,388,Buffalo 1,Mildly Spoiled,"(168, 166, 161)"
photo_197.jpg,390,Buffalo 1,Mildly Spoiled,"(168, 166, 161)"
photo_198.jpg,392,Buffalo 1,Mildly Spoiled,"(168, 166, 161)"
photo_199.jpg,394,Buffalo 1,Mildly Spoiled,"(169, 166, 161)"
photo_200.jpg,396,Buffalo 1,Mildly Spoiled,"(168, 166, 161)"
photo_201.jpg,398,Buffalo 1,Mildly Spoiled,"(168, 166, 164)"
photo_202.jpg,400,Buffalo 1,Mildly Spoiled,"(169, 165, 164)"
photo_203.jpg,402,Buffalo 1,Mildly Spoiled,"(168, 166, 164)"
photo_204.jpg,404,Buffalo 1,Mildly Spoiled,"(168, 166, 164)"
photo_205.jpg,406,Buffalo 1,Mildly Spoiled,"(169, 165, 165)"
photo_206.jpg,408,Buffalo 1,Mildly Spoiled,"(169, 165, 164)"
photo_207.jpg,410,Buffalo 1,Mildly Spoiled,"(168, 166, 165)"
photo_208.jpg,412,Buffalo 1,Mildly Spoiled,"(169, 165, 164)"
photo_209.jpg,414,Buffalo 1,Mildly Spoiled,"(168, 166, 164)"
photo_210.jpg,416,Buffalo 1,Mildly Spoiled,"(168, 165, 165)"
photo_211.jpg,418,Buffalo 1,Mildly Spoiled,"(168, 165, 164)"
photo_212.jpg,420,Buffalo 1,Mildly Spoiled,"(168, 165, 164)"
photo_213.jpg,422,Buffalo 1,Mildly Spoiled,"(168, 166, 165)"
photo_214.jpg,424,Buffalo 1,Mildly Spoiled,"(169, 165, 164)"
photo_215.jpg,426,Buffalo 1,Mildly Spoiled,"(168, 165, 164)"
photo_216.jpg,428,Buffalo 1,Mildly Spoiled,"(168, 165, 165)"
photo_217.jpg,430,Buffalo 1,Mildly Spoiled,"(168, 165, 164)"
photo_218.jpg,432,Buffalo 1,Mildly Spoiled,"(168, 165, 163)"
photo_219.jpg,434,Buffalo 1,Mildly Spoiled,"(168, 165, 163)"
photo_220.jpg,436,Buffalo 1,Mildly Spoiled,"(168, 165, 163)"
photo_221.jpg,438,Buffalo 1,Mildly Spoiled,"(168, 165, 164)"
photo_222.jpg,440,Buffalo 1,Mildly Spoiled,"(168, 165, 164)"
photo_223.jpg,442,Buffalo 1,Mildly Spoiled,"(168, 165, 164)"
photo_224.jpg,444,Buffalo 1,Mildly Spoiled,"(168, 165, 163)"
photo_225.jpg,446,Buffalo 1,Mildly Spoiled,"(168, 165, 164)"
photo_226.jpg,448,Buffalo 1,Mildly Spoiled,"(167, 165, 164)"
photo_227.jpg,450,Buffalo 1,Mildly Spoiled,"(168, 165, 164)"
photo_228.jpg,452,Buffalo 1,Mildly Spoiled,"(168, 165, 164)"
photo_229.jpg,454,Buffalo 1,Mildly Spoiled,"(168, 165, 164)"
photo_230.jpg,456,Buffalo 1,Mildly Spoiled,"(168, 165, 163)"
photo_231.jpg,458,Buffalo 1,Mildly Spoiled,"(168, 165, 164)"
photo_232.jpg,460,Buffalo 1,Mildly Spoiled,"(168, 165, 164)"
photo_233.jpg,462,Buffalo 1,Mildly Spoiled,"(168, 165, 164)"
photo_234.jpg,464,Buffalo 1,Mildly Spoiled,"(168, 165, 164)"
photo_235.jpg,466,Buffalo 1,Mildly Spoiled,"(168, 165, 164)"
photo_236.jpg,468,Buffalo 1,Mildly Spoiled,"(168, 165, 163)"
photo_237.jpg,470,Buffalo 1,Mildly Spoiled,"(168, 165, 164)"
photo_3.jpg,2,Buffalo 2,Mildly Spoiled,"(163, 200, 224)"
photo_4.jpg,4,Buffalo 2,Mildly Spoiled,"(164, 202, 226)"
photo_5.jpg,6,Buffalo 2,Mildly Spoiled,"(165, 203, 224)"
photo_6.jpg,8,Buffalo 2,Mildly Spoiled,"(166, 204, 224)"
photo_7.jpg,10,Buffalo 2,Mildly Spoiled,"(167, 204, 225)"
photo_8.jpg,12,Buffalo 2,Mildly Spoiled,"(167, 204, 225)"
photo_9.jpg,14,Buffalo 2,Mildly Spoiled,"(167, 204, 225)"
photo_10.jpg,16,Buffalo 2,Mildly Spoiled,"(168, 204, 225)"
photo_11.jpg,18,Buffalo 2,Mildly Spoiled,"(168, 204, 225)"
photo_12.jpg,20,Buffalo 2,Mildly Spoiled,"(168, 205, 225)"
photo_13.jpg,22,Buffalo 2,Mildly Spoiled,"(168, 205, 225)"
photo_14.jpg,24,Buffalo 2,Mildly Spoiled,"(168, 205, 225)"
photo_15.jpg,26,Buffalo 2,Mildly Spoiled,"(168, 205, 225)"
photo_16.jpg,28,Buffalo 2,Mildly Spoiled,"(169, 205, 225)"
photo_17.jpg,30,Buffalo 2,Mildly Spoiled,"(158, 172, 174)"
photo_18.jpg,32,Buffalo 2,Mildly Spoiled,"(157, 171, 174)"
photo_19.jpg,34,Buffalo 2,Mildly Spoiled,"(156, 171, 172)"
photo_20.jpg,36,Buffalo 2,Mildly Spoiled,"(157, 171, 172)"
photo_21.jpg,38,Buffalo 2,Mildly Spoiled,"(158, 170, 173)"
photo_22.jpg,40,Buffalo 2,Mildly Spoiled,"(157, 170, 172)"
photo_23.jpg,42,Buffalo 2,Mildly Spoiled,"(157, 170, 172)"
photo_24.jpg,44,Buffalo 2,Mildly Spoiled,"(157, 170, 171)"
photo_25.jpg,46,Buffalo 2,Mildly Spoiled,"(158, 170, 171)"
photo_26.jpg,48,Buffalo 2,Mildly Spoiled,"(157, 170, 170)"
photo_27.jpg,50,Buffalo 2,Mildly Spoiled,"(158, 169, 171)"
photo_28.jpg,52,Buffalo 2,Mildly Spoiled,"(158, 169, 170)"
photo_29.jpg,54,Buffalo 2,Mildly Spoiled,"(158, 169, 170)"
photo_30.jpg,56,Buffalo 2,Mildly Spoiled,"(157, 169, 169)"
photo_31.jpg,58,Buffalo 2,Mildly Spoiled,"(158, 169, 169)"
photo_32.jpg,60,Buffalo 2,Mildly Spoiled,"(158, 168, 169)"
photo_33.jpg,62,Buffalo 2,Mildly Spoiled,"(158, 169, 168)"
photo_34.jpg,64,Buffalo 2,Mildly Spoiled,"(158, 168, 169)"
photo_35.jpg,66,Buffalo 2,Mildly Spoiled,"(158, 168, 168)"
photo_36.jpg,68,Buffalo 2,Mildly Spoiled,"(158, 168, 168)"
photo_37.jpg,70,Buffalo 2,Mildly Spoiled,"(158, 169, 167)"
photo_38.jpg,72,Buffalo 2,Mildly Spoiled,"(158, 168, 168)"
photo_39.jpg,74,Buffalo 2,Mildly Spoiled,"(159, 168, 167)"
photo_40.jpg,76,Buffalo 2,Mildly Spoiled,"(159, 167, 167)"
photo_41.jpg,78,Buffalo 2,Mildly Spoiled,"(158, 167, 166)"
photo_42.jpg,80,Buffalo 2,Mildly Spoiled,"(159, 167, 166)"
photo_43.jpg,82,Buffalo 2,Mildly Spoiled,"(159, 167, 166)"
photo_44.jpg,84,Buffalo 2,Mildly Spoiled,"(159, 167, 166)"
photo_45.jpg,86,Buffalo 2,Mildly Spoiled,"(159, 167, 166)"
photo_46.jpg,88,Buffalo 2,Mildly Spoiled,"(159, 167, 165)"
photo_47.jpg,90,Buffalo 2,Mildly Spoiled,"(159, 167, 165)"
photo_48.jpg,92,Buffalo 2,Mildly Spoiled,"(159, 167, 165)"
photo_49.jpg,94,Buffalo 2,Mildly Spoiled,"(159, 167, 164)"
photo_50.jpg,96,Buffalo 2,Mildly Spoiled,"(160, 167, 164)"
photo_51.jpg,98,Buffalo 2,Mildly Spoiled,"(159, 167, 165)"
photo_52.jpg,100,Buffalo 2,Mildly Spoiled,"(160, 166, 164)"
photo_53.jpg,102,Buffalo 2,Mildly Spoiled,"(160, 166, 164)"
photo_54.jpg,104,Buffalo 2,Mildly Spoiled,"(160, 166, 165)"
photo_55.jpg,106,Buffalo 2,Mildly Spoiled,"(161, 166, 165)"
photo_56.jpg,108,Buffalo 2,Mildly Spoiled,"(160, 167, 164)"
photo_57.jpg,110,Buffalo 2,Mildly Spoiled,"(160, 167, 164)"
photo_58.jpg,112,Buffalo 2,Mildly Spoiled,"(161, 166, 164)"
photo_59.jpg,114,Buffalo 2,Mildly Spoiled,"(161, 166, 163)"
photo_60.jpg,116,Buffalo 2,Mildly Spoiled,"(160, 166, 164)"
photo_61.jpg,118,Buffalo 2,Mildly Spoiled,"(161, 166, 164)"
photo_62.jpg,120,Buffalo 2,Mildly Spoiled,"(160, 166, 164)"
photo_63.jpg,122,Buffalo 2,Mildly Spoiled,"(160, 166, 163)"
photo_64.jpg,124,Buffalo 2,Mildly Spoiled,"(161, 166, 163)"
photo_65.jpg,126,Buffalo 2,Mildly Spoiled,"(160, 166, 163)"
photo_66.jpg,128,Buffalo 2,Mildly Spoiled,"(160, 166, 163)"
photo_67.jpg,130,Buffalo 2,Mildly Spoiled,"(161, 166, 164)"
photo_68.jpg,132,Buffalo 2,Mildly Spoiled,"(160, 166, 163)"
photo_69.jpg,134,Buffalo 2,Mildly Spoiled,"(161, 166, 163)"
photo_70.jpg,136,Buffalo 2,Mildly Spoiled,"(161, 166, 163)"
photo_71.jpg,138,Buffalo 2,Mildly Spoiled,"(161, 166, 163)"
photo_72.jpg,140,Buffalo 2,Mildly Spoiled,"(161, 166, 163)"
photo_73.jpg,142,Buffalo 2,Mildly Spoiled,"(161, 166, 163)"
photo_74.jpg,144,Buffalo 2,Mildly Spoiled,"(161, 166, 163)"
photo_75.jpg,146,Buffalo 2,Mildly Spoiled,"(161, 166, 162)"
photo_76.jpg,148,Buffalo 2,Mildly Spoiled,"(162, 166, 162)"
photo_77.jpg,150,Buffalo 2,Mildly Spoiled,"(161, 166, 163)"
photo_78.jpg,152,Buffalo 2,Mildly Spoiled,"(161, 166, 163)"
photo_79.jpg,154,Buffalo 2,Mildly Spoiled,"(161, 166, 161)"
photo_80.jpg,156,Buffalo 2,Mildly Spoiled,"(161, 166, 162)"
photo_81.jpg,158,Buffalo 2,Mildly Spoiled,"(161, 166, 162)"
photo_82.jpg,160,Buffalo 2,Mildly Spoiled,"(162, 166, 162)"
photo_83.jpg,162,Buffalo 2,Mildly Spoiled,"(161, 166, 162)"
photo_84.jpg,164,Buffalo 2,Mildly Spoiled,"(161, 166, 161)"
photo_85.jpg,166,Buffalo 2,Mildly Spoiled,"(162, 166, 162)"
photo_86.jpg,168,Buffalo 2,Mildly Spoiled,"(162, 166, 161)"
photo_87.jpg,170,Buffalo 2,Mildly Spoiled,"(161, 166, 161)"
photo_88.jpg,172,Buffalo 2,Mildly Spoiled,"(162, 166, 162)"
photo_89.jpg,174,Buffalo 2,Mildly Spoiled,"(162, 166, 162)"
photo_90.jpg,176,Buffalo 2,Mildly Spoiled,"(162, 166, 161)"
photo_91.jpg,178,Buffalo 2,Mildly Spoiled,"(162, 166, 161)"
photo_92.jpg,180,Buffalo 2,Mildly Spoiled,"(162, 166, 162)"
photo_93.jpg,182,Buffalo 2,Mildly Spoiled,"(162, 166, 162)"
photo_94.jpg,184,Buffalo 2,Mildly Spoiled,"(162, 166, 161)"
photo_95.jpg,186,Buffalo 2,Mildly Spoiled,"(162, 166, 162)"
photo_96.jpg,188,Buffalo 2,Mildly Spoiled,"(163, 166, 161)"
photo_97.jpg,190,Buffalo 2,Mildly Spoiled,"(162, 166, 161)"
photo_98.jpg,192,Buffalo 2,Mildly Spoiled,"(162, 166, 161)"
photo_99.jpg,194,Buffalo 2,Mildly Spoiled,"(162, 166, 161)"
photo_100.jpg,196,Buffalo 2,Mildly Spoiled,"(162, 166, 161)"
photo_101.jpg,198,Buffalo 2,Mildly Spoiled,"(162, 166, 161)"
photo_102.jpg,200,Buffalo 2,Mildly Spoiled,"(162, 166, 161)"
photo_103.jpg,202,Buffalo 2,Mildly Spoiled,"(162, 166, 161)"
photo_104.jpg,204,Buffalo 2,Mildly Spoiled,"(163, 166, 161)"
photo_105.jpg,206,Buffalo 2,Mildly Spoiled,"(162, 166, 160)"
photo_106.jpg,208,Buffalo 2,Mildly Spoiled,"(163, 166, 161)"
photo_107.jpg,210,Buffalo 2,Mildly Spoiled,"(163, 166, 161)"
photo_108.jpg,212,Buffalo 2,Mildly Spoiled,"(163, 166, 161)"
photo_109.jpg,214,Buffalo 2,Mildly Spoiled,"(163, 166, 160)"
photo_110.jpg,216,Buffalo 2,Mildly Spoiled,"(162, 167, 160)"
photo_111.jpg,218,Buffalo 2,Mildly Spoiled,"(162, 166, 161)"
photo_112.jpg,220,Buffalo 2,Mildly Spoiled,"(162, 166, 161)"
photo_113.jpg,222,Buffalo 2,Mildly Spoiled,"(163, 167, 160)"
photo_114.jpg,224,Buffalo 2,Mildly Spoiled,"(163, 166, 161)"
photo_115.jpg,226,Buffalo 2,Mildly Spoiled,"(163, 166, 160)"
photo_116.jpg,228,Buffalo 2,Mildly Spoiled,"(163, 167, 160)"
photo_117.jpg,230,Buffalo 2,Mildly Spoiled,"(163, 166, 160)"
photo_118.jpg,232,Buffalo 2,Mildly Spoiled,"(163, 166, 160)"
photo_119.jpg,234,Buffalo 2,Mildly Spoiled,"(163, 167, 160)"
photo_120.jpg,236,Buffalo 2,Mildly Spoiled,"(163, 167, 160)"
photo_121.jpg,238,Buffalo 2,Mildly Spoiled,"(163, 167, 160)"
photo_122.jpg,240,Buffalo 2,Mildly Spoiled,"(163, 166, 161)"
photo_123.jpg,242,Buffalo 2,Mildly Spoiled,"(163, 166, 160)"
photo_124.jpg,244,Buffalo 2,Mildly Spoiled,"(163, 166, 161)"
photo_125.jpg,246,Buffalo 2,Mildly Spoiled,"(163, 166, 159)"
photo_126.jpg,248,Buffalo 2,Mildly Spoiled,"(164, 166, 160)"
photo_127.jpg,250,Buffalo 2,Mildly Spoiled,"(163, 167, 160)"
photo_128.jpg,252,Buffalo 2,Mildly Spoiled,"(163, 167, 159)"
photo_129.jpg,254,Buffalo 2,Mildly Spoiled,"(164, 166, 160)"
photo_130.jpg,256,Buffalo 2,Mildly Spoiled,"(163, 167, 159)"
photo_131.jpg,258,Buffalo 2,Mildly Spoiled,"(164, 166, 160)"
photo_132.jpg,260,Buffalo 2,Mildly Spoiled,"(164, 166, 159)"
photo_133.jpg,262,Buffalo 2,Mildly Spoiled,"(164, 167, 159)"
photo_134.jpg,264,Buffalo 2,Mildly Spoiled,"(164, 166, 160)"
photo_135.jpg,266,Buffalo 2,Mildly Spoiled,"(164, 166, 160)"
photo_136.jpg,268,Buffalo 2,Mildly Spoiled,"(164, 166, 160)"
photo_137.jpg,270,Buffalo 2,Mildly Spoiled,"(164, 166, 160)"
photo_138.jpg,272,Buffalo 2,Mildly Spoiled,"(163, 166, 160)"
photo_139.jpg,274,Buffalo 2,Mildly Spoiled,"(164, 167, 160)"
photo_140.jpg,276,Buffalo 2,Mildly Spoiled,"(164, 166, 159)"
photo_141.jpg,278,Buffalo 2,Mildly Spoiled,"(164, 167, 159)"
photo_142.jpg,280,Buffalo 2,Mildly Spoiled,"(164, 167, 159)"
photo_143.jpg,282,Buffalo 2,Mildly Spoiled,"(164, 167, 159)"
photo_144.jpg,284,Buffalo 2,Mildly Spoiled,"(164, 166, 160)"
photo_145.jpg,286,Buffalo 2,Mildly Spoiled,"(164, 166, 159)"
photo_146.jpg,288,Buffalo 2,Mildly Spoiled,"(165, 166, 159)"
photo_147.jpg,290,Buffalo 2,Mildly Spoiled,"(165, 166, 159)"
photo_148.jpg,292,Buffalo 2,Mildly Spoiled,"(165, 167, 159)"
photo_149.jpg,294,Buffalo 2,Mildly Spoiled,"(165, 166, 160)"
photo_150.jpg,296,Buffalo 2,Mildly Spoiled,"(165, 166, 159)"
photo_151.jpg,298,Buffalo 2,Mildly Spoiled,"(165, 167, 158)"
photo_152.jpg,300,Buffalo 2,Mildly Spoiled,"(165, 167, 159)"
photo_153.jpg,302,Buffalo 2,Mildly Spoiled,"(165, 167, 159)"
photo_154.jpg,304,Buffalo 2,Mildly Spoiled,"(165, 167, 159)"
photo_155.jpg,306,Buffalo 2,Mildly Spoiled,"(165, 167, 159)"
photo_156.jpg,308,Buffalo 2,Mildly Spoiled,"(165, 167, 159)"
photo_157.jpg,310,Buffalo 2,Mildly Spoiled,"(165, 167, 159)"
photo_158.jpg,312,Buffalo 2,Mildly Spoiled,"(165, 166, 159)"
photo_159.jpg,314,Buffalo 2,Mildly Spoiled,"(166, 166, 159)"
photo_160.jpg,316,Buffalo 2,Mildly Spoiled,"(165, 167, 158)"
photo_161.jpg,318,Buffalo 2,Mildly Spoiled,"(165, 167, 159)"
photo_162.jpg,320,Buffalo 2,Mildly Spoiled,"(166, 167, 158)"
photo_163.jpg,322,Buffalo 2,Mildly Spoiled,"(166, 167, 158)"
photo_164.jpg,324,Buffalo 2,Mildly Spoiled,"(166, 167, 158)"
photo_165.jpg,326,Buffalo 2,Mildly Spoiled,"(166, 167, 159)"
photo_166.jpg,328,Buffalo 2,Mildly Spoiled,"(165, 167, 158)"
photo_167.jpg,330,Buffalo 2,Mildly Spoiled,"(166, 167, 158)"
photo_168.jpg,332,Buffalo 2,Mildly Spoiled,"(166, 167, 158)"
photo_169.jpg,334,Buffalo 2,Mildly Spoiled,"(166, 167, 158)"
photo_170.jpg,336,Buffalo 2,Mildly Spoiled,"(166, 167, 159)"
photo_171.jpg,338,Buffalo 2,Mildly Spoiled,"(166, 167, 158)"
photo_172.jpg,340,Buffalo 2,Mildly Spoiled,"(166, 167, 158)"
photo_173.jpg,342,Buffalo 2,Mildly Spoiled,"(166, 167, 158)"
photo_174.jpg,344,Buffalo 2,Mildly Spoiled,"(166, 167, 158)"
photo_175.jpg,346,Buffalo 2,Mildly Spoiled,"(166, 167, 158)"
photo_176.jpg,348,Buffalo 2,Mildly Spoiled,"(166, 167, 158)"
photo_177.jpg,350,Buffalo 2,Mildly Spoiled,"(167, 167, 159)"
photo_178.jpg,352,Buffalo 2,Mildly Spoiled,"(166, 167, 158)"
photo_179.jpg,354,Buffalo 2,Mildly Spoiled,"(166, 167, 158)"
photo_180.jpg,356,Buffalo 2,Mildly Spoiled,"(166, 167, 158)"
photo_181.jpg,358,Buffalo 2,Mildly Spoiled,"(167, 167, 158)"
photo_182.jpg,360,Buffalo 2,Mildly Spoiled,"(167, 167, 157)"
photo_183.jpg,362,Buffalo 2,Mildly Spoiled,"(167, 167, 158)"
photo_184.jpg,364,Buffalo 2,Mildly Spoiled,"(167, 167, 158)"
photo_185.jpg,366,Buffalo 2,Mildly Spoiled,"(167, 167, 158)"
photo_186.jpg,368,Buffalo 2,Mildly Spoiled,"(167, 167, 158)"
photo_187.jpg,370,Buffalo 2,Mildly Spoiled,"(167, 167, 158)"
photo_188.jpg,372,Buffalo 2,Mildly Spoiled,"(167, 167, 158)"
photo_189.jpg,374,Buffalo 2,Mildly Spoiled,"(167, 167, 157)"
photo_190.jpg,376,Buffalo 2,Mildly Spoiled,"(167, 167, 158)"
photo_191.jpg,378,Buffalo 2,Mildly Spoiled,"(167, 167, 158)"
photo_192.jpg,380,Buffalo 2,Mildly Spoiled,"(168, 167, 158)"
photo_193.jpg,382,Buffalo 2,Mildly Spoiled,"(167, 167, 157)"
photo_194.jpg,384,Buffalo 2,Mildly Spoiled,"(168, 167, 158)"
photo_195.jpg,386,Buffalo 2,Mildly Spoiled,"(168, 167, 158)"
photo_196.jpg,388,Buffalo 2,Mildly Spoiled,"(167, 167, 158)"
photo_197.jpg,390,Buffalo 2,Mildly Spoiled,"(167, 167, 157)"
photo_198.jpg,392,Buffalo 2,Mildly Spoiled,"(168, 167, 158)"
photo_199.jpg,394,Buffalo 2,Mildly Spoiled,"(167, 167, 157)"
photo_200.jpg,396,Buffalo 2,Mildly Spoiled,"(168, 167, 157)"
photo_201.jpg,398,Buffalo 2,Mildly Spoiled,"(168, 166, 162)"
photo_202.jpg,400,Buffalo 2,Mildly Spoiled,"(168, 166, 161)"
photo_203.jpg,402,Buffalo 2,Mildly Spoiled,"(168, 167, 160)"
photo_204.jpg,404,Buffalo 2,Mildly Spoiled,"(168, 166, 161)"
photo_205.jpg,406,Buffalo 2,Mildly Spoiled,"(168, 166, 161)"
photo_206.jpg,408,Buffalo 2,Mildly Spoiled,"(168, 167, 161)"
photo_207.jpg,410,Buffalo 2,Mildly Spoiled,"(167, 167, 161)"
photo_208.jpg,412,Buffalo 2,Mildly Spoiled,"(167, 167, 161)"
photo_209.jpg,414,Buffalo 2,Mildly Spoiled,"(168, 167, 161)"
photo_210.jpg,416,Buffalo 2,Mildly Spoiled,"(168, 166, 161)"
photo_211.jpg,418,Buffalo 2,Mildly Spoiled,"(168, 166, 161)"
photo_212.jpg,420,Buffalo 2,Mildly Spoiled,"(169, 166, 161)"
photo_213.jpg,422,Buffalo 2,Mildly Spoiled,"(168, 166, 161)"
photo_214.jpg,424,Buffalo 2,Mildly Spoiled,"(168, 166, 161)"
photo_215.jpg,426,Buffalo 2,Mildly Spoiled,"(167, 167, 160)"
photo_216.jpg,428,Buffalo 2,Mildly Spoiled,"(168, 166, 161)"
photo_217.jpg,430,Buffalo 2,Mildly Spoiled,"(168, 166, 161)"
photo_218.jpg,432,Buffalo 2,Mildly Spoiled,"(168, 166, 160)"
photo_219.jpg,434,Buffalo 2,Mildly Spoiled,"(168, 167, 159)"
photo_220.jpg,436,Buffalo 2,Mildly Spoiled,"(167, 166, 159)"
photo_221.jpg,438,Buffalo 2,Mildly Spoiled,"(168, 166, 160)"
photo_222.jpg,440,Buffalo 2,Mildly Spoiled,"(168, 166, 160)"
photo_223.jpg,442,Buffalo 2,Mildly Spoiled,"(167, 166, 160)"
photo_224.jpg,444,Buffalo 2,Mildly Spoiled,"(168, 166, 160)"
photo_225.jpg,446,Buffalo 2,Mildly Spoiled,"(167, 166, 161)"
photo_226.jpg,448,Buffalo 2,Mildly Spoiled,"(168, 166, 160)"
photo_227.jpg,450,Buffalo 2,Mildly Spoiled,"(167, 166, 161)"
photo_228.jpg,452,Buffalo 2,Mildly Spoiled,"(168, 166, 160)"
photo_229.jpg,454,Buffalo 2,Mildly Spoiled,"(167, 166, 160)"
photo_230.jpg,456,Buffalo 2,Mildly Spoiled,"(167, 166, 160)"
photo_231.jpg,458,Buffalo 2,Mildly Spoiled,"(168, 166, 160)"
photo_232.jpg,460,Buffalo 2,Mildly Spoiled,"(168, 166, 160)"
photo_233.jpg,462,Buffalo 2,Mildly Spoiled,"(168, 166, 160)"
photo_234.jpg,464,Buffalo 2,Mildly Spoiled,"(167, 166, 161)"
photo_235.jpg,466,Buffalo 2,Mildly Spoiled,"(168, 166, 160)"
photo_236.jpg,468,Buffalo 2,Mildly Spoiled,"(167, 166, 160)"
photo_237.jpg,470,Buffalo 2,Mildly Spoiled,"(167, 166, 160)"
photo_3.jpg,2,Buffalo 3,Fresh,"(143, 183, 209)"
photo_4.jpg,4,Buffalo 3,Fresh,"(145, 186, 211)"
photo_5.jpg,6,Buffalo 3,Fresh,"(146, 187, 209)"
photo_6.jpg,8,Buffalo 3,Fresh,"(147, 188, 209)"
photo_7.jpg,10,Buffalo 3,Fresh,"(148, 188, 210)"
photo_8.jpg,12,Buffalo 3,Fresh,"(148, 189, 210)"
photo_9.jpg,14,Buffalo 3,Fresh,"(149, 189, 210)"
photo_10.jpg,16,Buffalo 3,Fresh,"(149, 189, 210)"
photo_11.jpg,18,Buffalo 3,Fresh,"(149, 189, 210)"
photo_12.jpg,20,Buffalo 3,Fresh,"(150, 189, 210)"
photo_13.jpg,22,Buffalo 3,Fresh,"(149, 189, 210)"
photo_14.jpg,24,Buffalo 3,Fresh,"(150, 190, 210)"
photo_15.jpg,26,Buffalo 3,Fresh,"(150, 190, 210)"
photo_16.jpg,28,Buffalo 3,Fresh,"(150, 190, 210)"
photo_17.jpg,30,Buffalo 3,Fresh,"(135, 144, 143)"
photo_18.jpg,32,Buffalo 3,Fresh,"(135, 143, 142)"
photo_19.jpg,34,Buffalo 3,Fresh,"(134, 143, 141)"
photo_20.jpg,36,Buffalo 3,Fresh,"(135, 142, 141)"
photo_21.jpg,38,Buffalo 3,Fresh,"(136, 142, 142)"
photo_22.jpg,40,Buffalo 3,Fresh,"(135, 142, 141)"
photo_23.jpg,42,Buffalo 3,Fresh,"(135, 141, 141)"
photo_24.jpg,44,Buffalo 3,Fresh,"(135, 142, 140)"
photo_25.jpg,46,Buffalo 3,Fresh,"(135, 141, 140)"
photo_26.jpg,48,Buffalo 3,Fresh,"(135, 141, 139)"
photo_27.jpg,50,Buffalo 3,Fresh,"(136, 141, 139)"
photo_28.jpg,52,Buffalo 3,Fresh,"(135, 141, 139)"
photo_29.jpg,54,Buffalo 3,Fresh,"(136, 141, 139)"
photo_30.jpg,56,Buffalo 3,Fresh,"(135, 141, 138)"
photo_31.jpg,58,Buffalo 3,Fresh,"(135, 141, 138)"
photo_32.jpg,60,Buffalo 3,Fresh,"(136, 140, 137)"
photo_33.jpg,62,Buffalo 3,Fresh,"(136, 141, 137)"
photo_34.jpg,64,Buffalo 3,Fresh,"(137, 140, 137)"
photo_35.jpg,66,Buffalo 3,Fresh,"(136, 140, 137)"
photo_36.jpg,68,Buffalo 3,Fresh,"(137, 140, 136)"
photo_37.jpg,70,Buffalo 3,Fresh,"(136, 140, 137)"
photo_38.jpg,72,Buffalo 3,Fresh,"(136, 140, 137)"
photo_39.jpg,74,Buffalo 3,Fresh,"(136, 139, 136)"
photo_40.jpg,76,Buffalo 3,Fresh,"(136, 139, 136)"
photo_41.jpg,78,Buffalo 3,Fresh,"(137, 139, 136)"
photo_42.jpg,80,Buffalo 3,Fresh,"(137, 139, 135)"
photo_43.jpg,82,Buffalo 3,Fresh,"(136, 139, 135)"
photo_44.jpg,84,Buffalo 3,Fresh,"(136, 139, 135)"
photo_45.jpg,86,Buffalo 3,Fresh,"(136, 138, 135)"
photo_46.jpg,88,Buffalo 3,Fresh,"(137, 138, 134)"
photo_47.jpg,90,Buffalo 3,Fresh,"(136, 138, 134)"
photo_48.jpg,92,Buffalo 3,Fresh,"(136, 138, 134)"
photo_49.jpg,94,Buffalo 3,Fresh,"(136, 138, 134)"
photo_50.jpg,96,Buffalo 3,Fresh,"(136, 137, 134)"
photo_51.jpg,98,Buffalo 3,Fresh,"(136, 138, 134)"
photo_52.jpg,100,Buffalo 3,Fresh,"(136, 137, 134)"
photo_53.jpg,102,Buffalo 3,Fresh,"(136, 137, 132)"
photo_54.jpg,104,Buffalo 3,Fresh,"(136, 137, 134)"
photo_55.jpg,106,Buffalo 3,Fresh,"(137, 137, 133)"
photo_56.jpg,108,Buffalo 3,Fresh,"(136, 137, 133)"
photo_57.jpg,110,Buffalo 3,Fresh,"(136, 137, 132)"
photo_58.jpg,112,Buffalo 3,Fresh,"(136, 137, 133)"
photo_59.jpg,114,Buffalo 3,Fresh,"(136, 137, 133)"
photo_60.jpg,116,Buffalo 3,Fresh,"(136, 137, 132)"
photo_61.jpg,118,Buffalo 3,Fresh,"(137, 137, 133)"
photo_62.jpg,120,Buffalo 3,Fresh,"(137, 137, 132)"
photo_63.jpg,122,Buffalo 3,Fresh,"(136, 137, 133)"
photo_64.jpg,124,Buffalo 3,Fresh,"(136, 137, 132)"
photo_65.jpg,126,Buffalo 3,Fresh,"(136, 137, 132)"
photo_66.jpg,128,Buffalo 3,Fresh,"(136, 136, 132)"
photo_67.jpg,130,Buffalo 3,Fresh,"(136, 137, 132)"
photo_68.jpg,132,Buffalo 3,Fresh,"(136, 137, 131)"
photo_69.jpg,134,Buffalo 3,Fresh,"(136, 137, 131)"
photo_70.jpg,136,Buffalo 3,Fresh,"(136, 136, 132)"
photo_71.jpg,138,Buffalo 3,Fresh,"(137, 136, 132)"
photo_72.jpg,140,Buffalo 3,Fresh,"(137, 136, 132)"
photo_73.jpg,142,Buffalo 3,Fresh,"(136, 136, 131)"
photo_74.jpg,144,Buffalo 3,Fresh,"(136, 137, 132)"
photo_75.jpg,146,Buffalo 3,Fresh,"(136, 137, 131)"
photo_76.jpg,148,Buffalo 3,Fresh,"(136, 136, 131)"
photo_77.jpg,150,Buffalo 3,Fresh,"(137, 136, 132)"
photo_78.jpg,152,Buffalo 3,Fresh,"(136, 136, 131)"
photo_79.jpg,154,Buffalo 3,Fresh,"(136, 136, 131)"
photo_80.jpg,156,Buffalo 3,Fresh,"(136, 137, 131)"
photo_81.jpg,158,Buffalo 3,Fresh,"(136, 136, 131)"
photo_82.jpg,160,Buffalo 3,Fresh,"(136, 136, 130)"
photo_83.jpg,162,Buffalo 3,Fresh,"(137, 136, 131)"
photo_84.jpg,164,Buffalo 3,Fresh,"(136, 136, 131)"
photo_85.jpg,166,Buffalo 3,Fresh,"(136, 136, 130)"
photo_86.jpg,168,Buffalo 3,Fresh,"(136, 136, 130)"
photo_87.jpg,170,Buffalo 3,Fresh,"(136, 136, 131)"
photo_88.jpg,172,Buffalo 3,Fresh,"(136, 136, 131)"
photo_89.jpg,174,Buffalo 3,Fresh,"(136, 136, 130)"
photo_90.jpg,176,Buffalo 3,Fresh,"(136, 136, 130)"
photo_91.jpg,178,Buffalo 3,Fresh,"(136, 136, 131)"
photo_92.jpg,180,Buffalo 3,Fresh,"(136, 135, 131)"
photo_93.jpg,182,Buffalo 3,Fresh,"(136, 136, 131)"
photo_94.jpg,184,Buffalo 3,Fresh,"(136, 136, 130)"
photo_95.jpg,186,Buffalo 3,Fresh,"(136, 136, 131)"
photo_96.jpg,188,Buffalo 3,Fresh,"(136, 136, 130)"
photo_97.jpg,190,Buffalo 3,Fresh,"(137, 136, 131)"
photo_98.jpg,192,Buffalo 3,Fresh,"(136, 136, 130)"
photo_99.jpg,194,Buffalo 3,Fresh,"(136, 135, 131)"
photo_100.jpg,196,Buffalo 3,Fresh,"(136, 136, 130)"
photo_101.jpg,198,Buffalo 3,Fresh,"(137, 135, 130)"
photo_102.jpg,200,Buffalo 3,Fresh,"(136, 136, 130)"
photo_103.jpg,202,Buffalo 3,Fresh,"(136, 135, 130)"
photo_104.jpg,204,Buffalo 3,Fresh,"(136, 135, 130)"
photo_105.jpg,206,Buffalo 3,Fresh,"(136, 135, 130)"
photo_106.jpg,208,Buffalo 3,Fresh,"(136, 136, 130)"
photo_107.jpg,210,Buffalo 3,Fresh,"(136, 135, 129)"
photo_108.jpg,212,Buffalo 3,Fresh,"(136, 135, 130)"
photo_109.jpg,214,Buffalo 3,Fresh,"(136, 135, 131)"
photo_110.jpg,216,Buffalo 3,Fresh,"(135, 135, 129)"
photo_111.jpg,218,Buffalo 3,Fresh,"(136, 135, 129)"
photo_112.jpg,220,Buffalo 3,Fresh,"(135, 135, 129)"
photo_113.jpg,222,Buffalo 3,Fresh,"(136, 135, 130)"
photo_114.jpg,224,Buffalo 3,Fresh,"(136, 135, 130)"
photo_115.jpg,226,Buffalo 3,Fresh,"(136, 135, 130)"
photo_116.jpg,228,Buffalo 3,Fresh,"(135, 136, 129)"
photo_117.jpg,230,Buffalo 3,Fresh,"(135, 135, 130)"
photo_118.jpg,232,Buffalo 3,Fresh,"(136, 135, 129)"
photo_119.jpg,234,Buffalo 3,Fresh,"(135, 135, 129)"
photo_120.jpg,236,Buffalo 3,Fresh,"(136, 135, 130)"
photo_121.jpg,238,Buffalo 3,Fresh,"(135, 135, 129)"
photo_122.jpg,240,Buffalo 3,Fresh,"(135, 135, 129)"
photo_123.jpg,242,Buffalo 3,Fresh,"(135, 135, 129)"
photo_124.jpg,244,Buffalo 3,Fresh,"(135, 135, 129)"
photo_125.jpg,246,Buffalo 3,Fresh,"(135, 135, 129)"
photo_126.jpg,248,Buffalo 3,Fresh,"(135, 135, 130)"
photo_127.jpg,250,Buffalo 3,Fresh,"(135, 135, 130)"
photo_128.jpg,252,Buffalo 3,Fresh,"(136, 135, 129)"
photo_129.jpg,254,Buffalo 3,Fresh,"(135, 135, 130)"
photo_130.jpg,256,Buffalo 3,Fresh,"(135, 135, 128)"
photo_131.jpg,258,Buffalo 3,Fresh,"(135, 135, 129)"
photo_132.jpg,260,Buffalo 3,Fresh,"(136, 135, 129)"
photo_133.jpg,262,Buffalo 3,Fresh,"(135, 135, 128)"
photo_134.jpg,264,Buffalo 3,Fresh,"(135, 135, 129)"
photo_135.jpg,266,Buffalo 3,Fresh,"(135, 135, 129)"
photo_136.jpg,268,Buffalo 3,Fresh,"(135, 134, 130)"
photo_137.jpg,270,Buffalo 3,Fresh,"(135, 135, 128)"
photo_138.jpg,272,Buffalo 3,Fresh,"(135, 135, 129)"
photo_139.jpg,274,Buffalo 3,Fresh,"(135, 135, 129)"
photo_140.jpg,276,Buffalo 3,Fresh,"(136, 134, 129)"
photo_141.jpg,278,Buffalo 3,Fresh,"(135, 135, 128)"
photo_142.jpg,280,Buffalo 3,Fresh,"(135, 134, 129)"
photo_143.jpg,282,Buffalo 3,Fresh,"(135, 135, 129)"
photo_144.jpg,284,Buffalo 3,Fresh,"(135, 135, 129)"
photo_145.jpg,286,Buffalo 3,Fresh,"(135, 135, 128)"
photo_146.jpg,288,Buffalo 3,Fresh,"(136, 134, 129)"
photo_147.jpg,290,Buffalo 3,Fresh,"(135, 135, 129)"
photo_148.jpg,292,Buffalo 3,Fresh,"(135, 134, 128)"
photo_149.jpg,294,Buffalo 3,Fresh,"(135, 134, 128)"
photo_150.jpg,296,Buffalo 3,Fresh,"(135, 134, 129)"
photo_151.jpg,298,Buffalo 3,Fresh,"(134, 135, 129)"
photo_152.jpg,300,Buffalo 3,Fresh,"(135, 134, 129)"
photo_153.jpg,302,Buffalo 3,Fresh,"(135, 135, 128)"
photo_154.jpg,304,Buffalo 3,Fresh,"(135, 134, 128)"
photo_155.jpg,306,Buffalo 3,Fresh,"(135, 134, 128)"
photo_156.jpg,308,Buffalo 3,Fresh,"(134, 135, 129)"
photo_157.jpg,310,Buffalo 3,Fresh,"(135, 134, 129)"
photo_158.jpg,312,Buffalo 3,Fresh,"(135, 134, 128)"
photo_159.jpg,314,Buffalo 3,Fresh,"(135, 134, 128)"
photo_160.jpg,316,Buffalo 3,Fresh,"(135, 134, 128)"
photo_161.jpg,318,Buffalo 3,Fresh,"(136, 134, 129)"
photo_162.jpg,320,Buffalo 3,Fresh,"(135, 134, 127)"
photo_163.jpg,322,Buffalo 3,Fresh,"(135, 134, 128)"
photo_164.jpg,324,Buffalo 3,Fresh,"(135, 134, 129)"
photo_165.jpg,326,Buffalo 3,Fresh,"(135, 135, 127)"
photo_166.jpg,328,Buffalo 3,Fresh,"(134, 134, 128)"
photo_167.jpg,330,Buffalo 3,Fresh,"(135, 134, 127)"
photo_168.jpg,332,Buffalo 3,Fresh,"(134, 135, 128)"
photo_169.jpg,334,Buffalo 3,Fresh,"(135, 135, 127)"
photo_170.jpg,336,Buffalo 3,Fresh,"(135, 134, 127)"
photo_171.jpg,338,Buffalo 3,Fresh,"(135, 135, 127)"
photo_172.jpg,340,Buffalo 3,Fresh,"(135, 134, 127)"
photo_173.jpg,342,Buffalo 3,Fresh,"(135, 134, 128)"
photo_174.jpg,344,Buffalo 3,Fresh,"(135, 134, 128)"
photo_175.jpg,346,Buffalo 3,Fresh,"(135, 134, 128)"
photo_176.jpg,348,Buffalo 3,Fresh,"(135, 134, 128)"
photo_177.jpg,350,Buffalo 3,Fresh,"(135, 134, 128)"
photo_178.jpg,352,Buffalo 3,Fresh,"(135, 134, 128)"
photo_179.jpg,354,Buffalo 3,Fresh,"(135, 134, 127)"
photo_180.jpg,356,Buffalo 3,Fresh,"(135, 134, 128)"
photo_181.jpg,358,Buffalo 3,Fresh,"(135, 134, 128)"
photo_182.jpg,360,Buffalo 3,Fresh,"(135, 134, 127)"
photo_183.jpg,362,Buffalo 3,Fresh,"(135, 134, 127)"
photo_184.jpg,364,Buffalo 3,Fresh,"(135, 134, 128)"
photo_185.jpg,366,Buffalo 3,Fresh,"(135, 134, 128)"
photo_186.jpg,368,Buffalo 3,Fresh,"(135, 134, 128)"
photo_187.jpg,370,Buffalo 3,Fresh,"(136, 134, 128)"
photo_188.jpg,372,Buffalo 3,Fresh,"(135, 134, 127)"
photo_189.jpg,374,Buffalo 3,Fresh,"(135, 134, 127)"
photo_190.jpg,376,Buffalo 3,Fresh,"(135, 134, 127)"
photo_191.jpg,378,Buffalo 3,Fresh,"(135, 134, 127)"
photo_192.jpg,380,Buffalo 3,Fresh,"(136, 134, 128)"
photo_193.jpg,382,Buffalo 3,Fresh,"(135, 134, 127)"
photo_194.jpg,384,Buffalo 3,Fresh,"(135, 134, 127)"
photo_195.jpg,386,Buffalo 3,Fresh,"(135, 134, 127)"
photo_196.jpg,388,Buffalo 3,Fresh,"(136, 134, 127)"
photo_197.jpg,390,Buffalo 3,Fresh,"(135, 134, 128)"
photo_198.jpg,392,Buffalo 3,Fresh,"(136, 134, 128)"
photo_199.jpg,394,Buffalo 3,Fresh,"(136, 134, 128)"
photo_200.jpg,396,Buffalo 3,Fresh,"(135, 134, 128)"
photo_201.jpg,398,Buffalo 3,Fresh,"(136, 134, 131)"
photo_202.jpg,400,Buffalo 3,Fresh,"(136, 134, 130)"
photo_203.jpg,402,Buffalo 3,Fresh,"(136, 134, 130)"
photo_204.jpg,404,Buffalo 3,Fresh,"(136, 134, 130)"
photo_205.jpg,406,Buffalo 3,Fresh,"(135, 134, 130)"
photo_206.jpg,408,Buffalo 3,Fresh,"(136, 133, 131)"
photo_207.jpg,410,Buffalo 3,Fresh,"(136, 134, 130)"
photo_208.jpg,412,Buffalo 3,Fresh,"(136, 134, 130)"
photo_209.jpg,414,Buffalo 3,Fresh,"(135, 134, 130)"
photo_210.jpg,416,Buffalo 3,Fresh,"(136, 134, 131)"
photo_211.jpg,418,Buffalo 3,Fresh,"(135, 134, 131)"
photo_212.jpg,420,Buffalo 3,Fresh,"(136, 133, 131)"
photo_213.jpg,422,Buffalo 3,Fresh,"(135, 134, 130)"
photo_214.jpg,424,Buffalo 3,Fresh,"(136, 134, 131)"
photo_215.jpg,426,Buffalo 3,Fresh,"(136, 134, 130)"
photo_216.jpg,428,Buffalo 3,Fresh,"(136, 134, 130)"
photo_217.jpg,430,Buffalo 3,Fresh,"(136, 134, 130)"
photo_218.jpg,432,Buffalo 3,Fresh,"(136, 134, 130)"
photo_219.jpg,434,Buffalo 3,Fresh,"(135, 134, 130)"
photo_220.jpg,436,Buffalo 3,Fresh,"(135, 134, 130)"
photo_221.jpg,438,Buffalo 3,Fresh,"(136, 134, 129)"
photo_222.jpg,440,Buffalo 3,Fresh,"(136, 133, 130)"
photo_223.jpg,442,Buffalo 3,Fresh,"(135, 134, 130)"
photo_224.jpg,444,Buffalo 3,Fresh,"(136, 133, 130)"
photo_225.jpg,446,Buffalo 3,Fresh,"(136, 133, 130)"
photo_226.jpg,448,Buffalo 3,Fresh,"(136, 133, 129)"
photo_227.jpg,450,Buffalo 3,Fresh,"(136, 134, 130)"
photo_228.jpg,452,Buffalo 3,Fresh,"(135, 134, 130)"
photo_229.jpg,454,Buffalo 3,Fresh,"(136, 133, 130)"
photo_230.jpg,456,Buffalo 3,Fresh,"(135, 134, 129)"
photo_231.jpg,458,Buffalo 3,Fresh,"(136, 133, 130)"
photo_232.jpg,460,Buffalo 3,Fresh,"(135, 134, 130)"
photo_233.jpg,462,Buffalo 3,Fresh,"(136, 133, 130)"
photo_234.jpg,464,Buffalo 3,Fresh,"(136, 133, 130)"
photo_235.jpg,466,Buffalo 3,Fresh,"(135, 134, 129)"
photo_236.jpg,468,Buffalo 3,Fresh,"(136, 133, 130)"
photo_237.jpg,470,Buffalo 3,Fresh,"(135, 133, 130)"
photo_3.jpg,2,Buffalo 1,Fresh,"(149, 160, 175)"
photo_5.jpg,4,Buffalo 1,Fresh,"(152, 165, 182)"
photo_6.jpg,6,Buffalo 1,Fresh,"(153, 167, 185)"
photo_7.jpg,8,Buffalo 1,Fresh,"(154, 169, 187)"
photo_8.jpg,10,Buffalo 1,Fresh,"(154, 170, 189)"
photo_9.jpg,12,Buffalo 1,Fresh,"(155, 172, 189)"
photo_10.jpg,14,Buffalo 1,Fresh,"(155, 173, 189)"
photo_11.jpg,16,Buffalo 1,Fresh,"(156, 175, 192)"
photo_12.jpg,18,Buffalo 1,Fresh,"(157, 176, 193)"
photo_13.jpg,20,Buffalo 1,Fresh,"(157, 178, 195)"
photo_14.jpg,22,Buffalo 1,Fresh,"(158, 179, 196)"
photo_15.jpg,24,Buffalo 1,Fresh,"(158, 180, 197)"
photo_16.jpg,26,Buffalo 1,Fresh,"(159, 181, 199)"
photo_17.jpg,28,Buffalo 1,Fresh,"(159, 182, 200)"
photo_18.jpg,30,Buffalo 1,Fresh,"(160, 184, 201)"
photo_19.jpg,32,Buffalo 1,Fresh,"(160, 185, 202)"
photo_20.jpg,34,Buffalo 1,Fresh,"(161, 185, 203)"
photo_22.jpg,36,Buffalo 1,Fresh,"(162, 186, 204)"
photo_23.jpg,38,Buffalo 1,Fresh,"(162, 187, 204)"
photo_24.jpg,40,Buffalo 1,Fresh,"(162, 187, 204)"
photo_25.jpg,42,Buffalo 1,Fresh,"(162, 187, 205)"
photo_26.jpg,44,Buffalo 1,Fresh,"(162, 187, 205)"
photo_27.jpg,46,Buffalo 1,Fresh,"(162, 188, 205)"
photo_28.jpg,48,Buffalo 1,Fresh,"(163, 188, 205)"
photo_29.jpg,50,Buffalo 1,Fresh,"(163, 188, 205)"
photo_31.jpg,52,Buffalo 1,Fresh,"(163, 188, 205)"
photo_32.jpg,54,Buffalo 1,Fresh,"(163, 188, 205)"
photo_33.jpg,56,Buffalo 1,Fresh,"(163, 188, 205)"
photo_34.jpg,58,Buffalo 1,Fresh,"(163, 189, 206)"
photo_35.jpg,60,Buffalo 1,Fresh,"(163, 189, 205)"
photo_36.jpg,62,Buffalo 1,Fresh,"(164, 189, 206)"
photo_37.jpg,64,Buffalo 1,Fresh,"(163, 189, 206)"
photo_38.jpg,66,Buffalo 1,Fresh,"(163, 189, 205)"
photo_39(1).jpg,68,Buffalo 1,Fresh,"(163, 189, 205)"
photo_39.jpg,70,Buffalo 1,Fresh,"(163, 189, 205)"
photo_40.jpg,72,Buffalo 1,Fresh,"(163, 189, 206)"
photo_41.jpg,74,Buffalo 1,Fresh,"(163, 189, 205)"
photo_42.jpg,76,Buffalo 1,Fresh,"(164, 189, 205)"
photo_43.jpg,78,Buffalo 1,Fresh,"(163, 189, 206)"
photo_44.jpg,80,Buffalo 1,Fresh,"(164, 189, 205)"
photo_45.jpg,82,Buffalo 1,Fresh,"(164, 189, 206)"
photo_46.jpg,84,Buffalo 1,Fresh,"(164, 189, 205)"
photo_47.jpg,86,Buffalo 1,Fresh,"(164, 189, 205)"
photo_48.jpg,88,Buffalo 1,Fresh,"(164, 189, 205)"
photo_49.jpg,90,Buffalo 1,Fresh,"(164, 189, 205)"
photo_50.jpg,92,Buffalo 1,Fresh,"(164, 189, 206)"
photo_51.jpg,94,Buffalo 1,Fresh,"(164, 189, 206)"
photo_52.jpg,96,Buffalo 1,Fresh,"(164, 189, 205)"
photo_53.jpg,98,Buffalo 1,Fresh,"(164, 189, 205)"
photo_54.jpg,100,Buffalo 1,Fresh,"(165, 190, 205)"
photo_55.jpg,102,Buffalo 1,Fresh,"(164, 190, 205)"
photo_56.jpg,104,Buffalo 1,Fresh,"(165, 190, 205)"
photo_57.jpg,106,Buffalo 1,Fresh,"(165, 190, 205)"
photo_58.jpg,108,Buffalo 1,Fresh,"(165, 190, 205)"
photo_59.jpg,110,Buffalo 1,Fresh,"(165, 190, 205)"
photo_60.jpg,112,Buffalo 1,Fresh,"(165, 190, 205)"
photo_61.jpg,114,Buffalo 1,Fresh,"(165, 190, 205)"
photo_62.jpg,116,Buffalo 1,Fresh,"(165, 190, 205)"
photo_63.jpg,118,Buffalo 1,Fresh,"(165, 191, 205)"
photo_64.jpg,120,Buffalo 1,Fresh,"(166, 190, 205)"
photo_65.jpg,122,Buffalo 1,Fresh,"(166, 190, 205)"
photo_66.jpg,124,Buffalo 1,Fresh,"(166, 190, 205)"
photo_67.jpg,126,Buffalo 1,Fresh,"(166, 190, 205)"
photo_68.jpg,128,Buffalo 1,Fresh,"(166, 191, 205)"
photo_70.jpg,130,Buffalo 1,Fresh,"(166, 191, 205)"
photo_71.jpg,132,Buffalo 1,Fresh,"(166, 191, 205)"
photo_72.jpg,134,Buffalo 1,Fresh,"(166, 191, 205)"
photo_73.jpg,136,Buffalo 1,Fresh,"(167, 191, 205)"
photo_74.jpg,138,Buffalo 1,Fresh,"(167, 191, 205)"
photo_75.jpg,140,Buffalo 1,Fresh,"(167, 191, 205)"
photo_76.jpg,142,Buffalo 1,Fresh,"(167, 191, 205)"
photo_77.jpg,144,Buffalo 1,Fresh,"(168, 191, 205)"
photo_78.jpg,146,Buffalo 1,Fresh,"(167, 191, 205)"
photo_79.jpg,148,Buffalo 1,Fresh,"(167, 191, 205)"
photo_80.jpg,150,Buffalo 1,Fresh,"(168, 191, 205)"
photo_81.jpg,152,Buffalo 1,Fresh,"(168, 192, 205)"
photo_82.jpg,154,Buffalo 1,Fresh,"(168, 191, 205)"
photo_83.jpg,156,Buffalo 1,Fresh,"(168, 192, 205)"
photo_84.jpg,158,Buffalo 1,Fresh,"(168, 192, 205)"
photo_85.jpg,160,Buffalo 1,Fresh,"(168, 192, 205)"
photo_86.jpg,162,Buffalo 1,Fresh,"(169, 192, 205)"
photo_87.jpg,164,Buffalo 1,Fresh,"(168, 192, 205)"
photo_88.jpg,166,Buffalo 1,Fresh,"(169, 192, 205)"
photo_89.jpg,168,Buffalo 1,Fresh,"(169, 192, 205)"
photo_90.jpg,170,Buffalo 1,Fresh,"(169, 192, 205)"
photo_91.jpg,172,Buffalo 1,Fresh,"(169, 193, 205)"
photo_92.jpg,174,Buffalo 1,Fresh,"(169, 193, 205)"
photo_93.jpg,176,Buffalo 1,Fresh,"(170, 193, 205)"
photo_94.jpg,178,Buffalo 1,Fresh,"(170, 193, 206)"
photo_95.jpg,180,Buffalo 1,Fresh,"(170, 193, 205)"
photo_97.jpg,182,Buffalo 1,Fresh,"(171, 193, 205)"
photo_98.jpg,184,Buffalo 1,Fresh,"(171, 193, 205)"
photo_99.jpg,186,Buffalo 1,Fresh,"(171, 194, 205)"
photo_100.jpg,188,Buffalo 1,Fresh,"(171, 194, 205)"
photo_101.jpg,190,Buffalo 1,Fresh,"(171, 194, 205)"
photo_102.jpg,192,Buffalo 1,Fresh,"(172, 194, 206)"
photo_103.jpg,194,Buffalo 1,Fresh,"(172, 194, 205)"
photo_104.jpg,196,Buffalo 1,Fresh,"(172, 194, 205)"
photo_105.jpg,198,Buffalo 1,Fresh,"(172, 195, 205)"
photo_106.jpg,200,Buffalo 1,Fresh,"(173, 195, 205)"
photo_107.jpg,202,Buffalo 1,Fresh,"(173, 195, 205)"
photo_108.jpg,204,Buffalo 1,Fresh,"(174, 195, 206)"
photo_109.jpg,206,Buffalo 1,Fresh,"(174, 196, 206)"
photo_110.jpg,208,Buffalo 1,Fresh,"(174, 196, 205)"
photo_111.jpg,210,Buffalo 1,Fresh,"(175, 197, 205)"
photo_112.jpg,212,Buffalo 1,Fresh,"(175, 197, 205)"
photo_113.jpg,214,Buffalo 1,Fresh,"(176, 197, 205)"
photo_114.jpg,216,Buffalo 1,Fresh,"(176, 198, 206)"
photo_115.jpg,218,Buffalo 1,Fresh,"(177, 198, 206)"
photo_116.jpg,220,Buffalo 1,Fresh,"(177, 198, 206)"
photo_117.jpg,222,Buffalo 1,Fresh,"(178, 198, 206)"
photo_118.jpg,224,Buffalo 1,Fresh,"(178, 199, 205)"
photo_119.jpg,226,Buffalo 1,Fresh,"(179, 200, 206)"
photo_120.jpg,228,Buffalo 1,Fresh,"(180, 200, 205)"
photo_121.jpg,230,Buffalo 1,Fresh,"(180, 200, 205)"
photo_122.jpg,232,Buffalo 1,Fresh,"(180, 200, 205)"
photo_123.jpg,234,Buffalo 1,Fresh,"(181, 201, 205)"
photo_124.jpg,236,Buffalo 1,Fresh,"(181, 201, 206)"
photo_125.jpg,238,Buffalo 1,Fresh,"(182, 201, 205)"
photo_126.jpg,240,Buffalo 1,Fresh,"(183, 201, 206)"
photo_127.jpg,242,Buffalo 1,Fresh,"(183, 202, 205)"
photo_128.jpg,244,Buffalo 1,Fresh,"(183, 202, 205)"
photo_129.jpg,246,Buffalo 1,Fresh,"(184, 202, 206)"
photo_130.jpg,248,Buffalo 1,Fresh,"(184, 203, 206)"
photo_131.jpg,250,Buffalo 1,Fresh,"(185, 203, 206)"
photo_132.jpg,252,Buffalo 1,Fresh,"(185, 203, 205)"
photo_133.jpg,254,Buffalo 1,Fresh,"(185, 204, 205)"
photo_134.jpg,256,Buffalo 1,Fresh,"(186, 204, 205)"
photo_135.jpg,258,Buffalo 1,Fresh,"(186, 204, 205)"
photo_137.jpg,260,Buffalo 1,Fresh,"(188, 205, 205)"
photo_138.jpg,262,Buffalo 1,Fresh,"(188, 205, 205)"
photo_139.jpg,264,Buffalo 1,Fresh,"(188, 205, 205)"
photo_140.jpg,266,Buffalo 1,Fresh,"(189, 205, 205)"
photo_141.jpg,268,Buffalo 1,Fresh,"(189, 206, 205)"
photo_142.jpg,270,Buffalo 1,Fresh,"(190, 206, 205)"
photo_143.jpg,272,Buffalo 1,Fresh,"(190, 206, 205)"
photo_144.jpg,274,Buffalo 1,Fresh,"(191, 206, 205)"
photo_145.jpg,276,Buffalo 1,Fresh,"(191, 207, 205)"
photo_146.jpg,278,Buffalo 1,Fresh,"(191, 207, 205)"
photo_147.jpg,280,Buffalo 1,Fresh,"(192, 207, 205)"
photo_148.jpg,282,Buffalo 1,Fresh,"(192, 207, 205)"
photo_149.jpg,284,Buffalo 1,Fresh,"(193, 208, 205)"
photo_150.jpg,286,Buffalo 1,Fresh,"(193, 208, 205)"
photo_151.jpg,288,Buffalo 1,Fresh,"(193, 208, 205)"
photo_152.jpg,290,Buffalo 1,Fresh,"(194, 208, 205)"
photo_153.jpg,292,Buffalo 1,Fresh,"(194, 208, 205)"
photo_154.jpg,294,Buffalo 1,Fresh,"(194, 208, 205)"
photo_155.jpg,296,Buffalo 1,Fresh,"(195, 209, 205)"
photo_156.jpg,298,Buffalo 1,Fresh,"(195, 209, 205)"
photo_157.jpg,300,Buffalo 1,Fresh,"(196, 209, 205)"
photo_158.jpg,302,Buffalo 1,Fresh,"(196, 209, 205)"
photo_159.jpg,304,Buffalo 1,Fresh,"(197, 209, 205)"
photo_160.jpg,306,Buffalo 1,Fresh,"(197, 210, 205)"
photo_161.jpg,308,Buffalo 1,Fresh,"(197, 210, 205)"
photo_162.jpg,310,Buffalo 1,Fresh,"(198, 209, 206)"
photo_163.jpg,312,Buffalo 1,Fresh,"(198, 210, 206)"
photo_164.jpg,314,Buffalo 1,Fresh,"(198, 210, 205)"
photo_165.jpg,316,Buffalo 1,Fresh,"(199, 210, 206)"
photo_166.jpg,318,Buffalo 1,Fresh,"(199, 210, 205)"
photo_167.jpg,320,Buffalo 1,Fresh,"(199, 210, 205)"
photo_168.jpg,322,Buffalo 1,Fresh,"(199, 210, 206)"
photo_169.jpg,324,Buffalo 1,Fresh,"(200, 210, 206)"
photo_170.jpg,326,Buffalo 1,Fresh,"(200, 211, 205)"
photo_171.jpg,328,Buffalo 1,Fresh,"(200, 211, 206)"
photo_172.jpg,330,Buffalo 1,Fresh,"(200, 211, 205)"
photo_173.jpg,332,Buffalo 1,Fresh,"(201, 211, 206)"
photo_174.jpg,334,Buffalo 1,Fresh,"(201, 211, 205)"
photo_175.jpg,336,Buffalo 1,Fresh,"(201, 211, 205)"
photo_176.jpg,338,Buffalo 1,Fresh,"(201, 211, 205)"
photo_177.jpg,340,Buffalo 1,Fresh,"(202, 211, 205)"
photo_178.jpg,342,Buffalo 1,Fresh,"(202, 212, 205)"
photo_179.jpg,344,Buffalo 1,Fresh,"(202, 211, 205)"
photo_180.jpg,346,Buffalo 1,Fresh,"(202, 211, 206)"
photo_181.jpg,348,Buffalo 1,Fresh,"(203, 212, 206)"
photo_182.jpg,350,Buffalo 1,Fresh,"(203, 212, 206)"
photo_183.jpg,352,Buffalo 1,Fresh,"(203, 212, 205)"
photo_184.jpg,354,Buffalo 1,Fresh,"(203, 212, 205)"
photo_185.jpg,356,Buffalo 1,Fresh,"(204, 212, 205)"
photo_186.jpg,358,Buffalo 1,Fresh,"(204, 212, 205)"
photo_187.jpg,360,Buffalo 1,Fresh,"(202, 213, 206)"
photo_188.jpg,362,Buffalo 1,Fresh,"(203, 213, 206)"
photo_189.jpg,364,Buffalo 1,Fresh,"(203, 213, 206)"
photo_190.jpg,366,Buffalo 1,Fresh,"(203, 213, 206)"
photo_191.jpg,368,Buffalo 1,Fresh,"(203, 213, 205)"
photo_193.jpg,370,Buffalo 1,Fresh,"(204, 213, 205)"
photo_194.jpg,372,Buffalo 1,Fresh,"(204, 214, 205)"
photo_195.jpg,374,Buffalo 1,Fresh,"(204, 213, 205)"
photo_196.jpg,376,Buffalo 1,Fresh,"(204, 214, 206)"
photo_197.jpg,378,Buffalo 1,Fresh,"(205, 214, 205)"
photo_198.jpg,380,Buffalo 1,Fresh,"(205, 214, 206)"
photo_199.jpg,382,Buffalo 1,Fresh,"(205, 214, 205)"
photo_200.jpg,384,Buffalo 1,Fresh,"(205, 214, 205)"
photo_201.jpg,386,Buffalo 1,Fresh,"(205, 214, 205)"
photo_202.jpg,388,Buffalo 1,Fresh,"(206, 214, 206)"
photo_203.jpg,390,Buffalo 1,Fresh,"(206, 214, 206)"
photo_205.jpg,392,Buffalo 1,Fresh,"(206, 214, 205)"
photo_206.jpg,394,Buffalo 1,Fresh,"(206, 214, 205)"
photo_207.jpg,396,Buffalo 1,Fresh,"(206, 214, 205)"
photo_208.jpg,398,Buffalo 1,Fresh,"(207, 214, 205)"
photo_209.jpg,400,Buffalo 1,Fresh,"(207, 214, 205)"
photo_210.jpg,402,Buffalo 1,Fresh,"(207, 214, 205)"
photo_211.jpg,404,Buffalo 1,Fresh,"(207, 214, 205)"
photo_212.jpg,406,Buffalo 1,Fresh,"(207, 215, 205)"
photo_213.jpg,408,Buffalo 1,Fresh,"(207, 215, 205)"
photo_214.jpg,410,Buffalo 1,Fresh,"(207, 215, 205)"
photo_215.jpg,412,Buffalo 1,Fresh,"(207, 215, 205)"
photo_216.jpg,414,Buffalo 1,Fresh,"(208, 215, 205)"
photo_217.jpg,416,Buffalo 1,Fresh,"(208, 215, 205)"
photo_218.jpg,418,Buffalo 1,Fresh,"(208, 215, 205)"
photo_219.jpg,420,Buffalo 1,Fresh,"(208, 215, 205)"
photo_220.jpg,422,Buffalo 1,Fresh,"(208, 215, 205)"
photo_221.jpg,424,Buffalo 1,Fresh,"(208, 215, 205)"
photo_222.jpg,426,Buffalo 1,Fresh,"(208, 215, 205)"
photo_223.jpg,428,Buffalo 1,Fresh,"(209, 215, 205)"
photo_224.jpg,430,Buffalo 1,Fresh,"(209, 215, 206)"
photo_225.jpg,432,Buffalo 1,Fresh,"(209, 215, 205)"
photo_226.jpg,434,Buffalo 1,Fresh,"(209, 216, 206)"
photo_227.jpg,436,Buffalo 1,Fresh,"(210, 216, 205)"
photo_229.jpg,438,Buffalo 1,Fresh,"(210, 216, 205)"
photo_230.jpg,440,Buffalo 1,Fresh,"(210, 215, 205)"
photo_231.jpg,442,Buffalo 1,Fresh,"(210, 216, 206)"
photo_232.jpg,444,Buffalo 1,Fresh,"(210, 216, 206)"
photo_233.jpg,446,Buffalo 1,Fresh,"(210, 216, 206)"
photo_234.jpg,448,Buffalo 1,Fresh,"(210, 216, 205)"
photo_235.jpg,450,Buffalo 1,Fresh,"(210, 216, 206)"
photo_236.jpg,452,Buffalo 1,Fresh,"(210, 216, 206)"
photo_237.jpg,454,Buffalo 1,Fresh,"(210, 216, 205)"
photo_238.jpg,456,Buffalo 1,Fresh,"(211, 216, 205)"
photo_239.jpg,458,Buffalo 1,Fresh,"(211, 216, 205)"
photo_240.jpg,460,Buffalo 1,Fresh,"(210, 216, 205)"
photo_241.jpg,462,Buffalo 1,Fresh,"(211, 216, 205)"
photo_242.jpg,464,Buffalo 1,Fresh,"(211, 216, 205)"
photo_243.jpg,466,Buffalo 1,Fresh,"(211, 216, 205)"
photo_244.jpg,468,Buffalo 1,Fresh,"(211, 216, 205)"
photo_245.jpg,470,Buffalo 1,Fresh,"(211, 216, 205)"
photo_3.jpg,2,Buffalo 2,Fresh,"(146, 163, 175)"
photo_5.jpg,4,Buffalo 2,Fresh,"(150, 168, 181)"
photo_6.jpg,6,Buffalo 2,Fresh,"(151, 170, 184)"
photo_7.jpg,8,Buffalo 2,Fresh,"(152, 171, 186)"
photo_8.jpg,10,Buffalo 2,Fresh,"(153, 173, 186)"
photo_9.jpg,12,Buffalo 2,Fresh,"(154, 174, 186)"
photo_10.jpg,14,Buffalo 2,Fresh,"(154, 175, 187)"
photo_11.jpg,16,Buffalo 2,Fresh,"(155, 177, 189)"
photo_12.jpg,18,Buffalo 2,Fresh,"(155, 178, 190)"
photo_13.jpg,20,Buffalo 2,Fresh,"(156, 179, 191)"
photo_14.jpg,22,Buffalo 2,Fresh,"(157, 180, 192)"
photo_15.jpg,24,Buffalo 2,Fresh,"(158, 181, 193)"
photo_16.jpg,26,Buffalo 2,Fresh,"(158, 182, 194)"
photo_17.jpg,28,Buffalo 2,Fresh,"(159, 183, 194)"
photo_18.jpg,30,Buffalo 2,Fresh,"(159, 183, 194)"
photo_19.jpg,32,Buffalo 2,Fresh,"(159, 183, 194)"
photo_20.jpg,34,Buffalo 2,Fresh,"(160, 183, 194)"
photo_22.jpg,36,Buffalo 2,Fresh,"(159, 183, 193)"
photo_23.jpg,38,Buffalo 2,Fresh,"(159, 183, 194)"
photo_24.jpg,40,Buffalo 2,Fresh,"(159, 183, 193)"
photo_25.jpg,42,Buffalo 2,Fresh,"(160, 183, 193)"
photo_26.jpg,44,Buffalo 2,Fresh,"(159, 183, 193)"
photo_27.jpg,46,Buffalo 2,Fresh,"(159, 183, 193)"
photo_28.jpg,48,Buffalo 2,Fresh,"(160, 183, 193)"
photo_29.jpg,50,Buffalo 2,Fresh,"(159, 182, 193)"
photo_31.jpg,52,Buffalo 2,Fresh,"(160, 182, 193)"
photo_32.jpg,54,Buffalo 2,Fresh,"(159, 182, 193)"
photo_33.jpg,56,Buffalo 2,Fresh,"(159, 182, 193)"
photo_34.jpg,58,Buffalo 2,Fresh,"(160, 182, 193)"
photo_35.jpg,60,Buffalo 2,Fresh,"(159, 182, 192)"
photo_36.jpg,62,Buffalo 2,Fresh,"(159, 182, 192)"
photo_37.jpg,64,Buffalo 2,Fresh,"(159, 183, 192)"
photo_38.jpg,66,Buffalo 2,Fresh,"(159, 182, 192)"
photo_39(1).jpg,68,Buffalo 2,Fresh,"(160, 182, 192)"
photo_39.jpg,70,Buffalo 2,Fresh,"(160, 182, 192)"
photo_40.jpg,72,Buffalo 2,Fresh,"(160, 182, 192)"
photo_41.jpg,74,Buffalo 2,Fresh,"(159, 183, 192)"
photo_42.jpg,76,Buffalo 2,Fresh,"(159, 182, 192)"
photo_43.jpg,78,Buffalo 2,Fresh,"(160, 182, 192)"
photo_44.jpg,80,Buffalo 2,Fresh,"(159, 182, 192)"
photo_45.jpg,82,Buffalo 2,Fresh,"(160, 182, 192)"
photo_46.jpg,84,Buffalo 2,Fresh,"(160, 182, 192)"
photo_47.jpg,86,Buffalo 2,Fresh,"(160, 182, 191)"
photo_48.jpg,88,Buffalo 2,Fresh,"(159, 182, 191)"
photo_49.jpg,90,Buffalo 2,Fresh,"(160, 182, 191)"
photo_50.jpg,92,Buffalo 2,Fresh,"(159, 182, 192)"
photo_51.jpg,94,Buffalo 2,Fresh,"(160, 182, 191)"
photo_52.jpg,96,Buffalo 2,Fresh,"(160, 182, 191)"
photo_53.jpg,98,Buffalo 2,Fresh,"(160, 182, 191)"
photo_54.jpg,100,Buffalo 2,Fresh,"(160, 182, 191)"
photo_55.jpg,102,Buffalo 2,Fresh,"(160, 182, 191)"
photo_56.jpg,104,Buffalo 2,Fresh,"(160, 182, 191)"
photo_57.jpg,106,Buffalo 2,Fresh,"(160, 182, 191)"
photo_58.jpg,108,Buffalo 2,Fresh,"(160, 182, 191)"
photo_59.jpg,110,Buffalo 2,Fresh,"(160, 182, 191)"
photo_60.jpg,112,Buffalo 2,Fresh,"(160, 182, 191)"
photo_61.jpg,114,Buffalo 2,Fresh,"(160, 182, 191)"
photo_62.jpg,116,Buffalo 2,Fresh,"(160, 182, 191)"
photo_63.jpg,118,Buffalo 2,Fresh,"(160, 182, 190)"
photo_64.jpg,120,Buffalo 2,Fresh,"(161, 182, 191)"
photo_65.jpg,122,Buffalo 2,Fresh,"(160, 182, 191)"
photo_66.jpg,124,Buffalo 2,Fresh,"(160, 182, 191)"
photo_67.jpg,126,Buffalo 2,Fresh,"(161, 182, 190)"
photo_68.jpg,128,Buffalo 2,Fresh,"(161, 182, 190)"
photo_70.jpg,130,Buffalo 2,Fresh,"(161, 182, 191)"
photo_71.jpg,132,Buffalo 2,Fresh,"(161, 183, 190)"
photo_72.jpg,134,Buffalo 2,Fresh,"(161, 182, 190)"
photo_73.jpg,136,Buffalo 2,Fresh,"(161, 182, 190)"
photo_74.jpg,138,Buffalo 2,Fresh,"(161, 182, 191)"
photo_75.jpg,140,Buffalo 2,Fresh,"(161, 182, 191)"
photo_76.jpg,142,Buffalo 2,Fresh,"(161, 182, 190)"
photo_77.jpg,144,Buffalo 2,Fresh,"(161, 183, 190)"
photo_78.jpg,146,Buffalo 2,Fresh,"(161, 183, 189)"
photo_79.jpg,148,Buffalo 2,Fresh,"(162, 182, 190)"
photo_80.jpg,150,Buffalo 2,Fresh,"(162, 182, 191)"
photo_81.jpg,152,Buffalo 2,Fresh,"(162, 182, 190)"
photo_82.jpg,154,Buffalo 2,Fresh,"(162, 182, 191)"
photo_83.jpg,156,Buffalo 2,Fresh,"(162, 183, 190)"
photo_84.jpg,158,Buffalo 2,Fresh,"(162, 183, 190)"
photo_85.jpg,160,Buffalo 2,Fresh,"(162, 183, 190)"
photo_86.jpg,162,Buffalo 2,Fresh,"(162, 183, 190)"
photo_87.jpg,164,Buffalo 2,Fresh,"(162, 183, 190)"
photo_88.jpg,166,Buffalo 2,Fresh,"(162, 183, 190)"
photo_89.jpg,168,Buffalo 2,Fresh,"(162, 183, 190)"
photo_90.jpg,170,Buffalo 2,Fresh,"(162, 183, 190)"
photo_91.jpg,172,Buffalo 2,Fresh,"(163, 183, 190)"
photo_92.jpg,174,Buffalo 2,Fresh,"(163, 183, 189)"
photo_93.jpg,176,Buffalo 2,Fresh,"(163, 183, 190)"
photo_94.jpg,178,Buffalo 2,Fresh,"(164, 183, 190)"
photo_95.jpg,180,Buffalo 2,Fresh,"(163, 183, 190)"
photo_97.jpg,182,Buffalo 2,Fresh,"(164, 184, 189)"
photo_98.jpg,184,Buffalo 2,Fresh,"(164, 184, 189)"
photo_99.jpg,186,Buffalo 2,Fresh,"(164, 184, 190)"
photo_100.jpg,188,Buffalo 2,Fresh,"(164, 184, 189)"
photo_101.jpg,190,Buffalo 2,Fresh,"(164, 184, 189)"
photo_102.jpg,192,Buffalo 2,Fresh,"(166, 184, 190)"
photo_103.jpg,194,Buffalo 2,Fresh,"(165, 185, 190)"
photo_104.jpg,196,Buffalo 2,Fresh,"(165, 185, 189)"
photo_105.jpg,198,Buffalo 2,Fresh,"(166, 185, 189)"
photo_106.jpg,200,Buffalo 2,Fresh,"(166, 185, 189)"
photo_107.jpg,202,Buffalo 2,Fresh,"(166, 185, 190)"
photo_108.jpg,204,Buffalo 2,Fresh,"(167, 185, 189)"
photo_109.jpg,206,Buffalo 2,Fresh,"(167, 186, 189)"
photo_110.jpg,208,Buffalo 2,Fresh,"(167, 186, 190)"
photo_111.jpg,210,Buffalo 2,Fresh,"(167, 186, 190)"
photo_112.jpg,212,Buffalo 2,Fresh,"(168, 186, 190)"
photo_113.jpg,214,Buffalo 2,Fresh,"(168, 186, 189)"
photo_114.jpg,216,Buffalo 2,Fresh,"(169, 187, 190)"
photo_115.jpg,218,Buffalo 2,Fresh,"(169, 187, 189)"
photo_116.jpg,220,Buffalo 2,Fresh,"(169, 188, 189)"
photo_117.jpg,222,Buffalo 2,Fresh,"(170, 187, 189)"
photo_118.jpg,224,Buffalo 2,Fresh,"(170, 188, 189)"
photo_119.jpg,226,Buffalo 2,Fresh,"(171, 188, 189)"
photo_120.jpg,228,Buffalo 2,Fresh,"(171, 188, 189)"
photo_121.jpg,230,Buffalo 2,Fresh,"(171, 188, 189)"
photo_122.jpg,232,Buffalo 2,Fresh,"(172, 189, 189)"
photo_123.jpg,234,Buffalo 2,Fresh,"(172, 189, 189)"
photo_124.jpg,236,Buffalo 2,Fresh,"(172, 189, 189)"
photo_125.jpg,238,Buffalo 2,Fresh,"(173, 189, 189)"
photo_126.jpg,240,Buffalo 2,Fresh,"(173, 189, 189)"
photo_127.jpg,242,Buffalo 2,Fresh,"(173, 190, 189)"
photo_128.jpg,244,Buffalo 2,Fresh,"(174, 190, 189)"
photo_129.jpg,246,Buffalo 2,Fresh,"(174, 190, 189)"
photo_130.jpg,248,Buffalo 2,Fresh,"(174, 190, 189)"
photo_131.jpg,250,Buffalo 2,Fresh,"(175, 190, 189)"
photo_132.jpg,252,Buffalo 2,Fresh,"(175, 190, 189)"
photo_133.jpg,254,Buffalo 2,Fresh,"(175, 191, 189)"
photo_134.jpg,256,Buffalo 2,Fresh,"(176, 191, 188)"
photo_135.jpg,258,Buffalo 2,Fresh,"(176, 191, 189)"
photo_137.jpg,260,Buffalo 2,Fresh,"(177, 191, 189)"
photo_138.jpg,262,Buffalo 2,Fresh,"(177, 192, 189)"
photo_139.jpg,264,Buffalo 2,Fresh,"(178, 192, 189)"
photo_140.jpg,266,Buffalo 2,Fresh,"(178, 192, 189)"
photo_141.jpg,268,Buffalo 2,Fresh,"(178, 192, 188)"
photo_142.jpg,270,Buffalo 2,Fresh,"(179, 192, 189)"
photo_143.jpg,272,Buffalo 2,Fresh,"(179, 192, 189)"
photo_144.jpg,274,Buffalo 2,Fresh,"(179, 193, 189)"
photo_145.jpg,276,Buffalo 2,Fresh,"(180, 193, 188)"
photo_146.jpg,278,Buffalo 2,Fresh,"(180, 193, 188)"
photo_147.jpg,280,Buffalo 2,Fresh,"(180, 193, 188)"
photo_148.jpg,282,Buffalo 2,Fresh,"(180, 194, 188)"
photo_149.jpg,284,Buffalo 2,Fresh,"(180, 194, 188)"
photo_150.jpg,286,Buffalo 2,Fresh,"(181, 194, 188)"
photo_151.jpg,288,Buffalo 2,Fresh,"(182, 194, 188)"
photo_152.jpg,290,Buffalo 2,Fresh,"(182, 194, 189)"
photo_153.jpg,292,Buffalo 2,Fresh,"(182, 194, 188)"
photo_154.jpg,294,Buffalo 2,Fresh,"(182, 194, 188)"
photo_155.jpg,296,Buffalo 2,Fresh,"(183, 194, 189)"
photo_156.jpg,298,Buffalo 2,Fresh,"(183, 194, 189)"
photo_157.jpg,300,Buffalo 2,Fresh,"(183, 195, 188)"
photo_158.jpg,302,Buffalo 2,Fresh,"(183, 195, 189)"
photo_159.jpg,304,Buffalo 2,Fresh,"(184, 195, 188)"
photo_160.jpg,306,Buffalo 2,Fresh,"(184, 195, 188)"
photo_161.jpg,308,Buffalo 2,Fresh,"(184, 195, 189)"
photo_162.jpg,310,Buffalo 2,Fresh,"(185, 195, 189)"
photo_163.jpg,312,Buffalo 2,Fresh,"(185, 195, 189)"
photo_164.jpg,314,Buffalo 2,Fresh,"(186, 195, 189)"
photo_165.jpg,316,Buffalo 2,Fresh,"(186, 195, 189)"
photo_166.jpg,318,Buffalo 2,Fresh,"(185, 196, 189)"
photo_167.jpg,320,Buffalo 2,Fresh,"(186, 196, 189)"
photo_168.jpg,322,Buffalo 2,Fresh,"(186, 196, 189)"
photo_169.jpg,324,Buffalo 2,Fresh,"(187, 196, 189)"
photo_170.jpg,326,Buffalo 2,Fresh,"(187, 196, 188)"
photo_171.jpg,328,Buffalo 2,Fresh,"(187, 196, 189)"
photo_172.jpg,330,Buffalo 2,Fresh,"(187, 196, 188)"
photo_173.jpg,332,Buffalo 2,Fresh,"(188, 196, 188)"
photo_174.jpg,334,Buffalo 2,Fresh,"(188, 196, 188)"
photo_175.jpg,336,Buffalo 2,Fresh,"(188, 196, 189)"
photo_176.jpg,338,Buffalo 2,Fresh,"(188, 196, 188)"
photo_177.jpg,340,Buffalo 2,Fresh,"(189, 196, 188)"
photo_178.jpg,342,Buffalo 2,Fresh,"(189, 197, 188)"
photo_179.jpg,344,Buffalo 2,Fresh,"(189, 197, 188)"
photo_180.jpg,346,Buffalo 2,Fresh,"(189, 197, 188)"
photo_181.jpg,348,Buffalo 2,Fresh,"(189, 197, 188)"
photo_182.jpg,350,Buffalo 2,Fresh,"(189, 197, 188)"
photo_183.jpg,352,Buffalo 2,Fresh,"(190, 197, 188)"
photo_184.jpg,354,Buffalo 2,Fresh,"(190, 197, 189)"
photo_185.jpg,356,Buffalo 2,Fresh,"(190, 197, 188)"
photo_186.jpg,358,Buffalo 2,Fresh,"(190, 197, 188)"
photo_187.jpg,360,Buffalo 2,Fresh,"(189, 198, 188)"
photo_188.jpg,362,Buffalo 2,Fresh,"(189, 198, 188)"
photo_189.jpg,364,Buffalo 2,Fresh,"(189, 198, 188)"
photo_190.jpg,366,Buffalo 2,Fresh,"(189, 198, 189)"
photo_191.jpg,368,Buffalo 2,Fresh,"(189, 198, 188)"
photo_193.jpg,370,Buffalo 2,Fresh,"(190, 198, 188)"
photo_194.jpg,372,Buffalo 2,Fresh,"(190, 198, 188)"
photo_195.jpg,374,Buffalo 2,Fresh,"(190, 198, 189)"
photo_196.jpg,376,Buffalo 2,Fresh,"(190, 198, 188)"
photo_197.jpg,378,Buffalo 2,Fresh,"(191, 198, 188)"
photo_198.jpg,380,Buffalo 2,Fresh,"(191, 198, 188)"
photo_199.jpg,382,Buffalo 2,Fresh,"(190, 199, 188)"
photo_200.jpg,384,Buffalo 2,Fresh,"(191, 198, 187)"
photo_201.jpg,386,Buffalo 2,Fresh,"(191, 198, 188)"
photo_202.jpg,388,Buffalo 2,Fresh,"(191, 198, 188)"
photo_203.jpg,390,Buffalo 2,Fresh,"(191, 199, 188)"
photo_205.jpg,392,Buffalo 2,Fresh,"(191, 198, 187)"
photo_206.jpg,394,Buffalo 2,Fresh,"(192, 199, 188)"
photo_207.jpg,396,Buffalo 2,Fresh,"(192, 198, 188)"
photo_208.jpg,398,Buffalo 2,Fresh,"(192, 199, 187)"
photo_209.jpg,400,Buffalo 2,Fresh,"(192, 199, 188)"
photo_210.jpg,402,Buffalo 2,Fresh,"(192, 199, 188)"
photo_211.jpg,404,Buffalo 2,Fresh,"(193, 199, 187)"
photo_212.jpg,406,Buffalo 2,Fresh,"(193, 199, 188)"
photo_213.jpg,408,Buffalo 2,Fresh,"(193, 199, 188)"
photo_214.jpg,410,Buffalo 2,Fresh,"(193, 199, 187)"
photo_215.jpg,412,Buffalo 2,Fresh,"(193, 199, 187)"
photo_216.jpg,414,Buffalo 2,Fresh,"(193, 199, 188)"
photo_217.jpg,416,Buffalo 2,Fresh,"(194, 199, 187)"
photo_218.jpg,418,Buffalo 2,Fresh,"(194, 199, 187)"
photo_219.jpg,420,Buffalo 2,Fresh,"(193, 199, 187)"
photo_220.jpg,422,Buffalo 2,Fresh,"(194, 199, 187)"
photo_221.jpg,424,Buffalo 2,Fresh,"(194, 199, 187)"
photo_222.jpg,426,Buffalo 2,Fresh,"(194, 199, 188)"
photo_223.jpg,428,Buffalo 2,Fresh,"(194, 199, 187)"
photo_224.jpg,430,Buffalo 2,Fresh,"(195, 199, 188)"
photo_225.jpg,432,Buffalo 2,Fresh,"(194, 200, 187)"
photo_226.jpg,434,Buffalo 2,Fresh,"(195, 200, 188)"
photo_227.jpg,436,Buffalo 2,Fresh,"(195, 200, 188)"
photo_229.jpg,438,Buffalo 2,Fresh,"(194, 200, 188)"
photo_230.jpg,440,Buffalo 2,Fresh,"(195, 200, 188)"
photo_231.jpg,442,Buffalo 2,Fresh,"(195, 200, 188)"
photo_232.jpg,444,Buffalo 2,Fresh,"(195, 200, 187)"
photo_233.jpg,446,Buffalo 2,Fresh,"(195, 200, 187)"
photo_234.jpg,448,Buffalo 2,Fresh,"(195, 200, 187)"
photo_235.jpg,450,Buffalo 2,Fresh,"(195, 200, 188)"
photo_236.jpg,452,Buffalo 2,Fresh,"(196, 200, 187)"
photo_237.jpg,454,Buffalo 2,Fresh,"(196, 200, 187)"
photo_238.jpg,456,Buffalo 2,Fresh,"(196, 200, 187)"
photo_239.jpg,458,Buffalo 2,Fresh,"(196, 200, 188)"
photo_240.jpg,460,Buffalo 2,Fresh,"(196, 200, 187)"
photo_241.jpg,462,Buffalo 2,Fresh,"(196, 200, 187)"
photo_242.jpg,464,Buffalo 2,Fresh,"(196, 200, 187)"
photo_243.jpg,466,Buffalo 2,Fresh,"(196, 200, 187)"
photo_244.jpg,468,Buffalo 2,Fresh,"(196, 200, 187)"
photo_245.jpg,470,Buffalo 2,Fresh,"(196, 200, 187)"
photo_3.jpg,2,Buffalo 3,Fresh,"(128, 147, 159)"
photo_5.jpg,4,Buffalo 3,Fresh,"(133, 154, 169)"
photo_6.jpg,6,Buffalo 3,Fresh,"(134, 157, 172)"
photo_7.jpg,8,Buffalo 3,Fresh,"(136, 159, 175)"
photo_8.jpg,10,Buffalo 3,Fresh,"(136, 162, 177)"
photo_9.jpg,12,Buffalo 3,Fresh,"(138, 164, 177)"
photo_10.jpg,14,Buffalo 3,Fresh,"(138, 166, 179)"
photo_11.jpg,16,Buffalo 3,Fresh,"(139, 167, 181)"
photo_12.jpg,18,Buffalo 3,Fresh,"(139, 168, 182)"
photo_13.jpg,20,Buffalo 3,Fresh,"(140, 170, 183)"
photo_14.jpg,22,Buffalo 3,Fresh,"(141, 170, 185)"
photo_15.jpg,24,Buffalo 3,Fresh,"(141, 171, 186)"
photo_16.jpg,26,Buffalo 3,Fresh,"(141, 172, 187)"
photo_17.jpg,28,Buffalo 3,Fresh,"(141, 173, 188)"
photo_18.jpg,30,Buffalo 3,Fresh,"(142, 174, 189)"
photo_19.jpg,32,Buffalo 3,Fresh,"(142, 175, 190)"
photo_20.jpg,34,Buffalo 3,Fresh,"(142, 175, 191)"
photo_22.jpg,36,Buffalo 3,Fresh,"(143, 176, 191)"
photo_23.jpg,38,Buffalo 3,Fresh,"(143, 176, 192)"
photo_24.jpg,40,Buffalo 3,Fresh,"(143, 177, 192)"
photo_25.jpg,42,Buffalo 3,Fresh,"(143, 177, 192)"
photo_26.jpg,44,Buffalo 3,Fresh,"(143, 177, 193)"
photo_27.jpg,46,Buffalo 3,Fresh,"(143, 178, 192)"
photo_28.jpg,48,Buffalo 3,Fresh,"(144, 178, 193)"
photo_29.jpg,50,Buffalo 3,Fresh,"(144, 178, 193)"
photo_31.jpg,52,Buffalo 3,Fresh,"(143, 178, 193)"
photo_32.jpg,54,Buffalo 3,Fresh,"(144, 178, 193)"
photo_33.jpg,56,Buffalo 3,Fresh,"(144, 178, 193)"
photo_34.jpg,58,Buffalo 3,Fresh,"(145, 178, 193)"
photo_35.jpg,60,Buffalo 3,Fresh,"(144, 179, 193)"
photo_36.jpg,62,Buffalo 3,Fresh,"(145, 179, 194)"
photo_37.jpg,64,Buffalo 3,Fresh,"(144, 179, 194)"
photo_38.jpg,66,Buffalo 3,Fresh,"(144, 179, 194)"
photo_39(1).jpg,68,Buffalo 3,Fresh,"(144, 179, 193)"
photo_39.jpg,70,Buffalo 3,Fresh,"(144, 179, 193)"
photo_40.jpg,72,Buffalo 3,Fresh,"(145, 179, 193)"
photo_41.jpg,74,Buffalo 3,Fresh,"(145, 179, 194)"
photo_42.jpg,76,Buffalo 3,Fresh,"(145, 179, 194)"
photo_43.jpg,78,Buffalo 3,Fresh,"(145, 179, 194)"
photo_44.jpg,80,Buffalo 3,Fresh,"(146, 179, 194)"
photo_45.jpg,82,Buffalo 3,Fresh,"(145, 179, 194)"
photo_46.jpg,84,Buffalo 3,Fresh,"(145, 179, 194)"
photo_47.jpg,86,Buffalo 3,Fresh,"(145, 179, 193)"
photo_48.jpg,88,Buffalo 3,Fresh,"(146, 179, 193)"
photo_49.jpg,90,Buffalo 3,Fresh,"(146, 179, 194)"
photo_50.jpg,92,Buffalo 3,Fresh,"(146, 179, 194)"
photo_51.jpg,94,Buffalo 3,Fresh,"(146, 179, 194)"
photo_52.jpg,96,Buffalo 3,Fresh,"(145, 180, 194)"
photo_53.jpg,98,Buffalo 3,Fresh,"(146, 179, 193)"
photo_54.jpg,100,Buffalo 3,Fresh,"(146, 180, 194)"
photo_55.jpg,102,Buffalo 3,Fresh,"(146, 180, 193)"
photo_56.jpg,104,Buffalo 3,Fresh,"(146, 180, 194)"
photo_57.jpg,106,Buffalo 3,Fresh,"(146, 180, 193)"
photo_58.jpg,108,Buffalo 3,Fresh,"(146, 180, 194)"
photo_59.jpg,110,Buffalo 3,Fresh,"(146, 180, 194)"
photo_60.jpg,112,Buffalo 3,Fresh,"(146, 180, 194)"
photo_61.jpg,114,Buffalo 3,Fresh,"(146, 180, 194)"
photo_62.jpg,116,Buffalo 3,Fresh,"(147, 180, 193)"
photo_63.jpg,118,Buffalo 3,Fresh,"(146, 180, 193)"
photo_64.jpg,120,Buffalo 3,Fresh,"(147, 180, 194)"
photo_65.jpg,122,Buffalo 3,Fresh,"(147, 180, 193)"
photo_66.jpg,124,Buffalo 3,Fresh,"(147, 180, 193)"
photo_67.jpg,126,Buffalo 3,Fresh,"(147, 180, 193)"
photo_68.jpg,128,Buffalo 3,Fresh,"(147, 180, 194)"
photo_70.jpg,130,Buffalo 3,Fresh,"(147, 180, 193)"
photo_71.jpg,132,Buffalo 3,Fresh,"(147, 181, 193)"
photo_72.jpg,134,Buffalo 3,Fresh,"(147, 181, 193)"
photo_73.jpg,136,Buffalo 3,Fresh,"(148, 181, 193)"
photo_74.jpg,138,Buffalo 3,Fresh,"(148, 181, 193)"
photo_75.jpg,140,Buffalo 3,Fresh,"(148, 181, 193)"
photo_76.jpg,142,Buffalo 3,Fresh,"(148, 181, 194)"
photo_77.jpg,144,Buffalo 3,Fresh,"(148, 181, 193)"
photo_78.jpg,146,Buffalo 3,Fresh,"(148, 181, 193)"
photo_79.jpg,148,Buffalo 3,Fresh,"(148, 180, 193)"
photo_80.jpg,150,Buffalo 3,Fresh,"(148, 181, 193)"
photo_81.jpg,152,Buffalo 3,Fresh,"(148, 181, 193)"
photo_82.jpg,154,Buffalo 3,Fresh,"(149, 181, 193)"
photo_83.jpg,156,Buffalo 3,Fresh,"(149, 181, 192)"
photo_84.jpg,158,Buffalo 3,Fresh,"(149, 181, 193)"
photo_85.jpg,160,Buffalo 3,Fresh,"(150, 181, 193)"
photo_86.jpg,162,Buffalo 3,Fresh,"(149, 181, 193)"
photo_87.jpg,164,Buffalo 3,Fresh,"(150, 182, 193)"
photo_88.jpg,166,Buffalo 3,Fresh,"(149, 182, 193)"
photo_89.jpg,168,Buffalo 3,Fresh,"(150, 182, 193)"
photo_90.jpg,170,Buffalo 3,Fresh,"(150, 182, 192)"
photo_91.jpg,172,Buffalo 3,Fresh,"(150, 182, 193)"
photo_92.jpg,174,Buffalo 3,Fresh,"(151, 182, 192)"
photo_93.jpg,176,Buffalo 3,Fresh,"(150, 182, 192)"
photo_94.jpg,178,Buffalo 3,Fresh,"(152, 182, 193)"
photo_95.jpg,180,Buffalo 3,Fresh,"(151, 183, 193)"
photo_97.jpg,182,Buffalo 3,Fresh,"(152, 183, 193)"
photo_98.jpg,184,Buffalo 3,Fresh,"(152, 183, 193)"
photo_99.jpg,186,Buffalo 3,Fresh,"(153, 183, 192)"
photo_100.jpg,188,Buffalo 3,Fresh,"(153, 183, 192)"
photo_101.jpg,190,Buffalo 3,Fresh,"(153, 184, 193)"
photo_102.jpg,192,Buffalo 3,Fresh,"(154, 184, 193)"
photo_103.jpg,194,Buffalo 3,Fresh,"(154, 184, 193)"
photo_104.jpg,196,Buffalo 3,Fresh,"(154, 184, 193)"
photo_105.jpg,198,Buffalo 3,Fresh,"(155, 184, 192)"
photo_106.jpg,200,Buffalo 3,Fresh,"(155, 185, 192)"
photo_107.jpg,202,Buffalo 3,Fresh,"(156, 185, 192)"
photo_108.jpg,204,Buffalo 3,Fresh,"(156, 185, 193)"
photo_109.jpg,206,Buffalo 3,Fresh,"(157, 185, 192)"
photo_110.jpg,208,Buffalo 3,Fresh,"(157, 186, 192)"
photo_111.jpg,210,Buffalo 3,Fresh,"(157, 186, 192)"
photo_112.jpg,212,Buffalo 3,Fresh,"(158, 186, 192)"
photo_113.jpg,214,Buffalo 3,Fresh,"(159, 187, 192)"
photo_114.jpg,216,Buffalo 3,Fresh,"(159, 187, 193)"
photo_115.jpg,218,Buffalo 3,Fresh,"(159, 187, 192)"
photo_116.jpg,220,Buffalo 3,Fresh,"(160, 188, 192)"
photo_117.jpg,222,Buffalo 3,Fresh,"(161, 188, 192)"
photo_118.jpg,224,Buffalo 3,Fresh,"(161, 188, 192)"
photo_119.jpg,226,Buffalo 3,Fresh,"(162, 188, 193)"
photo_120.jpg,228,Buffalo 3,Fresh,"(162, 189, 192)"
photo_121.jpg,230,Buffalo 3,Fresh,"(163, 189, 192)"
photo_122.jpg,232,Buffalo 3,Fresh,"(163, 189, 192)"
photo_123.jpg,234,Buffalo 3,Fresh,"(164, 189, 192)"
photo_124.jpg,236,Buffalo 3,Fresh,"(165, 190, 192)"
photo_125.jpg,238,Buffalo 3,Fresh,"(165, 190, 192)"
photo_126.jpg,240,Buffalo 3,Fresh,"(165, 190, 192)"
photo_127.jpg,242,Buffalo 3,Fresh,"(166, 190, 192)"
photo_128.jpg,244,Buffalo 3,Fresh,"(167, 190, 192)"
photo_129.jpg,246,Buffalo 3,Fresh,"(167, 191, 192)"
photo_130.jpg,248,Buffalo 3,Fresh,"(168, 191, 192)"
photo_131.jpg,250,Buffalo 3,Fresh,"(168, 191, 192)"
photo_132.jpg,252,Buffalo 3,Fresh,"(169, 191, 192)"
photo_133.jpg,254,Buffalo 3,Fresh,"(169, 192, 192)"
photo_134.jpg,256,Buffalo 3,Fresh,"(169, 192, 191)"
photo_135.jpg,258,Buffalo 3,Fresh,"(170, 193, 192)"
photo_137.jpg,260,Buffalo 3,Fresh,"(171, 193, 192)"
photo_138.jpg,262,Buffalo 3,Fresh,"(172, 193, 192)"
photo_139.jpg,264,Buffalo 3,Fresh,"(171, 193, 192)"
photo_140.jpg,266,Buffalo 3,Fresh,"(172, 193, 191)"
photo_141.jpg,268,Buffalo 3,Fresh,"(172, 193, 191)"
photo_142.jpg,270,Buffalo 3,Fresh,"(173, 194, 192)"
photo_143.jpg,272,Buffalo 3,Fresh,"(173, 194, 192)"
photo_144.jpg,274,Buffalo 3,Fresh,"(174, 194, 192)"
photo_145.jpg,276,Buffalo 3,Fresh,"(174, 194, 191)"
photo_146.jpg,278,Buffalo 3,Fresh,"(174, 195, 192)"
photo_147.jpg,280,Buffalo 3,Fresh,"(175, 195, 191)"
photo_148.jpg,282,Buffalo 3,Fresh,"(175, 195, 191)"
photo_149.jpg,284,Buffalo 3,Fresh,"(176, 195, 191)"
photo_150.jpg,286,Buffalo 3,Fresh,"(176, 196, 191)"
photo_151.jpg,288,Buffalo 3,Fresh,"(177, 195, 192)"
photo_152.jpg,290,Buffalo 3,Fresh,"(177, 196, 191)"
photo_153.jpg,292,Buffalo 3,Fresh,"(177, 196, 191)"
photo_154.jpg,294,Buffalo 3,Fresh,"(178, 196, 191)"
photo_155.jpg,296,Buffalo 3,Fresh,"(178, 196, 191)"
photo_156.jpg,298,Buffalo 3,Fresh,"(178, 196, 191)"
photo_157.jpg,300,Buffalo 3,Fresh,"(179, 197, 191)"
photo_158.jpg,302,Buffalo 3,Fresh,"(179, 197, 191)"
photo_159.jpg,304,Buffalo 3,Fresh,"(179, 197, 191)"
photo_160.jpg,306,Buffalo 3,Fresh,"(180, 197, 191)"
photo_161.jpg,308,Buffalo 3,Fresh,"(180, 197, 191)"
photo_162.jpg,310,Buffalo 3,Fresh,"(180, 197, 191)"
photo_163.jpg,312,Buffalo 3,Fresh,"(181, 197, 191)"
photo_164.jpg,314,Buffalo 3,Fresh,"(181, 198, 191)"
photo_165.jpg,316,Buffalo 3,Fresh,"(181, 198, 191)"
photo_166.jpg,318,Buffalo 3,Fresh,"(182, 198, 191)"
photo_167.jpg,320,Buffalo 3,Fresh,"(182, 198, 191)"
photo_168.jpg,322,Buffalo 3,Fresh,"(182, 198, 191)"
photo_169.jpg,324,Buffalo 3,Fresh,"(183, 198, 191)"
photo_170.jpg,326,Buffalo 3,Fresh,"(183, 198, 191)"
photo_171.jpg,328,Buffalo 3,Fresh,"(183, 198, 191)"
photo_172.jpg,330,Buffalo 3,Fresh,"(183, 198, 191)"
photo_173.jpg,332,Buffalo 3,Fresh,"(183, 199, 191)"
photo_174.jpg,334,Buffalo 3,Fresh,"(184, 199, 191)"
photo_175.jpg,336,Buffalo 3,Fresh,"(184, 199, 191)"
photo_176.jpg,338,Buffalo 3,Fresh,"(184, 199, 191)"
photo_177.jpg,340,Buffalo 3,Fresh,"(185, 199, 191)"
photo_178.jpg,342,Buffalo 3,Fresh,"(185, 199, 191)"
photo_179.jpg,344,Buffalo 3,Fresh,"(185, 199, 191)"
photo_180.jpg,346,Buffalo 3,Fresh,"(185, 199, 191)"
photo_181.jpg,348,Buffalo 3,Fresh,"(186, 199, 191)"
photo_182.jpg,350,Buffalo 3,Fresh,"(186, 199, 191)"
photo_183.jpg,352,Buffalo 3,Fresh,"(186, 199, 191)"
photo_184.jpg,354,Buffalo 3,Fresh,"(187, 199, 191)"
photo_185.jpg,356,Buffalo 3,Fresh,"(187, 199, 191)"
photo_186.jpg,358,Buffalo 3,Fresh,"(187, 200, 191)"
photo_187.jpg,360,Buffalo 3,Fresh,"(186, 200, 191)"
photo_188.jpg,362,Buffalo 3,Fresh,"(186, 200, 191)"
photo_189.jpg,364,Buffalo 3,Fresh,"(186, 200, 191)"
photo_190.jpg,366,Buffalo 3,Fresh,"(186, 200, 191)"
photo_191.jpg,368,Buffalo 3,Fresh,"(186, 200, 192)"
photo_193.jpg,370,Buffalo 3,Fresh,"(187, 200, 191)"
photo_194.jpg,372,Buffalo 3,Fresh,"(187, 201, 191)"
photo_195.jpg,374,Buffalo 3,Fresh,"(187, 200, 191)"
photo_196.jpg,376,Buffalo 3,Fresh,"(187, 201, 191)"
photo_197.jpg,378,Buffalo 3,Fresh,"(188, 201, 191)"
photo_198.jpg,380,Buffalo 3,Fresh,"(188, 201, 191)"
photo_199.jpg,382,Buffalo 3,Fresh,"(188, 201, 191)"
photo_200.jpg,384,Buffalo 3,Fresh,"(188, 201, 191)"
photo_201.jpg,386,Buffalo 3,Fresh,"(188, 201, 191)"
photo_202.jpg,388,Buffalo 3,Fresh,"(189, 201, 191)"
photo_203.jpg,390,Buffalo 3,Fresh,"(189, 201, 191)"
photo_205.jpg,392,Buffalo 3,Fresh,"(189, 201, 191)"
photo_206.jpg,394,Buffalo 3,Fresh,"(189, 201, 191)"
photo_207.jpg,396,Buffalo 3,Fresh,"(189, 201, 191)"
photo_208.jpg,398,Buffalo 3,Fresh,"(190, 201, 191)"
photo_209.jpg,400,Buffalo 3,Fresh,"(190, 201, 191)"
photo_210.jpg,402,Buffalo 3,Fresh,"(190, 201, 191)"
photo_211.jpg,404,Buffalo 3,Fresh,"(190, 202, 190)"
photo_212.jpg,406,Buffalo 3,Fresh,"(191, 201, 191)"
photo_213.jpg,408,Buffalo 3,Fresh,"(191, 201, 191)"
photo_214.jpg,410,Buffalo 3,Fresh,"(191, 201, 190)"
photo_215.jpg,412,Buffalo 3,Fresh,"(191, 201, 190)"
photo_216.jpg,414,Buffalo 3,Fresh,"(191, 202, 191)"
photo_217.jpg,416,Buffalo 3,Fresh,"(191, 202, 190)"
photo_218.jpg,418,Buffalo 3,Fresh,"(191, 202, 191)"
photo_219.jpg,420,Buffalo 3,Fresh,"(192, 202, 190)"
photo_220.jpg,422,Buffalo 3,Fresh,"(192, 202, 190)"
photo_221.jpg,424,Buffalo 3,Fresh,"(192, 202, 190)"
photo_222.jpg,426,Buffalo 3,Fresh,"(192, 202, 190)"
photo_223.jpg,428,Buffalo 3,Fresh,"(192, 202, 190)"
photo_224.jpg,430,Buffalo 3,Fresh,"(192, 202, 191)"
photo_225.jpg,432,Buffalo 3,Fresh,"(193, 202, 190)"
photo_226.jpg,434,Buffalo 3,Fresh,"(193, 202, 190)"
photo_227.jpg,436,Buffalo 3,Fresh,"(193, 202, 190)"
photo_229.jpg,438,Buffalo 3,Fresh,"(193, 203, 190)"
photo_230.jpg,440,Buffalo 3,Fresh,"(193, 202, 191)"
photo_231.jpg,442,Buffalo 3,Fresh,"(193, 203, 190)"
photo_232.jpg,444,Buffalo 3,Fresh,"(194, 202, 191)"
photo_233.jpg,446,Buffalo 3,Fresh,"(194, 203, 190)"
photo_234.jpg,448,Buffalo 3,Fresh,"(194, 203, 190)"
photo_235.jpg,450,Buffalo 3,Fresh,"(194, 203, 191)"
photo_236.jpg,452,Buffalo 3,Fresh,"(194, 202, 191)"
photo_237.jpg,454,Buffalo 3,Fresh,"(194, 203, 190)"
photo_238.jpg,456,Buffalo 3,Fresh,"(194, 203, 190)"
photo_239.jpg,458,Buffalo 3,Fresh,"(194, 203, 190)"
photo_240.jpg,460,Buffalo 3,Fresh,"(195, 203, 190)"
photo_241.jpg,462,Buffalo 3,Fresh,"(194, 203, 190)"
photo_242.jpg,464,Buffalo 3,Fresh,"(195, 203, 190)"
photo_243.jpg,466,Buffalo 3,Fresh,"(194, 203, 190)"
photo_244.jpg,468,Buffalo 3,Fresh,"(195, 203, 190)"
photo_245.jpg,470,Buffalo 3,Fresh,"(195, 203, 190)"
